I'm at 大塚駅 in 豊島区 東京都 https://t.co/XeiuzOMCaN,2016-08-01 06:09:51,
I'm at 大塚駅 - @jreast_official in 豊島区 東京都 https://t.co/yzS8yqbutC,2016-08-01 06:11:57,
バイトおわり (@ 大塚駅 - @jreast_official in 豊島区 東京都) https://t.co/BVbNJezYMR,2016-08-01 07:23:12,
おつか〜 (@ 大塚駅 - @jreast_official in 豊島区 東京都) https://t.co/QW6HIpWX0b,2016-08-01 12:43:47,
I'm at 大塚駅 - @jreast_official in 豊島区 東京都 https://t.co/aPgbKA5vVR,2016-08-01 17:01:55,
I'm at JR大塚駅 1-2番ホーム https://t.co/zPOAlvGOHM,2016-08-01 18:32:59,
I'm at 大塚駅 - @jreast_official in 豊島区 東京都 https://t.co/CdGaQGsChU,2016-08-02 06:10:19,
@rei6tamu ゴルフボール,2016-08-02 12:02:20,
降 (@ 大塚駅 - @jreast_official in 豊島区 東京都) https://t.co/9tdm1bKgmT,2016-08-02 18:52:19,
3号車自撮り中の降車妨害クソ女2人組轢かれて死ね (@ 大塚駅 - @jreast_official in 豊島区 東京都) https://t.co/NvXv2IsrRy,2016-08-02 21:49:27,
I'm at NEWDAYS 大塚 - @newdays_jp in 豊島区 東京都 https://t.co/aSeD8o28e1,2016-08-02 21:49:34,
乗  #REIたん界隈 (@ 大塚駅 - @jreast_official in 豊島区 東京都 w/ @kazusa2016r) https://t.co/KtR6DvD748,2016-08-02 23:10:33,
I'm at 大塚駅 - @jreast_official in 豊島区 東京都 https://t.co/wOW6A8ZZCr,2016-08-03 06:11:02,
I'm at 大塚駅 - @jreast_official in 豊島区 東京都 https://t.co/Ibv8OMlFik,2016-08-03 08:21:45,
I'm at 大塚駅 - @jreast_official in 豊島区 東京都 https://t.co/djSxgey7L1,2016-08-03 08:47:11,
I'm at 大塚駅 in 豊島区 東京都 https://t.co/mxKt2uXjJF,2016-08-03 09:38:08,
I'm at 大塚駅 - @jreast_official in 豊島区 東京都 https://t.co/OIsnWPs6XJ,2016-08-03 10:36:36,
I'm at 大塚駅 - @jreast_official in 豊島区 東京都 https://t.co/gGgJhM1zjD,2016-08-03 11:40:03,
I'm at 大塚駅 - @jreast_official in 豊島区 東京都 https://t.co/ZmUFFKZG0C,2016-08-03 15:28:06,
(・∀・) (@ 大塚駅 - @jreast_official in 豊島区 東京都) https://t.co/haueBhVq6w,2016-08-03 16:26:25,
I'm at 大塚駅 - @jreast_official in 豊島区 東京都 https://t.co/n9OHDjbSXx https://t.co/SbxzVlF7vr,2016-08-03 17:17:22,
アゴのほんの微妙な角度で、呼吸の深浅が変わるなぁ?山手線車中にて。 at JR大塚駅 1-2番ホーム https://t.co/ahvGBqa7E8,2016-08-03 19:07:37,
( 19:26 ) (at @Starbucks_j in 豊島区 東京都) https://t.co/w4Ak3LY2Fd,2016-08-03 19:27:07,
I'm at くいもの屋 わん 大塚店 in 豊島区 東京都 https://t.co/20U6nEZVI3,2016-08-04 00:19:16,
I'm at セブンイレブン 大塚駅北口店 - @711sej in 豊島区 東京都 https://t.co/WyRhqH8JQc,2016-08-04 01:14:38,
みゆみゆ… (@ 大塚駅 - @jreast_official in 豊島区 東京都) https://t.co/ZZHlx5FLZT,2016-08-04 06:29:19,
I'm at 大塚駅 - @jreast_official in 豊島区 東京都 https://t.co/OMoOljR0bp,2016-08-04 09:19:29,
イベント集合場所 １時間前入り (@ 大塚駅 - @jreast_official in 豊島区 東京都) https://t.co/r8uKFLbxRD,2016-08-04 18:29:04,
I'm at 大塚駅 - @jreast_official in 豊島区 東京都 https://t.co/hh3yMY9Wue,2016-08-04 18:49:02,
I'm at JR大塚駅 1-2番ホーム https://t.co/S2vDB1xihh,2016-08-04 20:18:16,
戻ります (@ 大塚駅 - @jreast_official in 豊島区 東京都) https://t.co/b1Cw63NpSO,2016-08-05 09:12:12,
I'm at 大塚駅 - @jreast_official in 豊島区 東京都 https://t.co/5XNBMsXgx1,2016-08-05 09:34:30,
I'm at 大塚駅 - @jreast_official in 豊島区 東京都 https://t.co/DNEwNggD2o,2016-08-05 16:20:27,
I'm at 大塚駅 in 豊島区 東京都 https://t.co/h6v0WPc3Lh,2016-08-05 17:24:14,
みゆみゆ (@ 大塚駅 - @jreast_official in 豊島区 東京都) https://t.co/BBWnCd0aYG,2016-08-05 19:35:21,
仙台通路3列目の某 (@ 大塚駅 in 豊島区 東京都) https://t.co/ULYEYXMes4,2016-08-05 22:39:24,
I'm at 大塚駅 - @jreast_official in 豊島区 東京都 https://t.co/EYtDTzRa8J,2016-08-05 22:40:00,
I'm at 大塚駅 - @jreast_official in 豊島区 東京都 https://t.co/Ef3aSOe25a,2016-08-06 07:54:28,
I'm at 大塚駅 in 豊島区 東京都 https://t.co/jsZGsz5W31,2016-08-06 08:56:44,
おおつかる(?ω?) (@ 大塚駅 - @jreast_official in 豊島区 東京都) https://t.co/sY5mJtg31u,2016-08-06 09:42:40,
I'm at 大塚駅 - @jreast_official in 豊島区 東京都 https://t.co/R9aHsoPBZY,2016-08-06 11:02:48,
I'm at JR大塚駅 1-2番ホーム https://t.co/zvcuIXtZL2,2016-08-06 11:03:27,
I'm at 大塚駅 - @jreast_official in 豊島区 東京都 https://t.co/RWkGsJycpz,2016-08-06 15:08:14,
I'm at 大塚駅 - @jreast_official in 豊島区 東京都 https://t.co/EeRLEN1fqh,2016-08-06 18:04:14,
望由…ぼくだよ… (@ 大塚駅 in 豊島区 東京都) https://t.co/7iFbVSMEcl,2016-08-06 21:32:53,
I'm at 大塚駅 - @jreast_official in 豊島区 東京都 https://t.co/9xoVYLfGlz,2016-08-06 22:38:19,
I'm at アトレヴィ大塚 in 豊島区 東京都 https://t.co/7faMz8LsQE,2016-08-07 07:15:51,
I'm at 大塚駅 - @jreast_official in 豊島区 東京都 https://t.co/pTxt6cLBbl,2016-08-07 07:15:59,
I'm at 大塚駅 - @jreast_official in 豊島区 東京都 https://t.co/x4MeXfEfg9,2016-08-07 10:11:22,
I'm at 大塚駅 - @jreast_official in 豊島区 東京都 https://t.co/D0s0xWdDSC https://t.co/WtATzHNYBw,2016-08-07 10:24:04,
I'm at 大塚駅 - @jreast_official in 豊島区 東京都 https://t.co/HjTVXbGxc9,2016-08-07 11:02:24,
I'm at 大塚駅 - @jreast_official in 豊島区 東京都 https://t.co/OcGrPYdnEb,2016-08-07 11:29:46,
I'm at 大塚駅 - @jreast_official in 豊島区 東京都 https://t.co/MshZ39Urk2,2016-08-07 15:31:46,
I'm at 大塚駅 - @jreast_official in 豊島区 東京都 https://t.co/UJWzSAl4Zc,2016-08-07 16:46:12,
I'm at 大塚駅 - @jreast_official in 豊島区 東京都 https://t.co/8WvEYpe0pQ,2016-08-07 19:24:01,
I'm at 大塚駅 - @jreast_official in 豊島区 東京都 https://t.co/iNV3mZVfcB,2016-08-08 06:07:42,
I'm at 大塚駅 - @jreast_official in 豊島区 東京都 https://t.co/JsuzGoCpZ1,2016-08-08 18:55:31,
I'm at 大塚駅 - @jreast_official in 豊島区 東京都 https://t.co/mijulREBkx,2016-08-09 06:09:20,
I'm at 大塚駅 - @jreast_official in 豊島区 東京都 https://t.co/WUKkFaVm1j,2016-08-09 19:02:57,
I'm at JR大塚駅 1-2番ホーム https://t.co/fSKxdW55mS,2016-08-09 20:45:18,
I'm at 大塚駅 - @jreast_official in 豊島区 東京都 https://t.co/e5lpBup1Wi,2016-08-10 06:10:06,
I'm at 大塚駅 - @jreast_official in 豊島区 東京都 https://t.co/TAF0YPyFbK,2016-08-10 17:14:16,
着いたーヾ(????)ﾉメガネメガネ、メガネメーガネ！ (@ 大塚駅 - @jreast_official in 豊島区 東京都) https://t.co/EZdRlgEiK8,2016-08-10 17:45:02,
I'm at 大塚駅 - @jreast_official in 豊島区 東京都 https://t.co/svaDP1BiGe,2016-08-10 18:00:42,
I'm at 大塚駅 - @jreast_official in 豊島区 東京都 https://t.co/PGmsH2DJyn,2016-08-10 18:38:26,
I'm at 大塚駅 - @jreast_official in 豊島区 東京都 https://t.co/xTONJW3VJx,2016-08-10 19:46:18,
I'm at 大塚駅 - @jreast_official in 豊島区 東京都 https://t.co/kXQ5b4t1gU,2016-08-11 00:18:58,
I'm at 大塚駅 - @jreast_official in 豊島区 東京都 https://t.co/xqnlgeDsTY,2016-08-11 06:34:07,
I'm at 大塚駅 - @jreast_official in 豊島区 東京都 https://t.co/w5W5ndplLi,2016-08-11 09:09:13,
I'm at 大塚駅 - @jreast_official in 豊島区 東京都 https://t.co/YoAr5u2SQy,2016-08-11 10:55:40,
I'm at 大塚駅 - @jreast_official in 豊島区 東京都 https://t.co/NJHc4H9jig,2016-08-11 11:10:03,
I'm at 大塚駅 - @jreast_official in 豊島区 東京都 https://t.co/Dr7CdZ77yZ,2016-08-11 13:05:07,
I'm at 大塚駅 - @jreast_official in 豊島区 東京都 https://t.co/Af1p4DEEXm,2016-08-11 14:48:59,
I'm at 大塚駅 - @jreast_official in 豊島区 東京都 https://t.co/eM7OjbGVBq,2016-08-11 16:50:38,
I'm at Otsuka Station - @jreast_official in 豊島区 東京都 https://t.co/CfzcZikaGl,2016-10-06 12:59:46,
I'm at 喜多方ラーメン坂内 小法師 大塚店 in 豊島区 東京都 https://t.co/xM4g3REOEh,2016-10-06 13:20:49,
サービスライス480 (@ 喜多方ラーメン坂内 小法師 大塚店 in 豊島区 東京都) https://t.co/G6DUWcPzaW,2016-10-06 14:47:16,
I'm at 大塚駅 - @jreast_official in 豊島区 東京都 https://t.co/ipkKD1TuP9,2016-10-06 15:21:21,
I'm at 大塚駅 - @jreast_official in 豊島区 東京都 https://t.co/iu1qtexfdb,2016-10-06 16:26:45,
I'm at 大塚駅 - @jreast_official in 豊島区 東京都 https://t.co/cVLtSw4zZy,2016-10-06 17:34:39,
I'm at JR 大塚駅 1-2番線ホーム https://t.co/YciuDnXlvl,2016-10-06 19:43:11,
I'm at 大塚駅 - @jreast_official in 豊島区 東京都 https://t.co/eiTZBTQAe7,2016-10-06 21:11:57,
マアアアアアアアアアアーーーー,2016-10-06 21:52:41,
I'm at 大塚駅 - @jreast_official in 豊島区 東京都 https://t.co/Wq1WN6RGw5,2016-10-07 00:07:04,
I'm at 大塚駅 - @jreast_official in 豊島区 東京都 https://t.co/7fVeBJjbXw,2016-10-07 06:26:31,
I'm at 大塚駅 - @jreast_official in 豊島区 東京都 https://t.co/8s4AFi8oCO,2016-10-07 06:40:18,
I'm at NEWDAYS 大塚 - @newdays_jp in 豊島区 東京都 https://t.co/5Oa3QUOxbl,2016-10-07 07:04:17,
I'm at 大塚駅 - @jreast_official in 豊島区 東京都 https://t.co/pAz5nJI1RC,2016-10-07 07:04:28,
I'm at 大塚駅 - @jreast_official in 豊島区 東京都 https://t.co/sCR3i9dDNQ,2016-10-07 08:18:24,
I'm at 大塚駅 - @jreast_official in 豊島区 東京都 https://t.co/ONHXo6W8lD,2016-10-07 08:32:57,
一昨日ゲロ吐いた駅 (@ 大塚駅 - @jreast_official in 豊島区 東京都) https://t.co/U1s8WAqWHL,2016-10-07 08:58:27,
I'm at 大塚駅 - @jreast_official in 豊島区 東京都 https://t.co/cxRwYRhTbN,2016-10-07 14:53:25,
I'm at 大塚駅 - @jreast_official in 豊島区 東京都 https://t.co/qVQ2EXw90V,2016-10-07 18:12:25,
I'm at 大塚駅 in 豊島区 東京都 https://t.co/UAnVBVtX77,2016-10-07 18:52:46,
I'm at 大塚駅 - @jreast_official in 豊島区 東京都 https://t.co/PlhZjYXf9i,2016-10-07 19:47:11,
退勤 (@ 大塚駅 - @jreast_official in 豊島区 東京都) https://t.co/MEiukmLVOr,2016-10-07 21:10:45,
I'm at 大塚駅 - @jreast_official in 豊島区 東京都 https://t.co/XgQRvDMnPm,2016-10-07 21:51:47,
I'm at 大塚駅 - @jreast_official in 豊島区 東京都 https://t.co/yBAoBy60rb,2016-10-08 04:29:23,
I'm at アトレヴィ大塚 in 豊島区 東京都 https://t.co/VHIJQStd2r,2016-10-08 06:26:27,
I'm at JR 大塚駅 1-2番線ホーム https://t.co/Vtjm6OeOWK,2016-10-08 10:07:20,
I'm at 大塚駅 - @jreast_official in 豊島区 東京都 https://t.co/fSaVYEiUiE,2016-10-08 13:23:31,
I'm at JR 大塚駅 1-2番線ホーム https://t.co/aYdUqMgZdF,2016-10-08 14:47:19,
I'm at 大塚駅 - @jreast_official in 豊島区 東京都 https://t.co/PG3io3PzRj,2016-10-08 15:54:44,
I'm at JR 大塚駅 1-2番線ホーム https://t.co/R9HHjKkGD0,2016-10-08 15:54:55,
I'm at ビアードパパの作りたて工房 アトレヴィ大塚店 in 豊島区 東京都 https://t.co/qKlPIKhbR8,2016-10-08 17:55:30,
I'm at Starbucks Coffee 大塚駅前店 - @starbucks_j in 豊島区 東京都 https://t.co/dflk5R9dAC,2016-10-08 19:28:32,
おつかー (@ 大塚駅 - @jreast_official in 豊島区 東京都) https://t.co/wsHAcuGfEi,2016-10-08 23:42:11,
I'm at 大塚駅 - @jreast_official in 豊島区 東京都 w/ @__nasuka https://t.co/XBK4nyR89Z,2016-10-08 23:42:34,
ねみいなあ (@ 大塚駅 - @jreast_official in 豊島区 東京都) https://t.co/YtS0yKDqLv,2016-10-09 05:19:01,
I'm at 大塚駅 - @jreast_official in 豊島区 東京都 https://t.co/Y9PvmXAAjS,2016-10-09 07:22:18,
I'm at 大塚駅 - @jreast_official in 豊島区 東京都 https://t.co/Usxm537PzB,2016-10-09 11:24:02,
やほー！ (@ 大塚駅 - @jreast_official in 豊島区 東京都) https://t.co/ZV7az5xcDZ,2016-10-09 11:57:21,
I'm at 大塚駅 - @jreast_official in 豊島区 東京都 https://t.co/GYFratpw2J,2016-10-09 12:24:08,
I'm at 大塚駅 - @jreast_official in 豊島区 東京都 https://t.co/y9KSJQ67Qx,2016-10-09 14:08:10,
I'm at 大塚駅 - @jreast_official in 豊島区 東京都 https://t.co/EShPsmWCWc,2016-10-09 20:12:30,
お茶を購入。 (@ セブンイレブン 大塚駅北口店 - @711sej in 豊島区 東京都) https://t.co/YGAtClkCiV,2016-10-09 20:14:00,
.2016.10.09.Awesome mix… https://t.co/UWcKDv6Gm1,2016-10-09 22:58:36,
スタート (@ 大塚駅 in 豊島区 東京都) https://t.co/ZwADwzppv3,2016-10-10 04:50:59,
I'm at 大塚駅 - @jreast_official in 豊島区 東京都 https://t.co/t3h4Wg4mWg,2016-10-10 07:31:22,
I'm at 大塚駅 - @jreast_official in 豊島区 東京都 https://t.co/gydk8t4iMv,2016-10-10 10:15:01,
I'm at アトレヴィ大塚 in 豊島区 東京都 https://t.co/srdni0hVQI https://t.co/Hp1YaqFT4Q,2016-10-10 11:45:59,
ちょっと遠回りしすぎたかなぁ。。。 (@ 大塚駅 - @jreast_official in 豊島区 東京都) https://t.co/gVVfnQDO0Q,2016-10-10 11:59:26,
着いた (@ 大塚駅 - @jreast_official in 豊島区 東京都) https://t.co/qqKNl7IMrM,2016-10-10 13:49:31,
I'm at ビアードパパの作りたて工房 アトレヴィ大塚店 in 豊島区 東京都 https://t.co/iKJWtCqvfx,2016-10-10 15:08:29,
I'm at 大塚駅 - @jreast_official in 豊島区 東京都 https://t.co/9zjVWr8fXG,2016-10-10 17:08:11,
I'm at 大塚駅 - @jreast_official in 豊島区 東京都 https://t.co/zyrrKUJHw0,2016-10-10 19:25:35,
I'm at 大塚駅 - @jreast_official in 豊島区 東京都 https://t.co/aCkpSkOQjd,2016-10-10 20:24:37,
The too-cool-for-school filmmakers club in Japan @ Tokyo Otsuka https://t.co/WLPLDUtgj5,2016-10-11 07:11:58,
I'm at 大塚駅 - @jreast_official in 豊島区 東京都 https://t.co/e4grLakxoD,2016-10-11 07:12:44,
I'm at 大塚駅 - @jreast_official in 豊島区 東京都 https://t.co/6McjWuVyIz,2016-10-11 07:31:21,
降 (@ 大塚駅 - @jreast_official in 豊島区 東京都) https://t.co/42mkS1hz03,2016-10-11 18:04:07,
I'm at 大塚駅 - @jreast_official in 豊島区 東京都 https://t.co/XI72hEaBjY,2016-10-11 21:51:45,
乗  #REIたん界隈 (@ 大塚駅 - @jreast_official in 豊島区 東京都 w/ @kazusa2016r) https://t.co/WEdP9lzp09,2016-10-11 23:17:22,
@airjump21 一発ガツンと言ってやってくださいよ??,2016-10-12 00:36:52,
I'm at 大塚駅 - @jreast_official in 豊島区 東京都 https://t.co/WGvcm527sB,2016-10-12 06:13:32,
I'm at NEWDAYS 大塚 - @newdays_jp in 豊島区 東京都 https://t.co/sktIVeA0js,2016-10-12 07:14:07,
I'm at 大塚駅 - @jreast_official in 豊島区 東京都 https://t.co/DtnWBeFLys,2016-10-12 07:14:10,
I'm at 大塚駅 - @jreast_official in 豊島区 東京都 https://t.co/vknRIYD3Uo,2016-10-12 07:26:14,
I'm at 大塚駅 - @jreast_official in 豊島区 東京都 https://t.co/9R9MH3vPPv,2016-10-12 10:45:59,
I'm at JR 大塚駅 1-2番線ホーム https://t.co/76Yt5CybJl,2016-10-12 12:26:21,
I'm at 大塚駅 - @jreast_official in 豊島区 東京都 https://t.co/g7TNAKkbqC,2016-10-12 12:40:03,
千住 (@ 大塚駅 - @jreast_official in 豊島区 東京都) https://t.co/mov6J0NsPy,2016-10-12 17:33:40,
Deepa向かう。 (@ 大塚駅 - @jreast_official in 豊島区 東京都) https://t.co/RVWdL4u9HZ,2016-10-12 18:46:26,
I'm at 大塚駅 - @jreast_official in 豊島区 東京都 https://t.co/amGm941CEN,2016-10-12 21:51:40,
ただいま (@ 大塚駅 - @jreast_official in 豊島区 東京都) https://t.co/lWPDhKVzd8,2016-10-12 23:35:41,
I'm at JR 大塚駅 1-2番線ホーム https://t.co/yjdsmJUSmu,2016-10-12 23:35:53,
I'm at 大塚駅 - @jreast_official in 豊島区 東京都 https://t.co/vi9Gmz8eaN,2016-10-13 07:52:25,
I'm at 大塚駅 - @jreast_official in 豊島区 東京都 https://t.co/lShxN5Depg,2016-10-13 09:24:07,
医者に寄って帰ります (@ 大塚駅 - @jreast_official in 豊島区 東京都) https://t.co/9MWJ1pQOL8,2016-10-13 17:48:47,
I'm at 大塚駅 - @jreast_official in 豊島区 東京都 https://t.co/2QHs6c2mSK,2016-10-13 21:17:02,
I'm at JR 大塚駅 1-2番線ホーム https://t.co/B5rJagrnaV,2016-10-13 23:55:11,
I'm at 大塚駅 - @jreast_official in 豊島区 東京都 https://t.co/mbQv6l9HDA,2016-10-14 06:57:16,
I'm at 大塚駅 - @jreast_official in 豊島区 東京都 https://t.co/NpULIhoL7y,2016-10-14 09:42:26,
I'm at 大塚駅 in 豊島区 東京都 https://t.co/bmiPFUIB29,2016-10-14 18:16:53,
I'm at 大塚駅 - @jreast_official in 豊島区 東京都 https://t.co/HFWE7VWN7z,2016-10-14 19:23:29,
I'm at JR 大塚駅 1-2番線ホーム https://t.co/TXiHF0UsSx,2016-10-14 19:33:06,
I'm at 大塚駅 - @jreast_official in 豊島区 東京都 https://t.co/R7I5xpKn3A,2016-10-14 21:30:45,
I'm at 大塚駅 - @jreast_official in 豊島区 東京都 https://t.co/b1g7tx6CIm,2016-10-14 21:45:43,
家帰るのめんどくさいので都内前泊 (@ 大塚駅 - @jreast_official in 豊島区 東京都) https://t.co/AFuVMcFaIE,2016-10-14 22:43:11,
I'm at 大塚駅 - @jreast_official in 豊島区 東京都 https://t.co/Pahg15PoLC,2016-10-15 06:17:29,
出発 (@ 大塚駅 - @jreast_official in 豊島区 東京都) https://t.co/G4DoXHC72M,2016-10-15 07:31:22,
I'm at JR 大塚駅 1-2番線ホーム https://t.co/TkZYjcOpz0,2016-10-15 07:36:03,
I'm at 大塚駅 - @jreast_official in 豊島区 東京都 https://t.co/BKJn1HY3Wy,2016-10-15 07:43:30,
I'm at 大塚駅 - @jreast_official in 豊島区 東京都 https://t.co/gM9BTLFMzG,2016-10-15 09:29:14,
I'm at 大塚駅 - @jreast_official in 豊島区 東京都 https://t.co/Dhew8jAyzK,2016-10-15 10:21:39,
I'm at 大塚駅 in 豊島区 東京都 https://t.co/nsnr8YAj9v,2016-10-15 10:54:41,
I'm at 大塚駅 - @jreast_official in 豊島区 東京都 https://t.co/VdZccsKrEi,2016-10-15 12:40:21,
I'm at 大塚駅 - @jreast_official in 豊島区 東京都 https://t.co/LbDxMxoNy3,2016-10-15 16:21:33,
I'm at 大塚駅 - @jreast_official in 豊島区 東京都 https://t.co/QccvMiDXQy,2016-10-15 16:58:13,
I'm at JR 大塚駅 1-2番線ホーム https://t.co/LHpcnzZNAq,2016-10-15 18:02:49,
I'm at 大塚駅 - @jreast_official in 豊島区 東京都 https://t.co/Kn6M5VgjPY,2016-10-15 19:19:20,
I'm at 大塚駅 - @jreast_official in 豊島区 東京都 w/ @gas_p https://t.co/p5flj7BMWr,2016-10-15 19:27:52,
I'm at 大塚駅 - @jreast_official in 豊島区 東京都 https://t.co/EYQAIgMiHu,2016-10-15 19:41:08,
いけっちまじかよ…（´-`）.｡oO (@ 大塚駅 - @jreast_official in 豊島区 東京都 w/ @iketch_san) https://t.co/oddm8MElsx https://t.co/E6EtUTnmxD,2016-10-15 19:48:27,
I'm at 大塚駅 - @jreast_official in 豊島区 東京都 https://t.co/LJkouQ1OE3,2016-10-15 21:49:29,
I'm at 大塚駅 - @jreast_official in 豊島区 東京都 https://t.co/gNbObtld89,2016-10-16 06:58:18,
I'm at 大塚駅 - @jreast_official in 豊島区 東京都 https://t.co/LWm4fzzRfG,2016-10-16 07:22:03,
I'm at 大塚駅 - @jreast_official in 豊島区 東京都 https://t.co/6hkMJfAdxX,2016-10-16 18:58:58,
I'm at 大塚駅 - @jreast_official in 豊島区 東京都 https://t.co/zaRupR36lD,2016-10-16 22:00:33,
半年以上前から決まってた結婚式披露宴と一連の飲み企画終了いたしました。たくさんの人とお話しし、貴重な経験をさせていただき感謝の言葉でいっぱいだ。,2016-10-16 22:38:11,
I'm at 大塚駅 - @jreast_official in 豊島区 東京都 https://t.co/hiupuBfUEJ,2016-10-16 23:35:46,
おつかー (@ 大塚駅 - @jreast_official in 豊島区 東京都) https://t.co/Kikfe0hRb5,2016-10-17 05:34:10,
I'm at アトレヴィ大塚 in 豊島区 東京都 https://t.co/LEAUiuGm3I,2016-10-17 05:55:31,
I'm at 大塚駅 - @jreast_official in 豊島区 東京都 https://t.co/SqXBatBleS https://t.co/TEujlRVhF3,2016-10-17 05:57:02,
I'm at 大塚駅 - @jreast_official in 豊島区 東京都 https://t.co/I586WWUOIe,2016-10-17 06:11:14,
I'm at 大塚駅 in 豊島区 東京都 https://t.co/482YeMPIgd,2016-10-17 10:32:57,
I'm at 大塚駅 in 豊島区 東京都 https://t.co/JAqUU1pBew,2016-10-17 11:55:27,
堀はディッシャーに行ってください。 (@ 大塚駅 - @jreast_official in 豊島区 東京都) https://t.co/rTVxYAt7so,2016-10-17 13:27:16,
I'm at 大塚駅 - @jreast_official in 豊島区 東京都 https://t.co/BUcwVsmuG5,2016-10-17 16:20:47,
I'm at JR 大塚駅 1-2番線ホーム https://t.co/AxqnFqfzH7,2016-10-17 18:14:03,
I'm at 大塚駅 - @jreast_official in 豊島区 東京都 https://t.co/Jq3gOins7d,2016-10-18 06:11:40,
I'm at 大塚駅 - @jreast_official in 豊島区 東京都 https://t.co/cDNokTW7aW,2016-10-18 07:26:39,
I'm at 大塚駅 - @jreast_official in 豊島区 東京都 https://t.co/HMfKDPhqhT,2016-10-18 09:15:52,
I'm at 大塚駅 - @jreast_official in 豊島区 東京都 https://t.co/yMQoiUb8Ma,2016-10-18 11:28:46,
久しぶりに会社に顔出し(^_^;) (@ 大塚駅 - @jreast_official in 豊島区 東京都) https://t.co/fLhxDQY8YM,2016-10-18 12:06:05,
I'm at JR 大塚駅 1-2番線ホーム https://t.co/B1o9uX4jvp,2016-10-18 14:20:23,
I'm at 大塚駅 - @jreast_official in 豊島区 東京都 https://t.co/J1qFnVKasa,2016-10-18 17:16:56,
I'm at 大塚駅 - @jreast_official in 豊島区 東京都 https://t.co/QtDWFWp85y,2016-10-18 19:37:54,
I'm at JR 大塚駅 1-2番線ホーム https://t.co/NIwXtyvFTb,2016-10-19 00:36:28,
I'm at 大塚駅 - @jreast_official in 豊島区 東京都 https://t.co/DEThU8McXd,2016-10-19 00:36:33,
I'm at 大塚駅 - @jreast_official in 豊島区 東京都 https://t.co/lTR6zRHb8r,2016-10-19 06:09:27,
I'm at セブンイレブン 大塚駅北口店 - @711sej in 豊島区 東京都 https://t.co/OiQiFH24Bn,2016-10-19 06:13:56,
I'm at 大塚駅 - @jreast_official in 豊島区 東京都 https://t.co/T839FqOJg1,2016-10-19 06:22:54,
今朝はカレーパンにコロッケ (@ 大塚駅 - @jreast_official in 豊島区 東京都) https://t.co/8wA24unrgL https://t.co/6PgcerBZ3z,2016-10-19 09:16:07,
I'm at 大塚駅 - @jreast_official in 豊島区 東京都 https://t.co/7OQRKD7LHQ,2016-10-19 13:23:25,
I'm at JR 大塚駅 1-2番線ホーム https://t.co/M9DyMhZgr1,2016-10-19 14:30:53,
I'm at 大塚駅 - @jreast_official in 豊島区 東京都 https://t.co/95xkkyrHuR,2016-10-19 18:28:13,
I'm at アトレヴィ大塚 in 豊島区 東京都 https://t.co/vODIPYcnWc,2016-10-19 19:36:36,
I'm at 大塚駅 - @jreast_official in 豊島区 東京都 https://t.co/92G6eThpvQ,2016-10-20 06:13:22,
I'm at 大塚駅 - @jreast_official in 豊島区 東京都 https://t.co/oXY99vdvdU,2016-10-20 07:31:16,
I'm at 大塚駅 - @jreast_official in 豊島区 東京都 https://t.co/WCqFyNUiMz,2016-10-20 17:01:17,
I'm at 大塚駅 - @jreast_official in 豊島区 東京都 https://t.co/n8RyhHpuoc,2016-10-21 07:03:41,
半袖だと肌寒くなってきました。そろそろ衣替えかな。 (@ 大塚駅 - @jreast_official in 豊島区 東京都) https://t.co/jkaBcvFmVY,2016-10-21 09:03:18,
I'm at 大塚駅 - @jreast_official in 豊島区 東京都 https://t.co/g6dpG41wz0,2016-10-21 09:36:39,
I'm at 大塚駅 - @jreast_official in 豊島区 東京都 https://t.co/Fzkah1nr8s,2016-10-21 13:19:18,
I'm at アトレヴィ大塚 in 豊島区 東京都 https://t.co/grA2poLXG5,2016-10-21 13:37:48,
I'm at 大塚駅 - @jreast_official in 豊島区 東京都 https://t.co/GU5lHPuOnX,2016-10-21 13:40:05,
I'm at JR 大塚駅 1-2番線ホーム https://t.co/NjpsY9hxUJ,2016-10-21 13:40:21,
I'm at 大塚駅 - @jreast_official in 豊島区 東京都 https://t.co/ffF1RXWCuX,2016-10-21 13:46:26,
I'm at JR 大塚駅 1-2番線ホーム https://t.co/2T0ReqQQs9,2016-10-21 15:34:40,
今日は先日お亡くなりになったディズニー仲間の告別式でしたが、諸事情にて参列出来ませんでしたので、スパークリングワインで献杯させていただきま… https://t.co/MLayuqlj48,2016-10-21 17:10:48,
降りる人居なさすぎて顰蹙買った（クソ） (@ 大塚駅 - @jreast_official in 豊島区 東京都) https://t.co/bO2DIhtlRi,2016-10-21 17:53:11,
I'm at 大塚駅 - @jreast_official in 豊島区 東京都 https://t.co/oNJpdSOzXN,2016-10-21 18:36:38,
I'm at 大塚駅 - @jreast_official in 豊島区 東京都 https://t.co/LB1084KWbs,2016-10-21 21:51:24,
I'm at NEWDAYS 大塚 - @newdays_jp in 豊島区 東京都 https://t.co/Flx32yuPI5,2016-10-21 21:51:37,
??????????????????????? (@ Otsuka Station - @jreast_official in 豊島区 東京都) https://t.co/xAK1roGbWw,2016-10-21 22:19:49,
I'm at JR 大塚駅 1-2番線ホーム https://t.co/xyYkAoTZF2,2016-10-22 01:07:40,
I'm at 大塚駅 - @jreast_official in 豊島区 東京都 https://t.co/cpt6rpUQph,2016-10-22 04:28:38,
I'm at 大塚駅 - @jreast_official in 豊島区 東京都 https://t.co/z5T5WoTiU6,2016-10-22 07:02:41,
I'm at 大塚駅 - @jreast_official in 豊島区 東京都 https://t.co/b7oHdxB8Jr,2016-10-22 07:22:37,
I'm at 大塚駅 - @jreast_official in 豊島区 東京都 https://t.co/A8ICsRxwAm,2016-10-22 09:24:37,
体調がアレな感じなので来てみた (@ 山下診療所 in Toshima Tokyo T?ky? 東京都) https://t.co/ZpIkusYy3K,2016-10-22 11:18:28,
I'm at 大塚駅 - @jreast_official in 豊島区 東京都 https://t.co/3QYRtC5O1a,2016-10-22 13:08:49,
green (@ Honey's Bar 大塚店 in 豊島区 東京都) https://t.co/TIjSaItrXx,2016-10-22 13:46:48,
I'm at 大塚駅 - @jreast_official in 豊島区 東京都 https://t.co/wE5TkOGxt8,2016-10-22 16:04:24,
I'm at JR 大塚駅 1-2番線ホーム https://t.co/dyuOAb5AuZ,2016-10-22 16:04:46,
I'm at 大塚駅 - @jreast_official in 豊島区 東京都 https://t.co/RotJdeGTc2,2016-10-22 18:35:13,
I'm at 大塚駅 - @jreast_official in 豊島区 東京都 https://t.co/sVNmGRxulD,2016-10-22 19:22:02,
I'm at アトレヴィ大塚 in 豊島区 東京都 https://t.co/wS3yDjCixV,2016-10-22 20:30:24,
I'm at デリド 大塚駅店 in 豊島区 東京都 https://t.co/CxtLhfwFdm,2016-10-22 20:30:52,
I'm at 大塚駅 in 豊島区 東京都 https://t.co/qS19e7KWNU,2016-10-22 22:34:12,
I'm at 大塚駅 - @jreast_official in 豊島区 東京都 https://t.co/vTb7IuuCCL,2016-10-23 07:21:53,
I'm at 大塚駅 - @jreast_official in 豊島区 東京都 https://t.co/I35Qk2vrCG,2016-10-23 09:25:35,
I'm at 大塚駅 - @jreast_official in 豊島区 東京都 https://t.co/ze9RrAniW7,2016-10-23 09:31:40,
I'm at 大塚駅 - @jreast_official in 豊島区 東京都 https://t.co/OhVozaCxyp,2016-10-23 09:31:45,
I'm at 大塚駅 - @jreast_official in 豊島区 東京都 https://t.co/xyODofj320,2016-10-23 09:37:41,
pm1:30,2016-10-23 15:10:09,
I'm at 大塚駅 in 豊島区 東京都 https://t.co/4US5VOsMS3,2016-10-23 15:31:51,
I'm at 大塚駅 - @jreast_official in 豊島区 東京都 https://t.co/5LdpDX3fhz,2016-10-23 15:55:09,
I'm at 大塚駅 - @jreast_official in 豊島区 東京都 https://t.co/36NN0fUkyd,2016-10-23 18:45:05,
支え (@ 大塚駅 - @jreast_official in 豊島区 東京都) https://t.co/REL2m4tHYs,2016-10-23 21:11:55,
I'm at 大塚駅 - @jreast_official in 豊島区 東京都 https://t.co/gOU2xAxxT0,2016-10-24 06:12:33,
I'm at 大塚駅 - @jreast_official in 豊島区 東京都 https://t.co/LnufJMjht1,2016-10-24 07:23:56,
起きれた (@ 大塚駅 - @jreast_official in 豊島区 東京都) https://t.co/fpH6ptHyRI,2016-10-24 09:11:53,
I'm at JR 大塚駅 1-2番線ホーム https://t.co/M3C8yydJka,2016-10-24 09:13:04,
I'm at 大塚駅 in 豊島区 東京都 https://t.co/PYVjOECPgt,2016-10-24 12:21:51,
みゆちゃん (@ 大塚駅 - @jreast_official in 豊島区 東京都) https://t.co/tQ6I4ujNGm,2016-10-24 13:57:49,
I'm at 大塚駅 - @jreast_official in 豊島区 東京都 https://t.co/AIasmnxIEx,2016-10-24 16:00:28,
I'm at JR 大塚駅 1-2番線ホーム https://t.co/o1GbOPwjPE,2016-10-24 16:22:45,
I'm at 大塚駅 - @jreast_official in 豊島区 東京都 https://t.co/VdlvE4GnWZ,2016-10-24 17:31:47,
I'm at 大塚駅 - @jreast_official in 豊島区 東京都 https://t.co/Ir4OHmRbkW,2016-10-24 20:10:18,
降 (@ 大塚駅 - @jreast_official in 豊島区 東京都) https://t.co/9dUA32aKxk,2016-10-24 20:11:59,
乗  #REIたん界隈 (@ 大塚駅 - @jreast_official in 豊島区 東京都 w/ @kazusa2016r) https://t.co/4oIyATmlz6,2016-10-24 23:05:33,
#おにぎり#美味しい#新潟産#コシヒカリ#遅くまで#営業 #便利 @ 大塚  おにぎりぼんご https://t.co/UxLwS5QisM,2016-10-25 01:53:06,
I'm at 歌広場 大塚店 in 豊島区 東京都 https://t.co/GTSeAMtP7K,2016-10-25 02:20:45,
I'm at 大塚駅 - @jreast_official in 豊島区 東京都 https://t.co/8BLiRebKhY,2016-10-25 06:12:33,
I'm at 大塚駅 - @jreast_official in 豊島区 東京都 https://t.co/jaY2OpqLey,2016-10-25 11:52:43,
I'm at 大塚駅 - @jreast_official in 豊島区 東京都 https://t.co/xlod6cm673,2016-10-25 18:36:16,
だいぶ前だけど〜女バスマネ会,2016-10-25 21:10:30,
I'm at 大塚駅 - @jreast_official in 豊島区 東京都 https://t.co/yNdQKQS8Tf,2016-10-25 21:51:07,
I'm at JR 大塚駅 1-2番線ホーム https://t.co/fzb4hS2jrr,2016-10-25 23:00:49,
I'm at 大塚駅 - @jreast_official in 豊島区 東京都 https://t.co/O6QAlp5JVH,2016-10-26 00:06:53,
I'm at 大塚駅 - @jreast_official in 豊島区 東京都 https://t.co/oP0Fn75KUr,2016-10-26 06:11:28,
I'm at アトレヴィ大塚 in 豊島区 東京都 https://t.co/6854tIdzce,2016-10-26 06:21:27,
I'm at 大塚駅 - @jreast_official in 豊島区 東京都 https://t.co/9TYidyiGyW,2016-10-26 06:39:30,
航空界のレジェンド、ボブ・フーバー氏が亡くなられてしまった(T-T)数年前にリノでお会いできたときは車椅子でしたが元気だったのに！お悔やみ申し上げます。,2016-10-26 08:52:17,
I'm at 大塚駅 - @jreast_official in 豊島区 東京都 https://t.co/vMO2NtAQr5,2016-10-26 10:18:43,
I'm at 大塚駅 - @jreast_official in 豊島区 東京都 https://t.co/EfaE2MOxbq,2016-10-26 11:26:10,
I'm at JR 大塚駅 1-2番線ホーム https://t.co/i0qJWJqQSQ,2016-10-26 11:26:44,
I'm at 大塚駅 - @jreast_official in 豊島区 東京都 https://t.co/XTcc3B4s4t,2016-10-26 16:40:11,
I'm at Otsuka Station - @jreast_official in 豊島区 東京都 https://t.co/wQtMDzkCRT,2016-10-26 22:43:10,
I'm at 大塚駅 - @jreast_official in 豊島区 東京都 https://t.co/UigRGYAe9l,2016-10-26 23:23:25,
I'm at 大塚駅 - @jreast_official in 豊島区 東京都 https://t.co/yJLjgqSiKj,2016-10-27 05:47:50,
I'm at 大塚駅 - @jreast_official in 豊島区 東京都 https://t.co/AsyjJAWgEA,2016-10-27 06:59:50,
I'm at 大塚駅 - @jreast_official in 豊島区 東京都 https://t.co/77CK4GVdje,2016-10-27 08:52:15,
I'm at JR 大塚駅 1-2番線ホーム https://t.co/1jqGmdWqmQ,2016-10-27 08:53:21,
I'm at 大塚駅 - @jreast_official in 豊島区 東京都 https://t.co/WuMZ83e1jO,2016-10-27 19:54:11,
I'm at 大塚駅 - @jreast_official in 豊島区 東京都 https://t.co/n6c192zmUX,2016-10-27 21:51:55,
I'm at NEWDAYS 大塚 - @newdays_jp in 豊島区 東京都 https://t.co/aNuQMRF60m,2016-10-27 21:52:05,
I'm at 大塚駅 - @jreast_official in 豊島区 東京都 https://t.co/CcXfbcjkC2,2016-10-28 00:28:08,
I'm at JR 大塚駅 1-2番線ホーム https://t.co/seHHdDXsIs,2016-10-28 00:28:20,
I'm at 大塚駅 - @jreast_official in 豊島区 東京都 https://t.co/lliweuaj2o,2016-10-28 06:09:40,
I'm at 大塚駅 - @jreast_official in 豊島区 東京都 https://t.co/wIkjRLUJSR,2016-10-28 06:53:43,
I'm at 大塚駅 - @jreast_official in 豊島区 東京都 https://t.co/UHt4bFeKB9,2016-10-28 12:11:05,
誕生日プレゼントありがとう,2016-10-28 12:18:40,
でらさむい (@ 大塚駅 - @jreast_official in 豊島区 東京都) https://t.co/1o1wklUxed,2016-10-28 14:02:12,
I'm at 大塚駅 - @jreast_official in 豊島区 東京都 https://t.co/0HWyYE7rev,2016-10-28 15:32:51,
I'm at JR 大塚駅 1-2番線ホーム https://t.co/jq1sV5d20k,2016-10-28 17:58:50,
I'm at 大塚駅 - @jreast_official in 豊島区 東京都 https://t.co/dTouKUJ3WE,2016-10-29 07:06:26,
I'm at 大塚駅 - @jreast_official in 豊島区 東京都 https://t.co/PIQ0L3mvaQ,2016-10-29 07:30:38,
I'm at 大塚駅 - @jreast_official in 豊島区 東京都 https://t.co/GK29NbM6Ru,2016-10-29 08:26:17,
I'm at 大塚駅 in 豊島区 東京都 https://t.co/bGcO6EzUBh,2016-10-29 08:39:14,
I'm at 大塚駅 - @jreast_official in 豊島区 東京都 https://t.co/ENLEsEwNUI,2016-10-29 08:59:46,
I'm at 大塚駅 - @jreast_official in 豊島区 東京都 https://t.co/o4cRamhTkf,2016-10-29 10:49:01,
I'm at JR 大塚駅 1-2番線ホーム https://t.co/cDuDm3mrtA,2016-10-29 10:58:08,
I'm at 大塚駅 - @jreast_official in 豊島区 東京都 https://t.co/C1tyE1ZSLa,2016-10-29 14:44:39,
I'm at JR 大塚駅 1-2番線ホーム https://t.co/qZc6MMX59e,2016-10-29 14:44:51,
みゆみゆ〜 (@ 大塚駅 - @jreast_official in 豊島区 東京都) https://t.co/utzoEdxXl3,2016-10-29 19:09:40,
I'm at アトレヴィ大塚 in 豊島区 東京都 https://t.co/Jr8V0JG3tk,2016-10-30 05:55:31,
I'm at 大塚駅 - @jreast_official in 豊島区 東京都 https://t.co/RAZJyTWqld,2016-10-30 07:29:36,
大塚美容形成外科ってベタ過ぎて (@ 大塚駅 - @jreast_official in 豊島区 東京都) https://t.co/J6Ezb0lZr3 https://t.co/HbcgY0jND9,2016-10-30 10:00:45,
諸々終わったらふろろんできるのか(爆) (@ ジェクサー・フィットネス&amp;スパ大塚 in 豊島区) https://t.co/5nWI3LWx0x,2016-10-30 10:02:28,
てきとう (@ 大塚駅 - @jreast_official in 豊島区 東京都) https://t.co/NB4Lwsxrg1,2016-10-30 10:54:25,
スタバが空いてない (@ アトレヴィ大塚 in 豊島区 東京都) https://t.co/IqHQ24XvQ6,2016-10-30 15:16:07,
緯度:35.731729経度:139.728281場所:〒170-0005 東京都豊島区南大塚３丁目３３−１,2016-10-30 16:16:58,
I'm at 大塚駅 - @jreast_official in 豊島区 東京都 https://t.co/R6rZgi9AEt,2016-10-30 16:22:03,
ようやく (@ 大塚駅 - @jreast_official in 豊島区 東京都) https://t.co/HAz1eIyc1l,2016-10-30 17:43:22,
I'm at Otsuka Station - @jreast_official in 豊島区 東京都 https://t.co/xbDLBq4Zai,2016-10-30 18:36:21,
I'm at 大塚駅 - @jreast_official in 豊島区 東京都 https://t.co/32pjviQLmI https://t.co/IJPnSuYhqe,2016-10-30 18:54:00,
I'm at 大塚駅 - @jreast_official in 豊島区 東京都 https://t.co/y3agbjNuwD,2016-10-30 18:58:12,
Happy Halloween か… (@ アトレヴィ大塚 in 豊島区 東京都) https://t.co/eiYnd07MvM,2016-10-30 19:04:30,
帰宅チャレンジ (@ 大塚駅 - @jreast_official in 豊島区 東京都) https://t.co/w853bCRoYV,2016-10-30 21:25:27,
I'm at 大塚駅 - @jreast_official in 豊島区 東京都 https://t.co/MIXwpQpQeH,2016-10-30 22:28:46,
I'm at 大塚駅 - @jreast_official in 豊島区 東京都 https://t.co/6TZApYmL7A,2016-10-30 23:40:52,
I'm at 大塚駅 - @jreast_official in 豊島区 東京都 https://t.co/fKWW9KKwij,2016-10-31 07:49:41,
トイレ (@ 大塚駅 - @jreast_official in 豊島区 東京都) https://t.co/U2yl0Aii3k,2016-10-31 16:17:02,
I'm at 大塚駅 - @jreast_official in 豊島区 東京都 https://t.co/FfHQjDeocO,2016-10-31 16:26:13,
I'm at JR 大塚駅 1-2番線ホーム https://t.co/1XOy36eIj9,2016-10-31 16:51:23,
I'm at 大塚駅 - @jreast_official in 豊島区 東京都 https://t.co/bIIlAKuqJP,2016-10-31 17:06:59,
I'm at JR 大塚駅 1-2番線ホーム https://t.co/kZI1zT4SOq,2016-10-31 20:21:54,
I'm at 大塚駅 - @jreast_official in 豊島区 東京都 https://t.co/fjdqYombvb,2016-10-31 21:52:09,
I'm at 大塚駅 - @jreast_official in 豊島区 東京都 https://t.co/4tSqY7sV50,2016-10-31 22:00:18,
I'm at セブンイレブン 大塚駅北口店 - @711sej in 豊島区 東京都 https://t.co/2PvlqvB691,2016-10-31 22:00:38,
