I'm at 西日暮里駅 in 荒川区 東京都 https://t.co/oeSXGufWc1,2016-08-01 07:54:47,
I'm at 千代田線 西日暮里駅 - @c_line_info in 荒川区 東京都 https://t.co/TTxi8GGpI0,2016-08-01 12:40:04,
I'm at 西日暮里駅 in 荒川区 東京都 https://t.co/9FSHvy9M2V,2016-08-01 12:40:18,
I'm at JR 西日暮里駅 - @jreast_official in 荒川区 東京都 https://t.co/bNispi304t,2016-08-01 12:42:09,
今日はこの辺で仕事。 @ Nishi-Nippori Station https://t.co/8cDLnevY1E,2016-08-01 17:23:16,
I'm at JR 西日暮里駅 1-2番線ホーム - @jreast_official in 荒川区 東京都 https://t.co/8daNOclgDd,2016-08-01 18:53:38,
I'm at 千代田線 西日暮里駅 in 荒川区 東京都 https://t.co/gDNzVaz08h,2016-08-01 19:23:45,
I'm at 西日暮里駅 in 荒川区 東京都 https://t.co/bB8SRpHbw6,2016-08-01 21:34:35,
I'm at 千代田線 西日暮里駅 - @c_line_info in 荒川区 東京都 https://t.co/9JRsp5gG3R,2016-08-02 13:52:10,
I'm at Nishi-nippori Station in 荒川区 東京都 https://t.co/MA1uBofGo8,2016-08-02 15:29:35,
I'm at 西日暮里駅 in 荒川区 東京都 https://t.co/zMjEQt7S3s,2016-08-02 16:53:12,
I'm at 西日暮里駅 in 荒川区 東京都 https://t.co/NYDrjGskpf,2016-08-02 21:14:10,
I'm at JR 西日暮里駅 3-4番線ホーム - @jreast_official in 荒川区 東京都 https://t.co/knPJds3VwL,2016-08-02 21:42:06,
I'm at 西日暮里駅 in 荒川区 東京都 https://t.co/xtbfIscylV,2016-08-03 07:53:08,
I'm at 西日暮里駅 in 荒川区 東京都 https://t.co/v2u2v5htNr,2016-08-03 08:55:23,
#息子#サッカー#サマーキャンプ#合宿#一泊二日#ユアササッカークラブ#お弁当#先生の足で遊ぶ#いってらっしゃい#楽しんで来てね @ Nishi-Nippori Station https://t.co/CUtKhlSP7F,2016-08-03 08:57:22,
I'm at 西日暮里駅 in 荒川区 東京都 https://t.co/rOW1Hsmb2i,2016-08-03 09:29:40,
wwwwwwwwwwwwwwwwwwwwwwwwwwwwwwwwwwwwwwwwwwwwwwwwwwwwwwwwwwwwwwwwwwwwwwwwwwwwwwwwwwwwwwww (@ 西日暮里駅 in 荒川区 東京都) https://t.co/QZHxcb63Bx,2016-08-03 10:44:54,
I'm at 西日暮里駅 in 荒川区 東京都 https://t.co/MQeBD3knec,2016-08-03 12:33:51,
I'm at 西日暮里駅 in 荒川区 東京都 https://t.co/SfEhF0juHA,2016-08-03 14:28:31,
I'm at 西日暮里駅 in 荒川区 東京都 https://t.co/Oj4bqukB1k,2016-08-03 15:44:24,
I'm at 西日暮里駅 in 荒川区 東京都 https://t.co/Rua1nDAteV,2016-08-03 18:17:11,
I'm at 西日暮里駅 in 荒川区 東京都 https://t.co/pLpAHdNWgC,2016-08-03 18:40:02,
東京に帰ってきた (@ JR 西日暮里駅 - @jreast_official in 荒川区 東京都) https://t.co/YJ0MerVoJQ,2016-08-03 20:56:03,
I'm at 西日暮里駅 in 荒川区 東京都 https://t.co/R4tfdrMMvs,2016-08-04 16:02:02,
I'm at 西日暮里駅 in 荒川区 東京都 https://t.co/u0FZYKADMp,2016-08-04 17:31:43,
I'm at 西日暮里駅 in 荒川区 東京都 https://t.co/IUQQ0Ln3yA,2016-08-04 18:04:55,
I'm at JR 山手線 西日暮里駅 in 荒川区 東京都 https://t.co/XsotU10AZH,2016-08-04 18:37:58,
I'm at 西日暮里駅 in 荒川区 東京都 https://t.co/dyHI6oe14N,2016-08-04 20:04:02,
I'm at 西日暮里駅 in 荒川区 東京都 https://t.co/HrzUjNav6O,2016-08-04 22:43:53,
現在この様なところにぱじゃまできております。未公開のぱじゃまです。公開予定はありません。 (@ JR 西日暮里駅 3-4番線ホーム - @jreast_official in 荒川区 東京都) https://t.co/8lXgxRQKG0,2016-08-05 07:03:41,
I'm at JR 西日暮里駅 3-4番線ホーム - @jreast_official in 荒川区 東京都 https://t.co/DkbuVqtRme,2016-08-05 08:31:55,
I'm at 千代田線 西日暮里駅 - @c_line_info in 荒川区 東京都 https://t.co/ogMLWIQpVA,2016-08-05 08:55:05,
接続が悪いなぁ(&gt;_&lt;) (@ 西日暮里駅 in 荒川区 東京都) https://t.co/CvbDf7zphw,2016-08-05 09:24:57,
I'm at 西日暮里駅 in 荒川区 東京都 https://t.co/r8aOXVowXR,2016-08-05 09:47:01,
I'm at 西日暮里駅 in 荒川区 東京都 https://t.co/hjiekN5L8h,2016-08-05 12:35:17,
I'm at JR 西日暮里駅 1-2番線ホーム - @jreast_official in 荒川区 東京都 https://t.co/rkEmdIdhIy,2016-08-05 13:59:13,
I'm at JR 西日暮里駅 3-4番線ホーム - @jreast_official in 荒川区 東京都 https://t.co/QEQjhe2ZZM,2016-08-05 15:05:30,
I'm at 西日暮里駅 in 荒川区 東京都 https://t.co/JhAco7r9yK,2016-08-05 16:39:18,
ファイアストーム,2016-08-05 18:22:44,
I'm at JR 西日暮里駅 1-2番線ホーム - @jreast_official in 荒川区 東京都 https://t.co/KeBSZVnA6z,2016-08-05 18:25:02,
今日もありがとう。本当に感謝。#瑛絵#感謝 @ Nishi-Nippori Station https://t.co/wK81bi8Lpc,2016-08-05 22:38:35,
ぬるい (@ 西日暮里駅 in 荒川区 東京都) https://t.co/8wnm6fHXr3,2016-08-05 22:54:28,
I'm at 西日暮里駅 in 荒川区 東京都 https://t.co/3QMoEPlNu6,2016-08-06 05:54:44,
にしにっぽりっか (@ 西日暮里駅 in 荒川区 東京都) https://t.co/BRTmPQytsI,2016-08-06 08:04:53,
I'm at 西日暮里駅 in 荒川区 東京都 https://t.co/iefbz2zaCK,2016-08-06 09:43:44,
西日暮里 (@ 西日暮里駅 in 荒川区 東京都) https://t.co/kAmkQPshw2,2016-08-06 10:51:21,
I'm at 西日暮里駅 in 荒川区 東京都 https://t.co/AwaH36Bsbi,2016-08-06 14:33:01,
I'm at 西日暮里駅 in 荒川区 東京都 https://t.co/IgR20ZF8cv,2016-08-06 18:44:23,
I'm at 西日暮里駅 in 荒川区 東京都 https://t.co/CZEk1FXa56,2016-08-06 20:11:05,
I'm at 西日暮里駅 in 荒川区 東京都 https://t.co/dwID3SWEAt,2016-08-06 21:56:55,
I'm at 西日暮里駅 in 荒川区 東京都 https://t.co/MULkxpOmvh,2016-08-07 00:56:12,
I'm at 西日暮里の踊り https://t.co/MZzSaPC29Q,2016-08-07 00:56:21,
I'm at 西日暮里駅 in 荒川区 東京都 https://t.co/egRMD5VGxZ,2016-08-07 07:14:57,
I'm at 西日暮里駅 in 荒川区 東京都 https://t.co/DRTHyMAgic,2016-08-07 08:32:52,
I'm at 西日暮里駅 in 荒川区 東京都 https://t.co/dPVpw1VsL2,2016-08-07 08:46:58,
歩いてたら着いた (@ 西日暮里駅 in 荒川区 東京都) https://t.co/VHGXndqIAR,2016-08-07 09:31:36,
I'm at 西日暮里駅 in 荒川区 東京都 https://t.co/nt5ovHhvbn,2016-08-07 11:14:01,
鼻水のバケモン (@ 西日暮里駅 in 荒川区 東京都) https://t.co/YBZfPdEHtl,2016-08-07 12:05:56,
I'm at 西日暮里駅 in 荒川区 東京都 https://t.co/I5otn4oULJ,2016-08-07 14:26:16,
I'm at 西日暮里駅 in 荒川区 東京都 https://t.co/Nx0ygdBn36,2016-08-07 18:39:06,
I'm at 西日暮里駅 in 荒川区 東京都 https://t.co/c4buFrXw6b,2016-08-07 19:11:03,
I'm at 西日暮里駅 in 荒川区 東京都 https://t.co/25Uom5ucsC,2016-08-07 20:16:09,
I'm at JR 西日暮里駅 3-4番線ホーム - @jreast_official in 荒川区 東京都 https://t.co/fmOmmQMCXx,2016-08-07 20:22:45,
I'm at 西日暮里駅 in 荒川区 東京都 https://t.co/jShxvRql8N,2016-08-07 21:26:30,
I'm at 西日暮里駅 in 荒川区 東京都 https://t.co/NtnUVSOpRw,2016-08-07 22:34:22,
綾瀬止まりが2連続(；^ω^) (@ 千代田線 西日暮里駅 - @c_line_info in 荒川区 東京都) https://t.co/ECFXfFtUWm,2016-08-08 09:17:06,
I'm at 西日暮里駅 in 荒川区 東京都 https://t.co/TavCfMy3OB,2016-08-08 10:20:24,
I'm at 西日暮里駅 in 荒川区 東京都 https://t.co/dSP8n0QPiG,2016-08-08 12:50:44,
I'm at JR 西日暮里駅 3-4番線ホーム - @jreast_official in 荒川区 東京都 https://t.co/gvbSq6029g,2016-08-09 08:19:39,
I'm at 西日暮里駅 in 荒川区 東京都 https://t.co/K20mHWrtO5,2016-08-09 09:44:37,
I'm at 西日暮里駅 in 荒川区 東京都 https://t.co/NKQmLom23a,2016-08-09 10:40:00,
I'm at JR 西日暮里駅 - @jreast_official in 荒川区 東京都 https://t.co/GR9LJzq1uR,2016-08-09 10:53:34,
I'm at 西日暮里駅 in 荒川区 東京都 https://t.co/FXmDwL7RM8,2016-08-09 12:05:03,
I'm at 西日暮里駅 in 荒川区 東京都 https://t.co/0BfPCVKmyN,2016-08-09 17:44:42,
I'm at 西日暮里駅 in 荒川区 東京都 https://t.co/ECc9ey98Cu,2016-08-09 18:21:53,
I'm at JR 西日暮里駅 1-2番線ホーム - @jreast_official in 荒川区 東京都 https://t.co/u4flm5Hw8J,2016-08-09 18:22:43,
I'm at 西日暮里駅 in 荒川区 東京都 https://t.co/ZbCDwYeVdX,2016-08-09 20:14:50,
I'm at 西日暮里駅 in 荒川区 東京都 https://t.co/2Ds4J0DUgM,2016-08-09 23:35:17,
降り (@ JR 西日暮里駅 3-4番線ホーム - @jreast_official in 荒川区 東京都) https://t.co/LSn8m10g6p,2016-08-10 07:59:10,
I'm at 西日暮里駅 in 荒川区 東京都 https://t.co/5dGjVijRGV,2016-08-10 09:08:15,
I'm at 西日暮里駅 in 荒川区 東京都 https://t.co/OvsHxhaTNj,2016-08-10 09:46:41,
I'm at 西日暮里駅 in 荒川区 東京都 https://t.co/NLXbZnDUc1,2016-08-10 11:13:29,
I'm at JR 西日暮里駅 - @jreast_official in 荒川区 東京都 https://t.co/wgXBPIXhN8,2016-08-10 16:47:17,
I'm at 西日暮里駅 in 荒川区 東京都 https://t.co/ySFfMzl3Xm,2016-08-10 16:47:25,
I'm at 千代田線 西日暮里駅 - @c_line_info in 荒川区 東京都 https://t.co/TdT2saUzDM,2016-08-10 16:47:44,
I'm at 西日暮里駅 in 荒川区 東京都 https://t.co/uVFW7UaT4V,2016-08-10 18:16:20,
I'm at JR 西日暮里駅 1-2番線ホーム - @jreast_official in 荒川区 東京都 https://t.co/0rOs8RWqZR,2016-08-10 18:17:07,
I'm at 西日暮里駅 in 荒川区 東京都 https://t.co/ovwUigAbzn,2016-08-10 18:20:09,
I'm at 西日暮里駅 in 荒川区 東京都 https://t.co/pauqYBABVx,2016-08-10 23:52:58,
I'm at JR 山手線 西日暮里駅 in 荒川区 東京都 https://t.co/uhqMGKp8bm,2016-08-11 06:15:27,
メトロに金払って乗り換え (@ 西日暮里駅 in 荒川区 東京都) https://t.co/fnVJdPqGQs,2016-08-11 09:37:45,
【自動送信】電車に揺られて東京都荒川区西日暮里５丁目を移動中,2016-08-11 10:49:40,
I'm at 西日暮里駅 in 荒川区 東京都 https://t.co/V49rFLQKDQ,2016-08-11 13:51:27,
I'm at 西日暮里駅 in 荒川区 東京都 https://t.co/zyHiQDHG8m,2016-08-11 14:58:03,
I'm at 西日暮里駅 in 荒川区 東京都 https://t.co/jqVEp4BWXm,2016-08-11 15:26:16,
I'm at 西日暮里駅 in 荒川区 東京都 https://t.co/clXRWLOcLV,2016-08-11 16:37:39,
イカ炒めライス何年ぶりだろ (@ 本場韓国家庭料理 柳 in 荒川区 東京都) https://t.co/haODbbtiTG https://t.co/e2GMyxJ9qi,2016-10-06 13:33:31,
イカ炒めライス何年ぶりだろ (@ 本場韓国家庭料理 柳 in 荒川区 東京都) https://t.co/fSBW9eJW1V https://t.co/TTp2ru66EN,2016-10-06 13:49:28,
I'm at 西日暮里駅 in 荒川区 東京都 https://t.co/DE2A32Tzwn,2016-10-06 15:18:38,
I'm at JR 山手線 西日暮里駅 in 荒川区 東京都 https://t.co/u1uO5ZXea6,2016-10-06 21:57:16,
I'm at 西日暮里駅 in 荒川区 東京都 https://t.co/HahFDo8hNJ,2016-10-06 23:08:13,
I'm at 西日暮里駅 in 荒川区 東京都 https://t.co/HroZEsFRfB,2016-10-07 08:41:33,
I'm at ひぐらし坂 in 荒川区 東京都 https://t.co/TKgnekhoth,2016-10-07 10:49:48,
運転間隔調整ちう (@ 千代田線 西日暮里駅 - @c_line_info in 荒川区 東京都) https://t.co/Mp7iukVb1M,2016-10-07 11:12:44,
I'm at 千代田線 西日暮里駅 - @c_line_info in 荒川区 東京都 https://t.co/8MQ4WOHazH,2016-10-07 17:17:31,
着いた(o^^o) @ Nishi-Nippori Station https://t.co/jG2suAre1v,2016-10-07 17:44:36,
I'm at 西日暮里駅 in 荒川区 東京都 https://t.co/VEsG0UaVVp,2016-10-07 18:00:51,
I'm at JR 山手線 西日暮里駅 in 荒川区 東京都 https://t.co/2Gt2AqFSIj,2016-10-07 19:24:00,
I'm at 西日暮里駅 in 荒川区 東京都 https://t.co/FGanNS4hya,2016-10-07 19:42:03,
HAVE A NICE DAY?? @ Nishi-Nippori Station https://t.co/l24ZX3Wgmd,2016-10-07 20:22:56,
I'm at 西日暮里駅 in 荒川区 東京都 https://t.co/B5Ggu3ayh9,2016-10-07 23:31:41,
I'm at 西日暮里駅 in 荒川区 東京都 https://t.co/FBI0vF8pWM,2016-10-08 00:54:35,
I'm at 西日暮里駅 in 荒川区 東京都 https://t.co/IK1YgaPXZy,2016-10-08 09:56:52,
I'm at 千代田線 西日暮里駅 - @c_line_info in 荒川区 東京都 https://t.co/nLsQxNVeAY,2016-10-08 11:29:02,
I'm at 西日暮里駅 in 荒川区 東京都 https://t.co/IUDqeobLaP,2016-10-08 16:47:16,
のりかえ (@ 西日暮里駅 in 荒川区 東京都) https://t.co/Yygvvb4XGv,2016-10-08 16:47:32,
I'm at 西日暮里駅 in 荒川区 東京都 https://t.co/RPkthlJZcS,2016-10-08 17:43:35,
気持ちがはやる (@ 西日暮里駅 in 荒川区 東京都) https://t.co/r0NLaYu9t0,2016-10-08 18:07:44,
I'm at 西日暮里駅 in 荒川区 東京都 https://t.co/rKgJuDC06K,2016-10-08 18:52:05,
I'm at 西日暮里駅 in 荒川区 東京都 https://t.co/W3bhWhrcdS,2016-10-09 10:20:13,
次乗り換え (@ 西日暮里駅 in 荒川区 東京都) https://t.co/Uneg2ACo1E,2016-10-09 11:38:30,
I'm at 西日暮里駅 in 荒川区 東京都 https://t.co/B2Voz9QTyK,2016-10-09 12:37:09,
I'm at 西日暮里駅 in 荒川区 東京都 https://t.co/jq74TXRTRl,2016-10-09 12:55:48,
I'm at 西日暮里駅 in 荒川区 東京都 https://t.co/oSsUOtZ7j1,2016-10-09 20:54:51,
I'm at 西日暮里の長いエスカレーター in 荒川区 https://t.co/qnkpla5bFA,2016-10-09 23:29:40,
I'm at JR 京浜東北線 西日暮里駅 in 荒川区 東京都 https://t.co/53XKwS5Rgp,2016-10-10 05:01:49,
I'm at 西日暮里駅 in 荒川区 東京都 https://t.co/Pp5Qndf3Wx,2016-10-10 06:51:51,
I'm at 西日暮里駅 in 荒川区 東京都 https://t.co/IBxnLXTLcx,2016-10-10 07:36:21,
山手線一周始めるよ〜（土曜の筋トレは下半身の種目やったから筋肉痛キツイ。。。） (@ 西日暮里駅 in 荒川区 東京都) https://t.co/rCzz0WIhBR,2016-10-10 10:18:28,
やっとiPhone7Plusジェットブラック来たっ( ･?･)??*｡…なげーよホント、予約して1ヶ月かい_(:3 」∠)_どんだけ人気なんだい_(:3… https://t.co/uvNifkN8aw,2016-10-10 10:37:12,
I'm at 西日暮里駅 in 荒川区 東京都 https://t.co/jNo08xnU3x,2016-10-10 13:56:28,
I'm at ひぐらし坂 in 荒川区 東京都 https://t.co/9jO8Gh0f07 https://t.co/PvuP7KXetf,2016-10-10 14:09:54,
モチベーションアップ作戦☆むはーー(ΦωΦ) (@ JR 西日暮里駅 in 荒川区 東京都) https://t.co/1IGfp9qmhi,2016-10-10 14:54:55,
I'm at 西日暮里駅 in 荒川区 東京都 https://t.co/1IXexH0KHs,2016-10-10 15:24:08,
I'm at JR 西日暮里駅 3-4番線ホーム - @jreast_official in 荒川区 東京都 https://t.co/Q8Gm8GXQxK,2016-10-10 17:23:44,
ただいま… (@ 西日暮里駅 in 荒川区 東京都) https://t.co/HqiewjgwLz,2016-10-10 17:59:22,
普段滅多に来ないところに来たけどもう去ります（早い） (@ 西日暮里駅 in 荒川区 東京都) https://t.co/7y4jj2lz16,2016-10-10 18:39:14,
フラフラ来た。 (@ JR 山手線 西日暮里駅 in 荒川区 東京都) https://t.co/YV1IwFWRHb,2016-10-10 20:23:10,
I'm at 西日暮里駅 in 荒川区 東京都 https://t.co/5cU435rPSv,2016-10-10 21:30:32,
終わりー！ (@ 西日暮里駅 in 荒川区 東京都) https://t.co/mfCRHx4e4k,2016-10-10 23:40:05,
W H A T ? @ Nishi-Nippori Station https://t.co/1vrpLQ2jKD,2016-10-11 07:07:15,
I'm at 西日暮里駅 in 荒川区 東京都 https://t.co/3XbEHx1hHS,2016-10-11 08:45:43,
Note 7ユーザーに遭遇した (@ 西日暮里駅 in 荒川区 東京都) https://t.co/WFyO1Q1iUZ,2016-10-11 09:26:06,
I'm at 西日暮里駅 in 荒川区 東京都 https://t.co/7uOU5YNyLL,2016-10-11 10:52:25,
新日暮里 (@ 西日暮里駅 in 荒川区 東京都) https://t.co/bTwoDIccRN,2016-10-11 18:30:00,
I'm at 西日暮里駅 in 荒川区 東京都 https://t.co/lm3pOXj7U2,2016-10-11 19:36:25,
I'm at 西日暮里駅 in 荒川区 東京都 https://t.co/2qK9sm0yEr,2016-10-11 20:02:40,
I'm at 西日暮里駅 in 荒川区 東京都 https://t.co/PkKfQ7dGIM,2016-10-11 20:04:35,
I'm at 西日暮里駅 in 荒川区 東京都 https://t.co/eBp5xcQEUK,2016-10-12 09:03:29,
I'm at 千代田線 西日暮里駅 - @c_line_info in 荒川区 東京都 https://t.co/v5yGI9JNNZ,2016-10-12 11:24:02,
I'm at 西日暮里駅 in 荒川区 東京都 https://t.co/070KLKO4Kv,2016-10-12 11:53:08,
I'm at JR 西日暮里駅 3-4番線ホーム - @jreast_official in 荒川区 東京都 https://t.co/AcSpVDYHyc,2016-10-12 11:53:32,
I'm at 西日暮里駅 in 荒川区 東京都 https://t.co/pV9UeJIdzl,2016-10-12 11:54:33,
乗り換え (@ 千代田線 西日暮里駅 - @c_line_info in 荒川区 東京都) https://t.co/qiuW3iNvu3,2016-10-12 15:57:14,
I'm at 西日暮里駅 in 荒川区 東京都 https://t.co/0PLl3VYzRz,2016-10-12 15:58:14,
千代田線に乗り換え！ (@ 西日暮里駅 in 荒川区 東京都) https://t.co/NOok6mVZo4,2016-10-12 16:47:10,
乗り換え！ (@ JR 山手線 西日暮里駅 in 荒川区 東京都) https://t.co/Gh0H2qTvvY,2016-10-12 17:39:53,
I'm at 西日暮里駅 in 荒川区 東京都 https://t.co/PuVCiNhdiy,2016-10-12 19:59:42,
I'm at 西日暮里駅 in 荒川区 東京都 https://t.co/NhHAwt7XQV,2016-10-13 00:39:32,
I'm at 西日暮里駅 in 荒川区 東京都 https://t.co/0DhoTmfz8K,2016-10-13 12:25:21,
I'm at 西日暮里駅 in 荒川区 東京都 https://t.co/aTkv6qPLSk,2016-10-13 14:16:48,
I'm at 西日暮里駅 in 荒川区 東京都 https://t.co/5mYxdKhOJZ,2016-10-13 15:24:43,
I'm at 西日暮里駅 in 荒川区 東京都 https://t.co/3vIx0ySDXr,2016-10-13 18:44:40,
I'm at 西日暮里駅 in 荒川区 東京都 https://t.co/AaJdsVgZg5,2016-10-13 19:28:16,
I'm at 西日暮里駅 in 荒川区 東京都 https://t.co/hEjsYa4S45,2016-10-13 19:40:35,
夕飯は焼肉〜,2016-10-13 21:10:45,
I'm at 西日暮里駅 in 荒川区 東京都 https://t.co/D9GNoINcWX,2016-10-13 22:58:14,
横濱家系ラーメン 馬場壱家 風の陣 #ramen ラーメン(並)?680 味濃いめ家系ラーメン。https://t.co/JnwgsI0fvk https://t.co/fsZKNxu0YY https://t.co/0HmvSNnbOu,2016-10-13 23:02:40,
I'm at 西日暮里駅 in 荒川区 東京都 https://t.co/Xa9YjU0Pgc,2016-10-14 05:44:41,
I'm at 西日暮里駅 in 荒川区 東京都 https://t.co/rgT026wF8j,2016-10-14 08:46:30,
I'm at 西日暮里駅 in 荒川区 東京都 https://t.co/myfyHERhxM,2016-10-14 16:11:51,
牛とじ丼なんてできたんだ。 (@ 松屋 西日暮里店 in 荒川区 東京都) https://t.co/caoGkB6k0c https://t.co/IkjQoTtkIW,2016-10-14 17:51:36,
I'm at JR 山手線 西日暮里駅 in 荒川区 東京都 https://t.co/fn9vvzKNB9,2016-10-14 17:52:46,
I'm at 西日暮里駅 in 荒川区 東京都 https://t.co/N5xsg11tqo,2016-10-14 21:24:27,
Fire storm… (@ 西日暮里駅 in 荒川区 東京都) https://t.co/AySUFDoyPP,2016-10-14 23:55:01,
I'm at 西日暮里駅 in 荒川区 東京都 https://t.co/PClLdkFvlL,2016-10-15 00:00:50,
I'm at 西日暮里駅 in 荒川区 東京都 https://t.co/1ebFBoBz34,2016-10-15 06:26:25,
I'm at 西日暮里駅 in 荒川区 東京都 https://t.co/6tsc17w2wP,2016-10-15 09:47:16,
I'm at 西日暮里駅 in 荒川区 東京都 https://t.co/FLKzKTX1f7,2016-10-15 10:58:55,
I'm at 西日暮里駅 in 荒川区 東京都 https://t.co/Kw6tO3bK0Y,2016-10-15 11:25:24,
I'm at 西日暮里駅 in 荒川区 東京都 https://t.co/2HtsTewZlk,2016-10-15 11:58:11,
初！ (@ 千代田線 西日暮里駅 in 荒川区 東京都) https://t.co/do2YtTOzgx,2016-10-15 12:04:42,
I'm at 西日暮里駅 in 荒川区 東京都 https://t.co/Fs1XIjclFP,2016-10-15 12:25:09,
新日暮里 (@ 西日暮里駅 in 荒川区 東京都) https://t.co/NBDH49AXKo,2016-10-15 13:16:32,
池袋まで行くぞいー (@ JR 山手線 西日暮里駅 in 荒川区 東京都) https://t.co/HJSMiL0t3S,2016-10-15 16:04:59,
I'm at 西日暮里駅 in 荒川区 東京都 https://t.co/FBlsfKu5YZ,2016-10-15 16:13:28,
西日暮里の踊り (@ JR 山手線 西日暮里駅 in 荒川区 東京都) https://t.co/giryal7uLt,2016-10-15 16:24:41,
ちる (@ みすず学苑　上野の森校舎) https://t.co/KcRNIsLJ44,2016-10-15 17:42:32,
I'm at 西日暮里駅 in 荒川区 東京都 https://t.co/VgLnRXCjG4,2016-10-15 17:49:54,
I'm at 西日暮里駅 in 荒川区 東京都 https://t.co/qjv2dqRfaN,2016-10-15 18:57:27,
I'm at 西日暮里駅 in 荒川区 東京都 https://t.co/cDZuCze7Nf,2016-10-15 20:01:22,
THIS IS HDM (@ 西日暮里駅 in 荒川区 東京都) https://t.co/iMcdkhe7Sn,2016-10-15 20:25:13,
I'm at 西日暮里駅 in 荒川区 東京都 https://t.co/oD4BSt556D,2016-10-15 20:46:52,
I'm at JR 山手線 西日暮里駅 in 荒川区 東京都 https://t.co/XFSaZdVQ8Y,2016-10-16 08:35:18,
I'm at 西日暮里駅 in 荒川区 東京都 https://t.co/rjt9YNwvFb,2016-10-16 08:37:02,
I'm at 西日暮里駅 in 荒川区 東京都 https://t.co/7eO7AKvsXm,2016-10-16 11:26:48,
新日暮里！ (@ 西日暮里駅 in 荒川区 東京都) https://t.co/wczqxOGMe4,2016-10-16 12:45:25,
I'm at 西日暮里駅 in 荒川区 東京都 https://t.co/vQKeUxoWO9,2016-10-16 18:11:49,
駅中のソバ屋でいただきます（^人^） @ Nishi-Nippori Station https://t.co/jg35lrsCLl,2016-10-16 19:36:07,
乗り換えのお時間 (@ 西日暮里駅 in 荒川区 東京都) https://t.co/ruuA6X9zGC,2016-10-16 21:59:20,
I'm at 千代田線 西日暮里駅 - @c_line_info in 荒川区 東京都 https://t.co/4Gcm0ENllu,2016-10-16 23:46:46,
I'm at 西日暮里駅 in 荒川区 東京都 https://t.co/vM0Oi9v53h,2016-10-17 08:43:47,
西日暮里の踊り (@ JR 京浜東北線 西日暮里駅 - @jreast_official in 荒川区 東京都) https://t.co/PcCWzCRy1J,2016-10-17 16:12:32,
I'm at 西日暮里駅 in 荒川区 東京都 https://t.co/mYt8yQ2v8G,2016-10-17 16:51:21,
I'm at 千代田線 西日暮里駅 - @c_line_info in 荒川区 東京都 https://t.co/1i0ylx0PW8,2016-10-17 16:51:31,
I'm at 西日暮里駅 in 荒川区 東京都 https://t.co/RjcPedR9bU,2016-10-17 17:32:44,
I'm at JR 山手線 西日暮里駅 in 荒川区 東京都 https://t.co/CvCQ2OK57g,2016-10-17 18:28:41,
I'm at 西日暮里駅 in 荒川区 東京都 https://t.co/SINs9ODyUS,2016-10-18 08:50:19,
I'm at JR 西日暮里駅 - @jreast_official in 荒川区 東京都 https://t.co/JLh2NbVmnM,2016-10-18 10:12:33,
I'm at 千代田線 西日暮里駅 - @c_line_info in 荒川区 東京都 https://t.co/iDOQEUqLFi,2016-10-18 12:29:39,
I'm at 西日暮里駅 in 荒川区 東京都 https://t.co/jxreEo317k,2016-10-18 12:30:16,
鉄分補給タイム。 @ Nishi-Nippori Station https://t.co/vSz0IE4E6F,2016-10-18 12:48:24,
I'm at 千代田線 西日暮里駅 - @c_line_info in 荒川区 東京都 https://t.co/h6j1t1jQui,2016-10-18 17:06:19,
I'm at JR 山手線 西日暮里駅 in 荒川区 東京都 https://t.co/t1Nauxswjt,2016-10-18 17:06:47,
I'm at JR 山手線 西日暮里駅 in 荒川区 東京都 https://t.co/cCAqTJREZJ,2016-10-18 19:11:06,
IOCって音楽のジャンル名みたいだなぁと思ったらAORだった全然違った死のう,2016-10-18 20:13:10,
I'm at 西日暮里駅 in 荒川区 東京都 https://t.co/5Gp82UM7oV,2016-10-19 11:29:41,
I'm at 西日暮里駅 in 荒川区 東京都 https://t.co/mAybQC8e0s,2016-10-19 12:26:52,
I'm at 大江戸そば 西日暮里駅店 in 荒川区 東京都 https://t.co/GTX6AN3Kem,2016-10-19 17:46:25,
I'm at JR 京浜東北線 西日暮里駅 - @jreast_official in 荒川区 東京都 https://t.co/hvNaepZ5TF,2016-10-19 18:16:35,
I'm at 千代田線 西日暮里駅 in 荒川区 東京都 https://t.co/fpTI1zYt5p,2016-10-19 19:19:57,
I'm at 西日暮里駅 in 荒川区 東京都 https://t.co/1TsDtxyyXG,2016-10-19 20:57:42,
I'm at 西日暮里駅 in 荒川区 東京都 https://t.co/wraXqK7cGi,2016-10-20 08:45:55,
I'm at 西日暮里駅 in 荒川区 東京都 https://t.co/VdeCAG9Uv7,2016-10-20 15:37:28,
池袋方面へ (@ JR 山手線 西日暮里駅 in 荒川区 東京都) https://t.co/A1JmuIpsYN,2016-10-20 18:24:44,
I'm at 西日暮里駅 in 荒川区 東京都 https://t.co/yon5M1LsaE,2016-10-20 19:59:48,
I'm at 西日暮里駅 in 荒川区 東京都 https://t.co/ZGHrNFeS6u,2016-10-21 07:54:35,
I'm at 西日暮里駅 in 荒川区 東京都 https://t.co/dk5qS0ZAQ0,2016-10-21 08:39:13,
I'm at 西日暮里駅 in 荒川区 東京都 https://t.co/fcGIZ3XFmE,2016-10-21 10:16:42,
日本のｳｴｽﾄｻﾝｾｯﾄﾘと呼ばれる街、西日暮里。 (@ 西日暮里駅 in 荒川区 東京都) https://t.co/KdZAH4jpRl,2016-10-21 13:00:56,
I'm at 西日暮里駅 in 荒川区 東京都 https://t.co/4IELJEkYwQ,2016-10-21 15:06:05,
I'm at 西日暮里駅 in 荒川区 東京都 https://t.co/FRoLF1e2IE,2016-10-21 16:00:40,
ここの乗り換えは人生初 (@ 千代田線 西日暮里駅 - @c_line_info in 荒川区 東京都) https://t.co/9I3P6n3teQ,2016-10-21 17:48:10,
I'm at 西日暮里駅 in 荒川区 東京都 https://t.co/brphJSWoGZ,2016-10-21 18:10:17,
I'm at Nishi-nippori Station in 荒川区 東京都 https://t.co/tNCVLwOqxK,2016-10-21 22:26:07,
あれからもう1年か。 (@ 西日暮里駅 in 荒川区 東京都) https://t.co/gnsqlD4unO,2016-10-21 22:54:39,
I'm at 西日暮里駅 in 荒川区 東京都 https://t.co/DqBgOhrTc5,2016-10-22 03:54:11,
I'm at 西日暮里駅 in 荒川区 東京都 https://t.co/mVmErjSMph,2016-10-22 08:48:48,
I'm at 西日暮里の踊り https://t.co/5mrSzrvhjl,2016-10-22 08:48:58,
乗り換え (@ JR 山手線 西日暮里駅 in 荒川区 東京都) https://t.co/GU31U46ZHQ,2016-10-22 10:12:13,
I'm at 西日暮里駅 in 荒川区 東京都 https://t.co/DAIh7lctol,2016-10-22 13:02:25,
I'm at JR 西日暮里駅 3-4番線ホーム - @jreast_official in 荒川区 東京都 https://t.co/ekadMpd2AF,2016-10-22 13:07:12,
到着（???）? @ Nishi-Nippori Station https://t.co/Z5vnwSiqSW,2016-10-22 17:13:50,
I'm at 西日暮里駅 in 荒川区 東京都 https://t.co/RPPjPxNPFc,2016-10-22 18:49:26,
I'm at 西日暮里駅 in 荒川区 東京都 https://t.co/47XD2juAKM,2016-10-22 19:14:16,
I'm at 西日暮里駅 in 荒川区 東京都 https://t.co/WqyOB3ZgxZ,2016-10-22 21:46:10,
I'm at 西日暮里駅 in 荒川区 東京都 https://t.co/CuSyqGkXNg,2016-10-22 22:51:28,
I'm at 西日暮里駅 in 荒川区 東京都 https://t.co/rZkJYIPByg,2016-10-23 00:12:34,
#´ω`)ﾈﾓｲ・・・ (@ JR 山手線 西日暮里駅 in 荒川区 東京都) https://t.co/jMr25hBQ26,2016-10-23 07:35:27,
I'm at 千代田線 西日暮里駅 - @c_line_info in 荒川区 東京都 https://t.co/Dj7Y9iPLCP,2016-10-23 09:59:13,
I'm at 西日暮里駅 in 荒川区 東京都 https://t.co/ebPX6vcAFy,2016-10-23 10:03:34,
I'm at 西日暮里駅 in 荒川区 東京都 https://t.co/HE3NG57iEz,2016-10-23 10:13:59,
( ‘?’ ) (@ 西日暮里駅 in 荒川区 東京都) https://t.co/U4IL9VkQTv,2016-10-23 12:55:31,
I'm at 西日暮里駅 in 荒川区 東京都 https://t.co/57v5gZd5QF,2016-10-23 16:46:16,
踊らねば (@ 西日暮里駅 in 荒川区 東京都) https://t.co/t23dX6XbPE,2016-10-23 18:37:59,
I'm at 西日暮里駅 in 荒川区 東京都 https://t.co/3uryLSDfpR,2016-10-23 19:55:42,
I'm at JR 山手線 西日暮里駅 in 荒川区 東京都 https://t.co/aH4rMkDclI,2016-10-24 00:16:37,
I'm at 西日暮里駅 in 荒川区 東京都 https://t.co/pUSP9pptVe,2016-10-24 07:37:54,
I'm at 西日暮里駅 in 荒川区 東京都 https://t.co/oxKdV2l4Ci,2016-10-24 08:44:09,
I'm at 西日暮里駅 in 荒川区 東京都 https://t.co/dvmBooe8i9,2016-10-24 12:13:56,
I'm at 西日暮里駅 in 荒川区 東京都 https://t.co/ugMdbEe1Fw,2016-10-24 14:11:35,
I'm at 西日暮里駅 in 荒川区 東京都 https://t.co/RIpAwUTA54,2016-10-24 15:51:31,
I'm at 西日暮里駅 in 荒川区 東京都 https://t.co/k2al1glPLe,2016-10-24 15:51:46,
こっちは普通に混んどる。たまたまやな。 (@ JR 西日暮里駅 3-4番線ホーム - @jreast_official in 荒川区 東京都) https://t.co/TK765AMzpz,2016-10-24 19:32:09,
I'm at 西日暮里駅 in 荒川区 東京都 https://t.co/hBMvbCqRNP,2016-10-24 20:12:28,
乗り過ごし。。。 (@ 西日暮里駅 in 荒川区 東京都) https://t.co/D5fBFbXaxp,2016-10-24 22:15:08,
I'm at 西日暮里駅 in 荒川区 東京都 https://t.co/7kLVzd9zC1,2016-10-24 23:55:12,
I'm at 西日暮里駅 in 荒川区 東京都 https://t.co/XdYRejHALu,2016-10-25 08:57:01,
I'm at 西日暮里駅 in 荒川区 東京都 https://t.co/b1P0S78Ojm,2016-10-25 19:33:52,
I'm at 西日暮里駅 in 荒川区 東京都 https://t.co/6E2vXU1VCX,2016-10-25 21:48:43,
I'm at JR 山手線 西日暮里駅 in 荒川区 東京都 https://t.co/nDlUAlaos2,2016-10-25 22:11:48,
I'm at 西日暮里駅 in 荒川区 東京都 https://t.co/Q6mVlkqQ80,2016-10-26 00:09:54,
I'm at JR 山手線 西日暮里駅 in 荒川区 東京都 https://t.co/rjKqmC1zCd,2016-10-26 00:14:56,
I'm at 西日暮里駅 in 荒川区 東京都 https://t.co/QLPmMxH6Lk,2016-10-26 00:15:17,
I'm at 千代田線 西日暮里駅 - @c_line_info in 荒川区 東京都 https://t.co/Ei9irCR7b2,2016-10-26 00:24:58,
I'm at 西日暮里駅 in 荒川区 東京都 https://t.co/28JYRus1u4,2016-10-26 06:00:30,
I'm at JR 西日暮里駅 3-4番線ホーム - @jreast_official in 荒川区 東京都 https://t.co/S8Fuu3HDHK,2016-10-26 06:00:40,
I'm at JR 西日暮里駅 1-2番線ホーム - @jreast_official in 荒川区 東京都 https://t.co/ABWwRF9irg,2016-10-26 06:35:02,
I'm at 西日暮里駅 in 荒川区 東京都 https://t.co/kpdUWNNJci,2016-10-26 09:20:58,
I'm at 西日暮里駅 in 荒川区 東京都 https://t.co/pfjreeLO3w,2016-10-26 10:53:05,
I'm at 西日暮里駅 in 荒川区 東京都 https://t.co/dLgbncCklP,2016-10-26 11:18:57,
踊るぞ (@ 西日暮里駅 in 荒川区 東京都) https://t.co/x5d0thVy0S,2016-10-26 12:45:21,
踊ってるなう (@ 西日暮里駅 in 荒川区 東京都) https://t.co/zJEc8kao48,2016-10-26 16:04:31,
ファミコン芸人フジタ、初PSVRプレイの巻 with ピョコタン @ Nishi-Nippori Station https://t.co/2dkHKislkD,2016-10-26 18:55:09,
ファミコン芸人フジタ、PSVR「KITCHEN」やってる際、視界が見えないのをいいことにピョコタンがボディタッチで脅かすの巻。 @ Nishi-Nippori Station https://t.co/sF5ZmgbUkW,2016-10-26 19:00:10,
11月6日のゲームレジェンド物販のオマケ用サイン色紙70枚描き終えたったん。 @ Nishi-Nippori Station https://t.co/XvoYfWUjh1,2016-10-26 19:21:05,
ファミコン芸人フジタ、ピョコタンからPSVR「サマーレッスン」のシゴキを受けるの巻。 @ Nishi-Nippori Station https://t.co/MvbKFN602T,2016-10-26 19:22:42,
ファミコン芸人フジタのプレイ後、PSVRが汗ばんでいるのにクレーム入れるピョコタン。 @ Nishi-Nippori Station https://t.co/pzqN64eP3S,2016-10-26 19:24:58,
遂にピョコタンがPSVRでプロの腕前を見せてくれるらしいw @ Nishi-Nippori Station https://t.co/lYtX2Doyvi,2016-10-26 19:26:45,
ニコニコ生放送終わったけど、PSVRにドハマリ中のファミコン芸人フジタ。 @ Nishi-Nippori Station https://t.co/WIMpmxDnB5,2016-10-26 20:13:41,
I'm at 西日暮里駅 in 荒川区 東京都 https://t.co/C4F4aypfds,2016-10-26 20:48:01,
I'm at 西日暮里駅 in 荒川区 東京都 https://t.co/IHGUhxvPKy,2016-10-26 21:21:57,
iPhone 7 plus版のモバイルSuicaで移動中 (@ 西日暮里駅 in 荒川区 東京都) https://t.co/P9bIQa2yRy https://t.co/PhhmzFtHrW,2016-10-26 22:58:16,
I'm at 西日暮里駅 in 荒川区 東京都 https://t.co/bNBukdqL1v,2016-10-27 08:41:11,
I'm at 西日暮里駅 in 荒川区 東京都 https://t.co/L4I4cXu4UN,2016-10-27 16:24:38,
I'm at 西日暮里駅 in 荒川区 東京都 https://t.co/26JOFeArQF,2016-10-27 22:26:59,
I'm at 西日暮里駅 in 荒川区 東京都 https://t.co/adToXPG9Y8,2016-10-27 23:06:58,
I'm at 西日暮里駅 in 荒川区 東京都 https://t.co/LCdT0hRbj7,2016-10-28 15:26:43,
I'm at 西日暮里駅 in 荒川区 東京都 https://t.co/7FSIPiivEc,2016-10-28 18:56:40,
I'm at 西日暮里駅 in 荒川区 東京都 https://t.co/m2sBuEvexQ,2016-10-28 20:36:58,
新日暮里 (@ 西日暮里駅 in 荒川区 東京都) https://t.co/HjAmrDVxKy,2016-10-28 20:51:27,
I'm at 西日暮里駅 in 荒川区 東京都 https://t.co/ZjSSQlenLF,2016-10-28 21:04:57,
I'm at 西日暮里駅 in 荒川区 東京都 https://t.co/CyF22INKix,2016-10-29 07:13:24,
I'm at Nishi-nippori Station in 荒川区 東京都 https://t.co/0eXPCpWDVP,2016-10-29 09:03:20,
I'm at 西日暮里駅 in 荒川区 東京都 https://t.co/O9iy4G5vUZ,2016-10-29 10:10:40,
I'm at 西日暮里駅 in 荒川区 東京都 https://t.co/ugPvI2lKZI,2016-10-29 13:54:42,
I'm at 千代田線 西日暮里駅 - @c_line_info in 荒川区 東京都 https://t.co/V6OAv5QYC3,2016-10-29 15:35:23,
ナイサイナイッポウライ (@ 西日暮里駅 in 荒川区 東京都) https://t.co/pl80rPjKDH,2016-10-29 16:07:12,
クリスマスのポケGOイベントは七面鳥絡みでポッポが大量発生する。 #ポケモンGO,2016-10-29 16:20:19,
I'm at 西日暮里駅 in 荒川区 東京都 https://t.co/i8ifdpYWgX,2016-10-29 16:46:46,
I'm at 西日暮里駅 in 荒川区 東京都 https://t.co/GTEmS4nBvI,2016-10-29 18:08:37,
I'm at JR 西日暮里駅 - @jreast_official in 荒川区 東京都 https://t.co/Zuj6vz6wX8,2016-10-29 22:47:16,
I'm at 西日暮里駅 in 荒川区 東京都 https://t.co/z3DDnhEJxb,2016-10-29 23:09:41,
ご機嫌な朝食だぜ (@ 松屋 西日暮里店 in 荒川区 東京都) https://t.co/gPWLFFDsPf,2016-10-30 04:15:26,
ナイサイナイッポウライ (@ 西日暮里駅 in 荒川区 東京都) https://t.co/7WTXdfH4X6,2016-10-30 05:54:21,
I'm at 西日暮里駅 in 荒川区 東京都 https://t.co/n5cr0wF5Yk,2016-10-30 09:12:51,
新日暮里！ (@ 西日暮里駅 in 荒川区 東京都) https://t.co/YIQlvY9054,2016-10-30 09:56:26,
外回り (@ JR 西日暮里駅 1-2番線ホーム - @jreast_official in 荒川区 東京都) https://t.co/HiM1D9ZURG,2016-10-30 10:24:10,
I'm at 西日暮里駅 in 荒川区 東京都 https://t.co/yDse1BFhjo,2016-10-30 12:06:51,
I'm at Nishi-nippori Station in 荒川区 東京都 https://t.co/M5s0cb5Cxo,2016-10-30 12:41:27,
I'm at 西日暮里駅 in 荒川区 東京都 https://t.co/7J8K3EopaA,2016-10-30 13:28:58,
I'm at 千代田線 西日暮里駅 - @c_line_info in 荒川区 東京都 https://t.co/mVg7AKticN,2016-10-30 16:30:58,
I'm at 西日暮里駅 in 荒川区 東京都 https://t.co/ZaiB5mnxOs,2016-10-30 16:51:26,
I'm at 西日暮里駅 in 荒川区 東京都 https://t.co/SIpTq2rCVe,2016-10-30 19:21:39,
I'm at 西日暮里駅 in 荒川区 東京都 https://t.co/6Fm4dF7tuJ,2016-10-30 20:24:04,
I'm at JR 西日暮里駅 in 荒川区 東京都 https://t.co/UjpzMzgn9d,2016-10-30 21:27:56,
I'm at 西日暮里駅 in 荒川区 東京都 https://t.co/UGVVpfTKDd,2016-10-31 08:51:23,
I'm at 西日暮里駅 in 荒川区 東京都 https://t.co/cL33EWAt9a,2016-10-31 14:38:08,
I'm at 西日暮里駅 in 荒川区 東京都 https://t.co/TszlWeZY3a,2016-10-31 16:58:34,
I'm at Nishi-nippori Station in 荒川区 東京都 https://t.co/KQL7TeZYIo,2016-10-31 18:44:24,
