I'm at ジーユー アルカキット錦糸町店 in 墨田区 東京都 https://t.co/RBu8AW9Eko,2016-08-01 15:40:57,
I'm at JR 錦糸町駅 1-2番線ホーム - @jreast_official in Sumida 東京都 https://t.co/bKckeP2RSv,2016-08-02 10:24:29,
I'm at Starbucks Coffee 錦糸町テルミナ2店 in 墨田区 東京都 https://t.co/SkbDPmdBsu,2016-08-02 19:50:51,
錦糸町離脱#ポケモンGO https://t.co/lF3Legzmto,2016-08-03 04:30:07,
Arv. (@ JR 錦糸町駅 1-2番線ホーム - @jreast_official in Sumida 東京都) https://t.co/58vRTNlTM1,2016-08-03 13:57:58,
#フォー#ベトナム#ベトナム料理 @ 錦糸町 https://t.co/kIQesD0Btm,2016-08-03 18:58:03,
#海鮮#海鮮おこげ#おこげ#ベトナム#ベトナム料理 @ 錦糸町 https://t.co/3BY4UjyfEy,2016-08-03 18:58:58,
#ベトナム#ベトナム料理 @ 錦糸町 https://t.co/3xt8worzkb,2016-08-03 18:59:25,
#生春巻き#春巻き#ベトナム#ベトナム料理 @ 錦糸町 https://t.co/smVbLjnmbf,2016-08-03 18:59:57,
I'm at JR 錦糸町駅 1-2番線ホーム - @jreast_official in Sumida 東京都 https://t.co/0db6uAU9bm,2016-08-03 19:32:18,
やっぱり明るい髪色はセットしてて楽しいなーー。横浜のお店は金髪禁止なので。こないだ六本木行ったのもなかなか刺激になってよかった。とか言ってたら意識高い人みたいだな。お金もらえて生活できれば… https://t.co/jeCJ9iB2rA,2016-08-04 00:48:29,
もーあちーのなんの、あ、おはようございます。 (@ 錦糸町駅北口 バスターミナル in 墨田区 東京都) https://t.co/PXrLbqaLYs,2016-08-04 08:43:19,
バイト終わりの焼肉?#叙々苑,2016-08-04 12:35:51,
I'm at JR 錦糸町駅 1-2番線ホーム in Sumida 東京都 https://t.co/xriQlW9bZ4,2016-08-04 13:58:41,
I'm at JR 錦糸町駅 1-2番線ホーム - @jreast_official in Sumida 東京都 https://t.co/tRlrtb7yHV,2016-08-04 18:00:57,
I'm at 中華そば 青葉 錦糸町店 in 墨田区 東京都 https://t.co/voHFGidVRD,2016-08-04 21:24:22,
I'm at 中華そば 青葉 錦糸町店 in 墨田区 東京都 https://t.co/REK4w2PTH8,2016-08-04 22:05:55,
I'm at 錦糸町駅北口 バスターミナル in 墨田区 東京都 https://t.co/DRn5vR41e1,2016-08-05 09:59:18,
I'm at ジーユー アルカキット錦糸町店 in 墨田区 東京都 https://t.co/9GxYa4Nz0C,2016-08-05 11:51:39,
暑い(；´Д`A (@ 錦糸町駅北口 バスターミナル in 墨田区 東京都) https://t.co/HAsWLO50Cz,2016-08-05 12:02:17,
あの丸いうんこ,2016-08-05 14:22:03,
Pooh chan sedih juga ha mau balik ke jakarta... :'(Ini masih ada sekitar… (at Kinshicho Station (錦糸町駅)) [pic] ? https://t.co/YG2vPd11w8,2016-08-06 11:26:21,
I'm at Starbucks Coffee 錦糸町テルミナ2店 - @starbucks_j in 墨田区 東京都 https://t.co/FxeSANfEbE,2016-08-06 13:50:51,
Рис с говядиной в Pepper Lunch980 йен#japan #japanese #japanesefood #meat @ 錦糸町 https://t.co/M7zfouOiPx,2016-08-06 17:27:43,
緊急停止ボタンが、どっかの駅で押された？ん？なになに？放送の声が小さいねん！はっきりしゃべれ( ｰ?εｰ? ) (@ JR 総武線各駅停車 錦糸町駅 in 墨田区 東京都) https://t.co/aSdrC9xsaE,2016-08-06 21:58:33,
久しぶりのたかしさん！！笑 @ 錦糸町 https://t.co/ZLNGSR6WvD,2016-08-06 22:22:31,
スカワプツリー見えた @ 錦糸町 https://t.co/Po5ke5PlHj,2016-08-06 22:29:07,
Just posted a photo @ 錦糸町 https://t.co/gFaYs2aNzD,2016-08-06 23:32:26,
I'm at Starbucks Coffee 錦糸町テルミナ2店 - @starbucks_j in 墨田区 東京都 https://t.co/ACi0lXX4FI,2016-08-07 10:41:28,
I'm at 錦糸町駅北口 バスターミナル in 墨田区 東京都 https://t.co/AYdlKnVHZJ,2016-08-07 11:43:54,
I'm at JR 錦糸町駅 北口 - @jreast_official in 墨田区 東京都 https://t.co/EynJLjwngJ,2016-08-07 13:00:38,
いつも行くスタバの可愛い店員さんが、花火大会の日も来たこと覚えててくれてた,2016-08-07 18:11:45,
I'm at Starbucks Coffee 錦糸町テルミナ2店 - @starbucks_j in 墨田区 東京都 https://t.co/WUuIk1PntQ,2016-08-07 22:39:08,
ようやくだぁ... (@ JR 錦糸町駅 1-2番線ホーム - @jreast_official in Sumida 東京都) https://t.co/SIEMqDi85h,2016-08-08 14:22:11,
没有苹果??，星巴克3等公民 (@ Starbucks Coffee 錦糸町テルミナ2店 - @starbucks_j in 墨田区 東京都) https://t.co/CUi9OyHmJ0,2016-08-08 14:42:21,
(っ'ヮ'c)ﾌｧｧｧｧｧｧｧｧｧｧｧwwwwww (@ 中華そば 青葉 錦糸町店 in 墨田区 東京都) https://t.co/zKQvL7ISWA https://t.co/PwdWMOqU01,2016-08-08 16:09:31,
ゆりゆり錦糸町上陸,2016-08-08 17:57:23,
美容師会。#東京文化 @ 錦糸町 https://t.co/IdBJLwpSGX,2016-08-08 21:56:44,
@masayanZZ1 遅い昼食です(^o^;),2016-08-09 16:23:40,
Just posted a photo @ 錦糸町 https://t.co/QZIoNpPob0,2016-08-09 20:19:29,
運気が上がるという、錦糸町『ときわ』かつ煮定食！奥さんと来てみた。しかし定食550円とか安いままおかみさん1人で頑張ってて頭がさがります。 @ 錦糸町 https://t.co/dTnztIzKcG,2016-08-10 12:08:20,
午前中ぐるぐるまわって一旦戻ってきて、また出陣。 (@ 錦糸町駅北口 バスターミナル in 墨田区 東京都) https://t.co/zb3H2wBnRE,2016-08-10 13:10:59,
それで！？#しらんがな#雷神 @ 錦糸町 https://t.co/Nh5Z1mruCk,2016-08-10 14:07:17,
I'm at JR 総武線各駅停車 錦糸町駅 in 墨田区 東京都 https://t.co/umOgICTema,2016-08-10 16:36:38,
間に合った！ (@ JR 錦糸町駅 1-2番線ホーム in Sumida 東京都) https://t.co/AOJ0u4qRMe,2016-08-10 16:37:20,
華金ならぬ華水ということで、何曜日でも肉は旨い。ばっちこい夏休み。おつかれさまでした。#tokyo #japan #dinner #yakiniku #drink #ハイボール… https://t.co/U47z5MeM6y,2016-08-10 22:30:18,
おととい！#錦糸町 #なりたけ @ なりたけ　錦糸町店 https://t.co/Q0soKEqsa7,2016-08-11 07:44:30,
I'm at 錦糸町駅北口 バスターミナル in 墨田区 東京都 https://t.co/G3hWewREOw,2016-08-11 11:29:30,
オカンとアキバへ(@￣ρ￣@) (@ JR 錦糸町駅 1-2番線ホーム - @jreast_official in Sumida 東京都) https://t.co/aeN2LtCk3y,2016-08-11 11:42:23,
@okaka0124m おっ近いw今錦糸町駅停車中w,2016-08-11 15:18:35,
I'm at Starbucks Coffee 錦糸町テルミナ2店 - @starbucks_j in 墨田区 東京都 https://t.co/gOkVPSqFzH,2016-10-06 17:57:36,
#おはようございます #goodmorning#今日のスカイツリー #skytree#sky #sun #cloud #weather #today #tokyo #japan#空… https://t.co/VyJUsL6GVb,2016-10-07 09:54:53,
引き出し整理してたらいろんなもん出てきたぞ(σ≧▽≦)σ。第30回ラグビー日本選手権って、調べたら1993年の神戸製鋼vs.法政大学だって_φ(?'?'?… https://t.co/6hzxOrH4Jh,2016-10-07 20:59:04,
今日はスカイツリーが見える錦糸町でブラサトシ！ @ 錦糸町 https://t.co/NPijKOZPjG,2016-10-07 21:06:37,
もっとすげぇの出てきた_φ(?'?'? )o。maharajaとかj-trip… https://t.co/UdOdyi7m3y,2016-10-07 21:09:08,
Good morning Tokyo!! Teaching on Kingdom Finances!! @ 錦糸町 https://t.co/gOOcMItcCc,2016-10-08 07:26:22,
#スカイツリーだー０９:２０ @ 錦糸町 https://t.co/FhGL4tOHJh,2016-10-08 09:21:10,
#おはようございます #goodmorning#今日のスカイツリー #skytree#sky #cloud #rain #today #tokyo #japan #weather #空… https://t.co/OUwAiH0JQ9,2016-10-08 09:40:10,
I'm at Starbucks Coffee 錦糸町テルミナ2店 - @starbucks_j in 墨田区 東京都 https://t.co/VaVFN5jqdr,2016-10-08 12:00:31,
ニューデリー駅そっくりな、何かを燃やしているニオイがする。強烈なデジャヴ、というか既嗅感。 @ 錦糸町 https://t.co/ydGYaC262C,2016-10-08 16:00:11,
昨日は牛タンとか美味しいものばっか食べたからどんどん寮メシが嫌いになっていく… ･?･#starbucks #ちょっとだけﾏｻくんの手が @ 錦糸町 https://t.co/CDs5634Guf,2016-10-08 20:15:49,
周りが明るくて、、、上手く撮れなくて、、東京スカイツリー?ライトアップがきれい @ 錦糸町 https://t.co/yjkclEqF8a,2016-10-08 20:53:01,
おはプリキュア @ 錦糸町 https://t.co/tF2cufwKg8,2016-10-09 08:31:25,
なう！ @ 錦糸町 https://t.co/2Fjn16O58u,2016-10-09 11:44:52,
I'm at 福こぼし https://t.co/336ZZ5EtZZ,2016-10-09 18:26:10,
My brother-in-law made dinner for me! #delicious #spicy #brotherinlaw @ 錦糸町 https://t.co/IGvb0XGqcX,2016-10-09 20:33:04,
バスがくるまで。 @ 錦糸町 https://t.co/CIsk8i6Asp,2016-10-10 08:49:00,
マカロニ多めで!!_φ(｀･ω･´)o @ 錦糸町 https://t.co/sfGR4wbu6I,2016-10-10 11:09:17,
I'm at Starbucks Coffee 錦糸町テルミナ2店 - @starbucks_j in 墨田区 東京都 https://t.co/QYiLEZkBIo,2016-10-10 12:18:26,
Ready to ride on Segway for the first time #Segway #fun @ 錦糸町 https://t.co/GpbS6oZcpb,2016-10-10 20:07:17,
I'm at JR 錦糸町駅 1-2番線ホーム - @jreast_official in Sumida 東京都 https://t.co/O3pU9IVq8F,2016-10-10 20:24:25,
#おはようございます #goodmorning#今日のスカイツリー #skytree #sky #cloud #weather #tokyo #today #japan#空 #雲り… https://t.co/U8r7qsgCEX,2016-10-11 10:21:30,
何に見えますか？#東京スカイツリー#錦糸町#kinshicho #丸い物体#オブジェ#何に見える @ 錦糸町 https://t.co/bbDDqrLUpp,2016-10-11 17:55:27,
I'm at JR 錦糸町駅 1-2番線ホーム - @jreast_official in Sumida 東京都 https://t.co/TSqc5whp7L,2016-10-11 18:12:54,
今日なんでこんな色なの？？ @ 錦糸町 https://t.co/PE3hJeRXtj,2016-10-11 19:38:29,
#おはようございます #goodmorning#今日のスカイツリー #skytree#sky #sun #cloud #weather #today #tokyo #japan#空… https://t.co/RRjXkQIalM,2016-10-12 09:51:46,
今日のブランチ食い過ぎだけどwヘルシーww @ 錦糸町 https://t.co/LhvP6tqr95,2016-10-12 13:05:21,
I'm at ドトールコーヒーショップ 錦糸町北口店 in 墨田区 東京都 https://t.co/jVCo8nZInn,2016-10-12 14:45:57,
I'm at 錦糸町駅北口 バスターミナル in 墨田区 東京都 https://t.co/2bTlm8dXe7,2016-10-12 17:06:43,
@scandal_tomomi レア曲、待ってます,2016-10-12 17:30:46,
I'm at ジーユー アルカキット錦糸町店 in 墨田区 東京都 https://t.co/9Qo99H4HZ4,2016-10-12 18:28:40,
I'm at テルミナ2 in 墨田区 東京都 https://t.co/ib6XwhSK5L,2016-10-12 18:50:51,
I'm at 成城石井 錦糸町テルミナ2店 in 墨田区 東京都 https://t.co/48Gs4cNFbH,2016-10-12 18:57:21,
I'm at JR 錦糸町駅 1-2番線ホーム - @jreast_official in Sumida 東京都 https://t.co/KTiUbHnxOI,2016-10-12 18:59:37,
I'm at JR 錦糸町駅 1-2番線ホーム - @jreast_official in Sumida 東京都 https://t.co/laSSbciXjx,2016-10-12 19:25:51,
がっちりマンデーでもやってたけど、オレ流のいただき方は出汁をお茶代わりに急須で飲む(σ≧▽≦)σ。まぁお茶漬けにオススメなんだけどね_φ(’-’*)o♪ 　おれ @ 錦糸町 https://t.co/1t8c5LXMh1,2016-10-13 00:11:22,
#おはようございます #goodmorning #今日のスカイツリー #skytree #sky #cloud #weather #today #tokyo #japan#空 #雲… https://t.co/IqFPjMJWY5,2016-10-13 09:48:50,
#最上川司ミニライブ #最上川司 @ 錦糸町 https://t.co/NFCIzvHiyY,2016-10-13 12:21:43,
伊藤左千夫、(馬酔木、アララギの創刊者の一人)の自宅があったらしい。 @ 錦糸町 https://t.co/8Gjcctv8U9,2016-10-13 12:26:31,
10/22（土）[10/22]ボドゲ会in錦糸町https://t.co/RICRalRiGR錦糸町ボドゲ会カレンダ：https://t.co/qnV7YrKGDw https://t.co/24FLZsJTi7,2016-10-13 12:51:44,
Airport (@ JR 錦糸町駅 1-2番線ホーム - @jreast_official in Sumida 東京都 w/ @blessanoza) https://t.co/JMf8D4uqTJ,2016-10-13 14:02:54,
I'm gonna miss you!#arkakit #Japan2016 #ExploringJPN2016… https://t.co/bhiz87hvyn,2016-10-13 18:47:25,
がたんごとん (@ JR 総武線各駅停車 錦糸町駅 in 墨田区 東京都) https://t.co/o04a84RwGa,2016-10-13 19:43:32,
中華そば (@ 中華そば 青葉 錦糸町店 in 墨田区 東京都) https://t.co/BMXPRSaWQg,2016-10-13 20:12:09,
錦糸町でご飯食べてきた〜,2016-10-13 21:16:33,
#おはようございます #goodmorning#今日のスカイツリー #skytree#sky #sun #cloud #weather #today #tokyo #japan#空… https://t.co/ib0QKbW5BM,2016-10-14 09:48:07,
I'm at Starbucks Coffee 錦糸町テルミナ2店 in 墨田区 東京都 https://t.co/8rRSCy8cn9,2016-10-14 13:13:19,
最CORE！ @ 錦糸町 https://t.co/xivmibn3b6,2016-10-14 17:26:46,
I'm at Starbucks Coffee 錦糸町テルミナ2店 - @starbucks_j in 墨田区 東京都 https://t.co/mvIgq3i4uJ,2016-10-14 18:48:01,
??? ??????,2016-10-14 22:31:21,
#universe #sky #moon #skytree #station #fridaynight #happy #lucky #smile #thanks #japan @ 錦糸町 https://t.co/rLZMTCQmCL,2016-10-14 23:36:25,
Happy birthday bae! #birthday #bae #happybirthday #love @ 錦糸町 https://t.co/UM09ew1Upt,2016-10-15 01:03:57,
I'm at 錦糸町駅北口 バスターミナル in 墨田区 東京都 https://t.co/kWO7RXdJ7F,2016-10-15 10:02:34,
#今日のスカイツリー #skytree#sky #sun #weather #today #tokyo #japan #sekineviolin #セキネヴァイオリン @ 錦糸町 https://t.co/uCoz34he2e,2016-10-15 12:18:51,
矢作といぶり！相変わらずの美味しさー?(五十嵐珍しくとりあえず生で。)w#錦糸町 #居酒屋#ふたりのみ #いぶり #酒がうまい @ 錦糸町 https://t.co/j8wfku3oPK,2016-10-15 18:06:05,
I'm at つばめグリル 錦糸町テルミナ2店 in 墨田区 東京都 https://t.co/998eDe9mL6,2016-10-15 20:44:42,
今度は家の方向を間違えないorz (@ JR 総武線各駅停車 錦糸町駅 in 墨田区 東京都) https://t.co/hAfPZ1npQn,2016-10-15 23:25:31,
I'm at 九州 熱中屋 錦糸町 LIVE https://t.co/OgzvP2U0Eb,2016-10-16 18:52:53,
2016.10.16・月1さかうえDay,2016-10-16 19:01:08,
乗換  #キセキレイ #おつかれいたん #REIたん界隈 (@ JR 総武線各駅停車 錦糸町駅 in 墨田区 東京都) https://t.co/UDgnB91Vr9,2016-10-16 23:08:45,
I'm at Starbucks Coffee 錦糸町テルミナ2店 - @starbucks_j in 墨田区 東京都 https://t.co/jl7WCwA2g4,2016-10-17 20:51:25,
I'm at 中華そば 青葉 錦糸町店 in 墨田区 東京都 https://t.co/9invXzcIEX,2016-10-17 21:48:10,
見上げるビアガーデンの見上げない打ち上げ#2016 #夏 #ビアガ #スカイツリー #ソラマチ #打ち上げ #ゴープロのない生活 #インカメ #photooftheday #Tokyo… https://t.co/E2y76elKcM,2016-10-17 21:55:58,
俺は都会で生まれて都会暮らししかしてないけど、十日町生まれの両親から生まれてホント良かった。おかげでお米が大好きで、いまもこうして不思議とお米に縁がある。糖尿病になってもコメ離れができなくて、毎… https://t.co/qUTRXot6Go,2016-10-18 02:08:35,
朝からマッタリ,2016-10-18 08:15:03,
#おはようございます #goodmorning#今日のスカイツリー #skytree#sky #sun #weather #today #tokyo #japan#空 #晴れ #太陽… https://t.co/nXMkmqJp3N,2016-10-18 09:55:18,
スタバ〜,2016-10-18 13:09:47,
帰りに色んなお店で買い物したら、これだけタダで貰えたwこれは、遂に自分にもツキが回って来たって事？ww @ 錦糸町 https://t.co/PSHaQgaLw7,2016-10-18 15:36:16,
I'm at Starbucks Coffee 錦糸町テルミナ2店 - @starbucks_j in 墨田区 東京都 https://t.co/4Q6TUXXdDS,2016-10-18 18:50:06,
念願のネクタリンピーチクリームフラペ,2016-10-18 20:34:24,
誕生日がこの時期ってほんと嫌だしかいってなかったけぉ店員やばすぎてもうだめだあいつ絶対酔ってるつらい笑#肉バル #錦糸町 @ 錦糸町 https://t.co/PqCP7LpAwN,2016-10-18 23:32:41,
?肝?堡? @ 錦糸町 https://t.co/WCIX5oG4gr,2016-10-19 00:24:54,
#おはようございます #goodmorning #今日のスカイツリー #skytree#sky #sun #cloud #weather #tokyo #today #japan #空… https://t.co/c0fEPC37wy,2016-10-19 09:46:53,
I'm at JR 錦糸町駅 1-2番線ホーム - @jreast_official in Sumida 東京都 https://t.co/Q892fnjXBJ,2016-10-19 14:18:38,
嬉しい差し入れww @ 錦糸町 https://t.co/vU7x69HkSL,2016-10-19 16:56:51,
I'm at ジーユー アルカキット錦糸町店 in 墨田区 東京都 https://t.co/g3pi20YVD0,2016-10-19 17:28:04,
First time trying red kiwi. It's so good that I can't eat regular kiwi anymore. Yum. #redkiwi… https://t.co/UjjQMP7otw,2016-10-20 00:32:01,
#おはようございます #goodmorning #今日のスカイツリー #skytree #sky #sun #weather #today #tokyo #japan #空 #晴れ… https://t.co/EeTAZIKva0,2016-10-20 09:46:32,
I'm at JR 錦糸町駅 1-2番線ホーム in Sumida 東京都 https://t.co/2bMTizfyU1,2016-10-20 09:51:29,
I'm at JR 総武線各駅停車 錦糸町駅 in 墨田区 東京都 https://t.co/x653GDkgen,2016-10-20 09:51:46,
I'm at JR 錦糸町駅 1-2番線ホーム - @jreast_official in Sumida 東京都 https://t.co/cNXanby2CD,2016-10-20 14:18:33,
I'm at JR 総武線各駅停車 錦糸町駅 in 墨田区 東京都 https://t.co/FrfmhKBFjM,2016-10-21 06:30:35,
g'mo!!,2016-10-21 08:29:58,
#おはようございます #goodmorning#今日のスカイツリー #skytree #sky #sun #cloud #weather #today #tokyo #japan#空… https://t.co/pwNHxIAG8t,2016-10-21 09:48:03,
I'm at JR 錦糸町駅 1-2番線ホーム - @jreast_official in Sumida 東京都 https://t.co/A8EZrLEgEP,2016-10-21 18:06:52,
I'm at JR 錦糸町駅 1-2番線ホーム - @jreast_official in Sumida 東京都 https://t.co/G5kt5uxtdq,2016-10-21 18:31:35,
がたんごとん (@ JR 総武線各駅停車 錦糸町駅 in 墨田区 東京都) https://t.co/xUxFj02bah,2016-10-21 21:00:35,
ベトナムにやってきました！#生春巻#揚げ春巻#パパイヤサラダ#ベトナム風オムレツ#333ビール#かに焼き飯#ソフトシェルクラブ#フォー#ふぉー#フォー！ @… https://t.co/1azwrXlKMh,2016-10-21 21:16:32,
I'm at JR 総武線各駅停車 錦糸町駅 in 墨田区 東京都 https://t.co/M1YPOqHVgV,2016-10-22 06:20:27,
#おはようございます #goodmorning #今日のスカイツリー #skytree #sky #cloud #weather #today #tokyo #japan#空 #雲… https://t.co/35FxBTe6Ld,2016-10-22 09:44:23,
スカイツリー見れた(о´∀`о)東京ってかんじしてきたー @ 錦糸町 https://t.co/SPH3mbfRt2,2016-10-22 11:01:51,
I'm at Starbucks Coffee 錦糸町テルミナ2店 - @starbucks_j in 墨田区 東京都 https://t.co/0iCZ1ZRdUT,2016-10-22 12:41:09,
I'm at JR 錦糸町駅 1-2番線ホーム - @jreast_official in Sumida 東京都 https://t.co/Ln6ryV8t07,2016-10-22 14:08:50,
東京スカイツリーが見えた @ 錦糸町 https://t.co/g7x0hwebsg,2016-10-22 14:09:43,
お赤飯を炊きました♪ @ 錦糸町 https://t.co/wo6rPDMgvS,2016-10-22 15:18:06,
I'm at JR 錦糸町駅 1-2番線ホーム - @jreast_official in Sumida 東京都 https://t.co/wdcvJQ0xUG,2016-10-22 15:58:37,
買ってきたコンデジの設定中 (@ Starbucks Coffee 錦糸町テルミナ2店 - @starbucks_j in 墨田区 東京都) https://t.co/RNB5sUkl9v,2016-10-22 16:50:31,
I'm at JR 錦糸町駅 1-2番線ホーム - @jreast_official in Sumida 東京都 https://t.co/rOQE2GEg7l,2016-10-22 18:01:50,
I'm at JR 錦糸町駅 1-2番線ホーム - @jreast_official in Sumida 東京都 https://t.co/UVHctsL78a,2016-10-22 19:04:55,
I'm at 沖縄料理　なんくるないさー　錦糸町テルミナ店 https://t.co/h6JwRU1XuO,2016-10-22 19:52:22,
姉様のおごり！美味しかった,2016-10-22 21:32:19,
姉様のおごり！美味しかった,2016-10-22 21:34:40,
久々のポケモン遠征。噂の錦糸町駅に来てみた。狩るぞ? @ 錦糸町 https://t.co/G5nj0R7PvY,2016-10-23 10:43:13,
ごっぷらの振動が止まない。 @ 錦糸町 https://t.co/dHfV7g4vjl,2016-10-23 10:45:24,
カレー用にお米にキアヌ・リーブ…じゃなくてキヌア入れてみた♪。ややこしいなぁ(σ≧▽≦)σ @ 錦糸町 https://t.co/Jjbd1VGZxP,2016-10-23 13:26:58,
江戸切子×Starbucks Coffeeだってカッコいい。 (@ Starbucks Coffee 錦糸町テルミナ2店 - @starbucks_j in 墨田区 東京都) https://t.co/iWD2kj5rDB https://t.co/BB7hXOiaZe,2016-10-23 14:13:10,
「お、サイドンが出たぞ」「ほんとだ」程度の会話しか交わさず、ただひたすらポケモンを捕まえ続ける夫婦の図。 @ Nana's Green Tea https://t.co/RqIs8uiZCf,2016-10-23 16:37:52,
錦糸町駅前のポケモントレーナーたち。昼間より人が多いぞ… @ 錦糸町 https://t.co/YIbudhfNqP,2016-10-23 19:08:40,
I'm at ドトールコーヒーショップ 錦糸町北口店 in 墨田区 東京都 https://t.co/nDoGsv22aX,2016-10-23 20:12:59,
ホテルからはスカイツリー。いいホテル教えてもらった！Rちゃん、ありがとうね！おやすみなさいzzz @ 錦糸町 https://t.co/Ax3JmvqUpP,2016-10-24 01:12:02,
I'm at Starbucks Coffee 錦糸町テルミナ2店 - @starbucks_j in 墨田区 東京都 https://t.co/9KPDZb4pDK,2016-10-24 18:18:17,
都02系統 P-S660号車。 (@ 錦糸町駅北口 バスターミナル in 墨田区 東京都) https://t.co/rSBJ1bSvkR,2016-10-24 19:48:29,
@yukiNoy 今度はいっしょに！,2016-10-24 20:29:28,
ということで、帰りますん。 (@ JR 総武線各駅停車 錦糸町駅 in 墨田区 東京都) https://t.co/T4h1UHnAHi,2016-10-24 20:30:21,
#おはようございます #goodmorning #今日のスカイツリー #skytree #sky #sun #cloud #weather #today #tokyo #japan #空… https://t.co/nOjb5oTF3X,2016-10-25 09:45:28,
がたんごとん (@ JR 総武線各駅停車 錦糸町駅 in 墨田区 東京都) https://t.co/KRzU63PNbc,2016-10-25 19:46:51,
ネタはイマイチかな。寿司食って寝よ。 @ 錦糸町 https://t.co/lBq9souJf4,2016-10-25 21:19:18,
#おはようございます #goodmorning #今日のスカイツリー #skytree #sky #sun #weather #today #tokyo #japan #空 #晴れ… https://t.co/QmUuPJO6Qe,2016-10-26 09:46:14,
#初めて錦糸町に降り立つ #いい街だ な(^-^) @ 錦糸町 https://t.co/juPpthZkiE,2016-10-26 13:53:12,
焼肉フランス人…？フランス人の要素がパッと見何一つ無い気がするが、やっぱ錦糸町はスゴいなw @ 錦糸町 https://t.co/RFfWiHVa4O,2016-10-26 16:39:28,
がたんごとん (@ JR 総武線各駅停車 錦糸町駅 in 墨田区 東京都) https://t.co/0zrhDrAPG5,2016-10-26 21:04:44,
セイな1日でした。in錦糸町 @ 錦糸町 https://t.co/01DgUQw3k9,2016-10-26 22:03:01,
セイな1日でした。 @ 錦糸町 https://t.co/01DgUQw3k9,2016-10-26 22:04:02,
前橋の事務所行くより10分先発始業ギリギリだった(笑) @ 錦糸町 https://t.co/mfWc8RdiTy,2016-10-27 08:39:02,
#おはようございます #goodmorning #今日のスカイツリー #skytree #sky #sun #weather #today #tokyo #japan#空 #晴れ #太陽… https://t.co/WvM70d81xb,2016-10-27 09:48:00,
珍しくすんなり入れた。久々に飲むスーパードライは美味いな。 @ ねぎし https://t.co/RV2PnvGgiW,2016-10-27 17:53:54,
がたんごとん (@ JR 総武線各駅停車 錦糸町駅 in 墨田区 東京都) https://t.co/zgiWJ3pbsT,2016-10-27 21:41:52,
#ジンギスカン#からの#和カフェ#foodstagram @ 錦糸町 https://t.co/bOpPPWYh12,2016-10-27 23:19:35,
さとる、神庭、こうくん楽しい時間だったなー,2016-10-27 23:37:26,
New Villain小峠キンシ町 蛇#tokyotribeWARU @ 錦糸町 https://t.co/NMcTTmwft6,2016-10-28 00:50:19,
がたんごとん (@ JR 総武線各駅停車 錦糸町駅 in 墨田区 東京都) https://t.co/y7WmPa4oBq,2016-10-28 21:05:48,
#おはようございます #goodmorning #今日のスカイツリー #skytree #sky #sun #cloud #weather #today #tokyo #japan #空… https://t.co/KxciLNmlPj,2016-10-29 09:41:56,
降 (@ JR 総武線各駅停車 錦糸町駅 in 墨田区 東京都) https://t.co/L3HYvQYCZy,2016-10-29 13:33:48,
サトノルパン勝ったら豚カツ代タダにしてやるよ,2016-10-29 15:33:07,
かかってるし,2016-10-29 15:36:26,
あーーーそっちやないねん,2016-10-29 15:37:36,
あれ？,2016-10-29 15:38:25,
俺はとんでもないことに気づいてしまった,2016-10-29 15:38:44,
僕がみたエイシンスパルタンの調教神だったぞ…,2016-10-29 15:42:15,
まあこいついつも神なイメージある,2016-10-29 15:43:14,
階上 取消,2016-10-29 15:43:32,
ワイド 4800円ってマジ？,2016-10-29 15:43:58,
無駄にサトノクラウンが人気になってじょぬおがきれそう,2016-10-29 15:45:02,
人気人気おつしゅ,2016-10-29 15:48:35,
出 5400入 28800,2016-10-29 15:49:57,
降格圏のチームどこも負けてて草,2016-10-29 15:53:53,
アルビの運命やいかに,2016-10-29 15:54:19,
コザ姫がまた私の裸みてアピールしてる,2016-10-29 15:54:59,
@NocturneP1205 雑魚,2016-10-29 15:55:08,
トンカツは席確保のパシりとしてじょぬおの分は出してやるか,2016-10-29 15:55:55,
@NocturneP1205 lol,2016-10-29 15:56:32,
ez kill,2016-10-29 15:57:30,
@NocturneP1205 努力を評価する有能上司だからな,2016-10-29 15:57:53,
ビールオイシイデスネ〜*(^o^)/*イブニング日高屋最高かよ笑#チョイ飲み #錦糸町 #日高屋 @ 錦糸町 https://t.co/boZoWxIcHU,2016-10-29 17:38:12,
きょうは恋の予感…鯉の予感。うまー_φ(’-’*)o♪ @ 錦糸町 https://t.co/Jx0mGU5c05,2016-10-29 19:44:40,
#Skytree #blackwhite ,2016-10-29 23:01:05,
My friends made these delicious dishes for the Halloween party! @ 錦糸町 https://t.co/q3ZSawNaC0,2016-10-30 00:35:13,
今年のハロウィンパーティー。私はぐでたまでダル〜かった！#halloween #party #ハロウィン @ 錦糸町 https://t.co/tYMFkxk8xj,2016-10-30 00:37:24,
I'm at ドトールコーヒーショップ 錦糸町北口店 in 墨田区 東京都 https://t.co/VaqW9DcSH1,2016-10-30 08:38:40,
今朝はカリスマ農家さんの山形つや姫♪。おかずを質素にすると、ごはんのおいしさが引き立ちます(σ≧▽≦)σ @ 錦糸町 https://t.co/sYjVawozV9,2016-10-30 08:58:42,
錦糸町ごっちん誕生日おめでとうHalloween,2016-10-30 09:14:33,
東京の2000　外枠捨てましたあと逃げ切りも困難でもこれ　当たるのかな？#天皇賞秋 #jra #アンビシャス#横山典弘 @ 錦糸町 https://t.co/iNy9XdT9fZ,2016-10-30 10:40:37,
,2016-10-30 11:26:07,
錦糸町に来るといつもは台湾料理屋さんなんだけど、こないだ見かけたこちらが気になって。これで700円はコスパ高い！ @ ?? 錦糸町店 https://t.co/fFuklDtXdT,2016-10-30 12:19:51,
お昼は炊飯器でひつまぶしチャレンジする(σ≧▽≦)σ @ 錦糸町 https://t.co/gUX7JVUN33,2016-10-30 12:20:30,
うな玉まぶし_φ(･_･。俺の炊き込み御飯至上最高のうまさ_φ(’-’*)o。もち米2割混ぜたのがgood(σ≧▽≦)σ @ 錦糸町 https://t.co/VDBlwXcrWG,2016-10-30 14:09:45,
I'm at 錦糸町駅北口 バスターミナル in 墨田区 東京都 https://t.co/94hQcF8z4e,2016-10-30 14:31:01,
日高屋ーーー。壁にマヨネーズってドユコトw#杉山優太#清川修輔#錦糸町 @ 錦糸町 https://t.co/UIKGeLy6vR,2016-10-31 09:39:00,
#錦糸町 の北側の裏路地で、おいしそうな #サンドイッチ を見つけたので。クッキングパン、サンドイッチえがみさん。広めのパンに肉厚ハムと香ばしいチーズ、250円込。朝から元気でるね。 @… https://t.co/IFdhGNLOoK,2016-10-31 10:45:52,
隣で電話してるんだけど内容がこわすぎて……w#清川修輔 #錦糸町 #上野 #磯丸水産 @ 錦糸町 https://t.co/soaAIU3Xi0,2016-10-31 11:05:59,
#錦糸町 から #亀戸 まで足を伸ばしてみよう。すみだ珈琲ってオシャレなお店だな。#船橋屋 は工事中でも、鯉は元気。 @ 錦糸町 https://t.co/IQWADMNB6R,2016-10-31 11:28:56,
がたんごとん (@ JR 総武線各駅停車 錦糸町駅 in 墨田区 東京都) https://t.co/kDSNoNSMc3,2016-10-31 17:25:27,
@deadmonster_sss 恐るべき白髪率,2016-10-31 18:23:43,
男2人でSnowキメる荒技を繰り出した。,2016-10-31 20:58:55,
.10月めちゃ充実,2016-10-31 21:09:53,
Happy Holloween @ Starbucks Kinshicho Stn https://t.co/3u5DlijlL5,2016-10-31 21:21:07,
