通過ー (@ 下総中山駅 - @jreast_official in 船橋市 千葉県) https://t.co/ypvByQYxrt,2016-08-02 22:13:41,
I'm at 下総中山駅 - @jreast_official in 船橋市 千葉県 https://t.co/5Ei1hQ4QRZ,2016-08-04 11:17:05,
I'm at 下総中山駅 - @jreast_official in 船橋市 千葉県 w/ @jo9_3 https://t.co/SoQlUtEre5,2016-08-04 11:39:45,
I'm at せい家 下総中山店 in 船橋市 千葉県 https://t.co/CmZwfZUWtB,2016-08-04 19:18:59,
うん。うんうん。え？ @ Shim?sa-Nakayama Station https://t.co/KQSpRtyxnd,2016-08-05 02:26:20,
I'm at ドトールコーヒーショップ 下総中山北口店 in 船橋市 千葉県 https://t.co/D3PdToQp2w,2016-08-05 12:46:03,
I'm at 下総中山駅 - @jreast_official in 船橋市 千葉県 https://t.co/RhHPi9pTLG,2016-08-07 11:33:14,
最寄り着いた！ (@ 下総中山駅 - @jreast_official in 船橋市 千葉県) https://t.co/1F0lLEgxH6,2016-08-07 12:52:51,
Su?er :) #hund #su? #cute #こたろー #こたちゃん @ Shim?sa-Nakayama Station https://t.co/x3AlmkXSiv,2016-08-07 13:00:27,
RPM45 BodyJam60 (@ コナミスポーツクラブ 下総中山 in 船橋市 千葉県) https://t.co/UiCBOu2Opt,2016-08-07 13:35:45,
I'm at 下総中山駅 in 船橋市 千葉県 https://t.co/BMsT03WIqY,2016-08-09 18:00:31,
帰宅途中。電車空いてる〜 (@ 下総中山駅 - @jreast_official in 船橋市 千葉県) https://t.co/pR3q5mwgby,2016-08-10 19:03:50,
I'm at 下総中山駅 - @jreast_official in 船橋市 千葉県 https://t.co/v9oIkbiz4p,2016-08-11 09:54:26,
I'm at 下総中山駅 - @jreast_official in 船橋市 千葉県 https://t.co/rSfAk8PfhG,2016-08-11 10:42:20,
来週のスタジオ予約 (@ コナミスポーツクラブ 下総中山 in 船橋市 千葉県) https://t.co/nWWun4qtbw,2016-10-07 15:15:44,
I'm at 下総中山駅 in 船橋市 千葉県 https://t.co/JJzdJDySLy,2016-10-07 17:40:41,
I'm at ドトールコーヒーショップ 下総中山北口店 in 船橋市 千葉県 https://t.co/jwMkJoNhaW,2016-10-07 18:11:07,
結局 (@ せい家 下総中山店 in 船橋市 千葉県) https://t.co/c3cSnh11z8,2016-10-07 19:25:36,
Just posted a photo @ 下総中山駅 https://t.co/daBR7SwigU,2016-10-07 19:28:11,
I'm at 下総中山駅 - @jreast_official in 船橋市 千葉県 https://t.co/X9NQE3pqEP,2016-10-08 11:53:24,
帰るよー (@ 下総中山駅 - @jreast_official in 船橋市 千葉県) https://t.co/xqXQPkQIzD,2016-10-08 23:54:52,
トップライド60minSP (@ コナミスポーツクラブ 下総中山 in 船橋市 千葉県) https://t.co/erGO8vA7hP,2016-10-10 11:03:22,
I'm at 下総中山駅 - @jreast_official in 船橋市 千葉県 https://t.co/l6yJEb2Vj7,2016-10-10 11:07:16,
武蔵野がクソダイヤだからﾊﾞｯｽで帰る (@ 下総中山駅 - @jreast_official in 船橋市 千葉県) https://t.co/cbvA7bAYQJ,2016-10-10 20:58:00,
何故か休憩中のはがと (@ せい家 下総中山店 in 船橋市 千葉県 w/ @haou_ware) https://t.co/FnbSPl4FVc,2016-10-11 12:37:06,
だむと (@ せい家 下総中山店 in 船橋市 千葉県 w/ @dam_pzdr) https://t.co/eD2HmgvwRT,2016-10-11 12:38:40,
とりあえずここで時間つぶすしか… (@ ドトールコーヒーショップ 下総中山北口店 in 船橋市 千葉県) https://t.co/Y8wets3X4G,2016-10-11 14:09:08,
I'm at 下総中山駅 - @jreast_official in 船橋市 千葉県 https://t.co/jMTprkxdHO,2016-10-11 16:32:11,
I'm at 下総中山駅 - @jreast_official in 船橋市 千葉県 https://t.co/zIJNYbCV4t,2016-10-12 16:10:16,
最寄りー (@ 下総中山駅 - @jreast_official in 船橋市 千葉県) https://t.co/7Jb4UEWroR,2016-10-12 19:24:29,
I'm at 下総中山駅 - @jreast_official in 船橋市 千葉県 https://t.co/B4f7O5GU3n,2016-10-12 19:28:48,
うわあ……。 #京浜東北線 、この時間にポイント点検で運転見合わせとかつらみある……。帰れない人も点検中の中の人も乙です……。 @ Shim?sa-Nakayama Station https://t.co/82TPH8e1af,2016-10-13 00:20:39,
I'm at 下総中山駅 - @jreast_official in 船橋市 千葉県 https://t.co/b4fcf68toj,2016-10-13 09:23:02,
I'm at 下総中山駅 - @jreast_official in 船橋市 千葉県 https://t.co/fclofkgCxo,2016-10-13 17:29:38,
I'm at 下総中山駅 - @jreast_official in 船橋市 千葉県 https://t.co/7sk6763t44,2016-10-13 19:02:49,
I'm at 下総中山駅 - @jreast_official in 船橋市 千葉県 https://t.co/6SyJrSkaJy,2016-10-14 04:34:18,
I'm at 下総中山駅 - @jreast_official in 船橋市 千葉県 https://t.co/oUIppQ9HFY,2016-10-14 15:21:20,
I'm at 下総中山駅 - @jreast_official in 船橋市 千葉県 https://t.co/XmXUJd5hzQ,2016-10-15 01:02:15,
大好きBodypump#lesmilles #Bodypump @ コナミスポーツクラブ下総中山 https://t.co/S6EteUDWA6,2016-10-15 09:22:12,
うさうさ中山 (@ 下総中山駅 - @jreast_official in 船橋市 千葉県) https://t.co/zBNEGCjmk1,2016-10-15 11:16:24,
珍しく大行列。プラレールのおまけ効果？ (@ マクドナルド 下総中山駅前店 in 船橋市 千葉県) https://t.co/ReCHTVzye8,2016-10-15 12:34:13,
結構混んでます (@ マクドナルド 下総中山駅前店 - @mcdonaldsjapan in 船橋市 千葉県) https://t.co/z3PzIUH65u,2016-10-15 15:26:53,
I'm at 下総中山駅 - @jreast_official in 船橋市 千葉県 https://t.co/YFpohBza3b,2016-10-15 15:54:06,
最寄り着いた！ (@ 下総中山駅 - @jreast_official in 船橋市 千葉県) https://t.co/5D4ajAGz3H,2016-10-16 05:32:54,
トップライド45 メガダンス45 ともに新曲は2回目 (@ コナミスポーツクラブ 下総中山 in 船橋市 千葉県) https://t.co/JwtpO8pszT,2016-10-16 18:59:45,
下総中山で人身事故。朝から俺はおこているよ (@ 下総中山駅 - @jreast_official in 船橋市 千葉県) https://t.co/01XVSMuTN6,2016-10-17 06:44:54,
今日人身起きたとこ (@ 下総中山駅 - @jreast_official in 船橋市 千葉県) https://t.co/2h6dOieOWi,2016-10-17 15:33:10,
最近の事故現場…,2016-10-17 16:11:23,
バス行ったばかりだから歩いて帰ろうと思ってストレッチしてたら、バス来ちゃったのでアッサリと誘惑に負けるなど?(^o^)／ (@ 下総中山駅 - @jreast_official in 船橋市 千葉県) https://t.co/KsRRZYW6T7,2016-10-17 19:42:34,
I'm at 下総中山駅 - @jreast_official in 船橋市 千葉県 https://t.co/8xhpdX2nG5,2016-10-17 21:15:08,
I'm at 下総中山駅 - @jreast_official in 船橋市 千葉県 https://t.co/OGb7DVXh9B,2016-10-18 11:45:53,
I'm at ガスト 下総中山店 - @gusto_official in 船橋市 千葉県 https://t.co/OmdHVygHHD,2016-10-18 14:13:17,
ただいま。 (@ 下総中山駅 - @jreast_official in 船橋市 千葉県) https://t.co/RMH2MCDr1s,2016-10-19 00:15:26,
I'm at 下総中山駅 - @jreast_official in 船橋市 千葉県 https://t.co/XKRJHuqPb2,2016-10-19 11:19:00,
I'm at 下総中山駅 - @jreast_official in 船橋市 千葉県 https://t.co/ewA260l8rG,2016-10-19 14:39:58,
I'm at せい家 下総中山店 in 船橋市 千葉県 https://t.co/cXQdizxEXL,2016-10-21 16:59:01,
夕飯 (@ せい家 下総中山店 in 船橋市 千葉県) https://t.co/yoPjEydwEh,2016-10-21 20:53:39,
I'm at 下総中山駅 - @jreast_official in 船橋市 千葉県 https://t.co/tnnCjB2OzH,2016-10-21 21:15:59,
I'm at 文教堂書店 下総中山店 in 船橋市 千葉県 https://t.co/m36aR81hW6,2016-10-21 21:16:12,
I'm at 下総中山駅 - @jreast_official in 船橋市 千葉県 https://t.co/4qMlPOBdYE,2016-10-22 00:15:57,
I'm at 下総中山駅 - @jreast_official in 船橋市 千葉県 https://t.co/9vSJAagro4,2016-10-22 16:52:49,
I'm at 下総中山駅 - @jreast_official in 船橋市 千葉県 https://t.co/zvTz2I1AgV,2016-10-23 08:37:16,
I'm at 下総中山駅 in 船橋市 千葉県 https://t.co/pJkHAmYxUh,2016-10-23 10:40:51,
I'm at NEWDAYS 下総中山店 in 船橋市 千葉県 https://t.co/GGCNkuOLCp,2016-10-24 18:55:21,
一条さん家行く (@ 下総中山駅 - @jreast_official in 船橋市 千葉県) https://t.co/jnXHfrY94D,2016-10-25 16:35:02,
タブレットで注文して、お椀のお金で支払うというハイブリッドスタイルの立ち飲み屋。それが「づめかん」本日の目玉は「生牡蠣150円」です。#づめかん #立ち飲み #1000ベロ @ づめかん https://t.co/hD6Ury4q6f,2016-10-27 22:25:25,
これ一個150円とか。逆に怖い。#生牡蠣 @ づめかん https://t.co/trgSo3nsev,2016-10-27 22:26:26,
最寄り着いた (@ 下総中山駅 - @jreast_official in 船橋市 千葉県) https://t.co/1p2ukxn8OH,2016-10-28 00:19:20,
I'm at 下総中山駅 in 船橋市 千葉県 https://t.co/QZQXizF5Ve,2016-10-28 17:56:08,
I'm at 下総中山駅 - @jreast_official in 船橋市 千葉県 https://t.co/mramOHDnSG,2016-10-29 17:19:19,
I'm at 下総中山駅 - @jreast_official in 船橋市 千葉県 https://t.co/aJvcpyJRtd,2016-10-29 18:22:14,
I'm at 下総中山駅 - @jreast_official in 船橋市 千葉県 https://t.co/7zPR2sL5k9,2016-10-31 17:18:06,
