I'm at 幕張本郷駅 - @jreast_official in 千葉市 千葉県 https://t.co/VmcDMgpi3n,2016-08-01 08:06:29,
I'm at 幕張本郷駅 - @jreast_official in 千葉市 千葉県 https://t.co/hLRTgsxVmt,2016-08-01 09:39:51,
前の免許証忘れたので取りに帰ります…(ヽ´ω`) (@ 幕張本郷駅 - @jreast_official in 千葉市 千葉県) https://t.co/wCOjCqwVYQ,2016-08-01 10:53:47,
移動で疲れる。 (@ 幕張本郷駅 - @jreast_official in 千葉市 千葉県) https://t.co/CFFtw3pgUF,2016-08-01 12:56:36,
I'm at 幕張本郷駅 - @jreast_official in 千葉市 千葉県 https://t.co/qMSfvmrGBH,2016-08-01 13:01:57,
I'm at 幕張本郷駅 - @jreast_official in 千葉市 千葉県 https://t.co/WcqOApY4OQ,2016-08-01 13:44:05,
I'm at 幕張本郷駅 - @jreast_official in 千葉市 千葉県 https://t.co/0C5IjyXR2V,2016-08-01 20:18:23,
雷のせいで意図せず開門を叩くことになりそうだ (@ 幕張本郷駅 - @jreast_official in 千葉市 千葉県) https://t.co/h9h0c5Z0kq,2016-08-02 07:55:55,
Night stuff being all stuffy at night. @ Makuharihong? Station https://t.co/0PwGU5J2Kz,2016-08-02 15:19:28,
仕事終わって帰宅中なう！帰りに買いましたー 今日から神宮6連戦だね。連敗ストップ出来るようにみんなで応燕しましょう！！ @… https://t.co/fHkDKIoBIn,2016-08-02 18:04:33,
I'm at 幕張本郷駅 - @jreast_official in 千葉市 千葉県 https://t.co/whTlwOiMZX,2016-08-03 07:05:11,
I'm at 幕張本郷駅 - @jreast_official in 千葉市 千葉県 https://t.co/2LxPYLAx4G,2016-08-04 08:10:51,
オンデマンドだから多少は良いかなって気持ちになってる (@ 幕張本郷駅 - @jreast_official in 千葉市 千葉県) https://t.co/pOqheVfmPw,2016-08-04 09:31:06,
I'm at 幕張本郷駅 - @jreast_official in 千葉市 千葉県 https://t.co/Oh8vA11EfO,2016-08-04 11:37:54,
Arv･･･12:08:30 (@ 幕張本郷駅 1番線ホーム - @jreast_official in 千葉市花見川区 千葉県) https://t.co/GBIjiMw8Hw,2016-08-04 12:08:30,
I'm at 幕張本郷駅 - @jreast_official in 千葉市 千葉県 https://t.co/MSXxk9geR9,2016-08-04 19:11:27,
Arv･･･09:36:45 (@ 幕張本郷駅 - @jreast_official in 千葉市 千葉県) https://t.co/WJ8zVUFI2q,2016-08-05 09:36:49,
I'm at 幕張本郷駅 - @jreast_official in 千葉市 千葉県 https://t.co/ZASV4ToNRI,2016-08-06 00:18:19,
Dep. (@ 幕張本郷駅 1番線ホーム - @jreast_official in 千葉市花見川区 千葉県) https://t.co/rtiT0tSMyA,2016-08-06 16:29:38,
バス乗り場ありえんえぐい (@ 幕張本郷駅 - @jreast_official in 千葉市 千葉県) https://t.co/zKZ1oYtiX7,2016-08-06 17:00:28,
I'm at 幕張本郷駅 - @jreast_official in 千葉市 千葉県 https://t.co/ZbRP4taUJC,2016-08-06 21:03:32,
I'm at 幕張本郷駅 - @jreast_official in 千葉市 千葉県 https://t.co/UZVbv5J0o1,2016-08-06 21:16:59,
I'm at 幕張本郷駅 - @jreast_official in 千葉市 千葉県 https://t.co/enxonUM4rf,2016-08-07 05:16:31,
I'm at 幕張本郷駅 in 千葉市 千葉県 https://t.co/GVy0y3iwES,2016-08-07 08:19:08,
I'm at 幕張本郷駅 - @jreast_official in 千葉市 千葉県 https://t.co/PX8J9DZ3a0,2016-08-07 12:21:09,
相葉さんの実家以来。 (@ 幕張本郷駅 - @jreast_official in 千葉市 千葉県) https://t.co/5pKFjDkK3x,2016-08-07 12:36:53,
I'm at 幕張本郷駅 in 千葉市 千葉県 https://t.co/VBQvlSST0B,2016-08-07 14:54:54,
I'm at 幕張本郷駅 - @jreast_official in 千葉市 千葉県 https://t.co/VvmQQ09Ltg,2016-08-07 15:42:02,
ベンツバス乗ってきた (@ 幕張本郷駅 - @jreast_official in 千葉市 千葉県) https://t.co/jwTZfdRBRj,2016-08-07 17:42:59,
I'm at 幕張本郷駅 - @jreast_official in 千葉市 千葉県 w/ @4770kz97 https://t.co/TNT0VxlXNl,2016-08-07 17:43:12,
Arv. (@ 幕張本郷駅 1番線ホーム - @jreast_official in 千葉市花見川区 千葉県) https://t.co/HPpvPgbKPk,2016-08-08 15:05:04,
I'm at 幕張本郷駅 in 千葉市 千葉県 https://t.co/jiYVR2Cmxl,2016-08-08 16:11:27,
I'm at 日替わり特急座席 in 千葉市 https://t.co/HiTh6SIBzM https://t.co/fOpHfwh1rI,2016-08-08 20:11:36,
I'm at 幕張本郷駅 in 千葉市 千葉県 https://t.co/kg5M1BxKeB,2016-08-08 22:08:19,
I'm at 幕張本郷駅 - @jreast_official in 千葉市 千葉県 https://t.co/0Y5ZenBb6N,2016-08-08 23:44:37,
I'm at 幕張本郷駅 - @jreast_official in 千葉市 千葉県 https://t.co/9uWEpFIZdh,2016-08-09 15:53:24,
I'm at 幕張本郷駅 - @jreast_official in 千葉市 千葉県 https://t.co/JnctmAmWyE,2016-08-09 19:15:26,
I'm at 幕張本郷駅 - @jreast_official in 千葉市 千葉県 https://t.co/GivTLrcs0k,2016-08-09 22:23:44,
I'm at 幕張本郷駅 - @jreast_official in 千葉市 千葉県 https://t.co/pI2ODsHkak,2016-08-10 08:16:48,
I'm at 幕張本郷駅 - @jreast_official in 千葉市 千葉県 https://t.co/sEDnRtRYh8,2016-08-10 14:37:00,
I'm at 幕張本郷駅 - @jreast_official in 千葉市 千葉県 https://t.co/M2B03FkMRE,2016-08-10 17:04:55,
I'm at 幕張本郷駅 - @jreast_official in 千葉市 千葉県 https://t.co/Qc9b3NIpJO,2016-08-10 19:01:57,
I'm at 幕張本郷駅 - @jreast_official in 千葉市 千葉県 https://t.co/y3hqRfXge8,2016-08-10 20:26:55,
行けるもんね (@ 幕張本郷駅 - @jreast_official in 千葉市 千葉県) https://t.co/Fa1G73UcRA,2016-08-10 20:33:27,
Ride the rail. @ Makuharihong? Station https://t.co/YZ1ZEWXxiw,2016-08-10 20:53:07,
今日はサークルのナオンの家で一夜を過ごしまつ (@ 幕張本郷駅 - @jreast_official in 千葉市 千葉県) https://t.co/YtAKK5zy1w,2016-08-10 22:00:33,
I'm at 幕張本郷駅 - @jreast_official in 千葉市 千葉県 https://t.co/wXq61eWgYb,2016-08-10 22:47:02,
I'm at 幕張本郷駅 - @jreast_official in 千葉市 千葉県 https://t.co/zfWS6JkGw6,2016-08-10 23:04:05,
出発 (@ 幕張本郷駅 - @jreast_official in 千葉市 千葉県) https://t.co/A6qF88Gujf https://t.co/KrvkjwK0YG,2016-08-11 05:32:54,
I'm at 幕張本郷駅 - @jreast_official in 千葉市 千葉県 https://t.co/faZzO3tFpV,2016-08-11 09:12:21,
ここから歩くというｗ (@ 幕張本郷駅 - @jreast_official in 千葉市 千葉県) https://t.co/j4Lft88NiQ,2016-08-11 12:44:08,
I'm at 日替わり特急座席 in 千葉市 https://t.co/5ONOlcma1a https://t.co/0Z54hLNL6P,2016-10-06 15:06:48,
いやお前止まらんやろ (@ 幕張本郷駅 in 千葉市 千葉県) https://t.co/lIvM52RTjw https://t.co/D1X1NgCMvM,2016-10-06 15:07:31,
京成電鉄残りをいくよ (@ 京成幕張本郷駅 1-2番線ホーム in 千葉市 千葉県) https://t.co/juJ1UzAbGg,2016-10-06 16:52:47,
I'm at 幕張本郷駅 - @jreast_official in 千葉市 千葉県 https://t.co/5NgNtsumjQ,2016-10-06 17:51:11,
通過 (@ 幕張本郷駅 - @jreast_official in 千葉市 千葉県) https://t.co/r8v18FaaGW,2016-10-07 16:46:11,
それを言ったらウチの親父は岸洋子の「恋心」が十八番なんだが、怖くてツッコめない(爆) (@ 日替わり特急座席 in 千葉市) https://t.co/qHYhFaieBT,2016-10-08 10:35:05,
I'm at 幕張本郷駅 - @jreast_official in 千葉市 千葉県 https://t.co/2BoqPTDsyk,2016-10-08 11:45:02,
I'm at 幕張本郷駅 - @jreast_official in 千葉市 千葉県 https://t.co/INBIX9klBl,2016-10-08 12:04:38,
I'm at ファミリーマート 京成幕張本郷駅店 in Chiba 千葉県 https://t.co/1FUNq3T905,2016-10-08 12:06:14,
I'm at PRONTO 京成幕張本郷店 - @pronto_pr in Chiba Chiba-ken https://t.co/bgWoXJEyYy,2016-10-08 12:20:19,
I'm at 幕張本郷駅 - @jreast_official in 千葉市 千葉県 https://t.co/k2c2pVdEqQ,2016-10-08 14:28:59,
I'm at 幕張本郷駅 - @jreast_official in 千葉市 千葉県 https://t.co/SwbVSngppA,2016-10-08 15:27:50,
I'm at 幕張本郷駅 in 千葉市 千葉県 https://t.co/Gk4eCsUUsC,2016-10-08 15:34:21,
I'm at 幕張本郷駅 - @jreast_official in 千葉市 千葉県 https://t.co/OkPs5yKiSh,2016-10-08 16:53:55,
I'm at 幕張本郷駅 - @jreast_official in 千葉市 千葉県 https://t.co/MXg0KhRpde,2016-10-08 21:40:34,
I'm at 幕張本郷駅 - @jreast_official in 千葉市 千葉県 https://t.co/MuZeoPwl5x,2016-10-08 22:11:36,
おはよう幕張本郷 @ Makuharihong? Station https://t.co/yzlQea9ThI,2016-10-09 05:41:51,
I'm at 幕張本郷駅 - @jreast_official in 千葉市 千葉県 https://t.co/E66CIrb7Ji,2016-10-09 08:48:18,
新宿は豪雨 (@ 幕張本郷駅 - @jreast_official in 千葉市 千葉県) https://t.co/Nez60Bzhsg,2016-10-09 09:03:53,
I'm at 幕張本郷駅 - @jreast_official in 千葉市 千葉県 https://t.co/O98egMQxrw,2016-10-09 18:18:56,
I'm at 日替わり特急座席 in 千葉市 https://t.co/lrZRsXXXJf https://t.co/jzSuLEmieX,2016-10-09 19:25:50,
I'm at 幕張本郷駅 - @jreast_official in 千葉市 千葉県 https://t.co/jtkTHC0M8e,2016-10-10 08:36:18,
I'm at 幕張本郷駅 - @jreast_official in 千葉市 千葉県 https://t.co/KLvUAloDxU,2016-10-10 10:03:10,
I'm at 幕張本郷駅 - @jreast_official in 千葉市 千葉県 https://t.co/mxWTgHhwSQ,2016-10-10 10:08:34,
I'm at 幕張本郷駅 - @jreast_official in 千葉市 千葉県 https://t.co/pjToNqDQOa,2016-10-10 22:05:45,
通過 (@ 幕張本郷駅 - @jreast_official in 千葉市 千葉県) https://t.co/SstnlDeYhV,2016-10-11 17:11:14,
レ (@ 幕張本郷駅 - @jreast_official in 千葉市 千葉県 w/ @a32kita) https://t.co/PEQe3wo5ND,2016-10-11 17:11:57,
乗り換え (@ 幕張本郷駅 - @jreast_official in 千葉市 千葉県) https://t.co/YduSeCX9I4,2016-10-13 10:09:28,
なんとか収まったので (@ 幕張本郷駅 - @jreast_official in 千葉市 千葉県) https://t.co/XgEKYORxOC,2016-10-13 17:12:28,
I'm at 幕張本郷駅 1番線ホーム - @jreast_official in 千葉市花見川区 千葉県 https://t.co/SjmqFByR3j,2016-10-13 17:12:55,
I'm at 日替わり特急座席 in 千葉市 https://t.co/EG6sb2cIoo,2016-10-13 17:13:07,
Arv. (@ 幕張本郷駅 - @jreast_official in 千葉市 千葉県) https://t.co/ltjwAnfMJ7,2016-10-15 17:06:15,
Just posted a photo @ Makuharihong? Station https://t.co/vC2lw4sPe5,2016-10-15 20:24:20,
I'm at 幕張本郷駅 - @jreast_official in 千葉市 千葉県 https://t.co/F1v6nStjTw,2016-10-16 08:30:38,
I'm at PRONTO 京成幕張本郷店 - @pronto_pr in Chiba Chiba-ken https://t.co/SkLqeJEoz6,2016-10-16 12:20:51,
さて、終電アルヨ。バスでわざわざ移動したアルヨ。 (@ 幕張本郷駅 - @jreast_official in 千葉市 千葉県) https://t.co/TKU8e16p9f https://t.co/9eZBRmvviX,2016-10-16 23:55:57,
I'm at 幕張本郷駅 - @jreast_official in 千葉市 千葉県 https://t.co/j3yEgIp9Vs,2016-10-17 19:30:14,
I'm at 幕張本郷駅 - @jreast_official in 千葉市 千葉県 https://t.co/GTfFzQtZfL,2016-10-18 12:34:12,
I'm at 京成幕張本郷駅 1-2番線ホーム in 千葉市 千葉県 https://t.co/RPXwPx1sJH,2016-10-18 12:34:45,
I'm at 幕張本郷駅 - @jreast_official in 千葉市 千葉県 https://t.co/IKUPUQCak6,2016-10-18 14:06:49,
I'm at 幕張本郷駅 - @jreast_official in 千葉市 千葉県 https://t.co/8eBbQ1LW7i,2016-10-19 06:17:06,
I'm at 幕張本郷駅 - @jreast_official in 千葉市 千葉県 https://t.co/PCYsTyDvDW,2016-10-19 07:36:59,
到着済 (@ 幕張本郷駅 1番線ホーム - @jreast_official in 千葉市花見川区 千葉県) https://t.co/kOkGZskhDO,2016-10-19 17:02:33,
Station talk. Mostly pleasantries. @ Makuharihong? Station https://t.co/JU5FTwNnvw,2016-10-19 21:50:25,
まだまだ歩くで！ (@ 幕張本郷駅 - @jreast_official in 千葉市 千葉県) https://t.co/YHaIU3wWpK https://t.co/3kV8SeZ3vq,2016-10-20 19:49:44,
I'm at 幕張本郷駅 - @jreast_official in 千葉市 千葉県 https://t.co/0VYBUVvBsr,2016-10-22 09:36:26,
I'm at 幕張本郷駅 - @jreast_official in 千葉市 千葉県 https://t.co/YHktbI8QPv,2016-10-22 13:11:38,
I'm at 幕張本郷駅 - @jreast_official in 千葉市 千葉県 https://t.co/yrI9njNmfF,2016-10-23 08:33:01,
1616C(3分延) (@ 幕張本郷駅 - @jreast_official in 千葉市 千葉県) https://t.co/ODCUsur6BE,2016-10-23 18:08:21,
I'm at 幕張本郷駅 - @jreast_official in 千葉市 千葉県 https://t.co/dIU6gY5DNh,2016-10-24 06:24:53,
I'm at 幕張本郷駅 in 千葉市 千葉県 https://t.co/qWCmMFrUZh,2016-10-24 12:33:58,
Arv. (@ 幕張本郷駅 - @jreast_official in 千葉市 千葉県) https://t.co/3bHSFWAzl5,2016-10-24 16:50:30,
I'm at 幕張本郷駅 - @jreast_official in 千葉市 千葉県 https://t.co/uaEtiUyG6U,2016-10-24 17:30:35,
I'm at 幕張本郷駅 in 千葉市 千葉県 https://t.co/AmjFHnIwdC,2016-10-24 17:57:25,
なんもなくてくさ (@ Makuhari-Hong? Station - @jreast_official in 千葉市 千葉県) https://t.co/LRRuackubd,2016-10-25 16:26:11,
I'm at 幕張本郷駅 - @jreast_official in 千葉市 千葉県 https://t.co/xnd5B0eMgx,2016-10-25 19:26:49,
帰る (@ 幕張本郷駅 - @jreast_official in 千葉市 千葉県) https://t.co/Sl95ig8e5l,2016-10-26 18:59:25,
バカは休み休み言えよFFだったらサニールキノだろ？シルビア か？ベイビーZか？ 日産ライトウェイトスポーツ、2018年登場の噂 | Spyder7（スパイダーセブン） - https://t.co/4WlGhqP3y6,2016-10-27 16:44:55,
I'm at 幕張本郷駅 - @jreast_official in 千葉市 千葉県 https://t.co/dN2vl4Iym5,2016-10-28 06:52:42,
I'm at 幕張本郷駅 - @jreast_official in 千葉市 千葉県 https://t.co/gujbwT774o,2016-10-28 07:45:30,
I'm at 幕張本郷駅 - @jreast_official in 千葉市 千葉県 https://t.co/dVvRIC9Vel,2016-10-28 15:30:42,
Arv. (@ 幕張本郷駅 - @jreast_official in 千葉市 千葉県) https://t.co/zuQVmSahgc,2016-10-28 17:46:38,
I'm at 幕張本郷駅 - @jreast_official in 千葉市 千葉県 https://t.co/leW8BzSxh7,2016-10-29 05:59:44,
時代華やかりし頃の行先 (@ 日替わり特急座席 in 千葉市) https://t.co/Csl8fmrcuF https://t.co/EfPISnXRv3,2016-10-29 06:04:35,
アイカツ番長のお通りだぞ (@ 幕張本郷駅 - @jreast_official in 千葉市 千葉県) https://t.co/fhxpMjuchE,2016-10-29 17:49:35,
I'm at 幕張本郷駅 - @jreast_official in 千葉市 千葉県 https://t.co/5OV52vq53h,2016-10-29 23:38:47,
I'm at 幕張本郷駅 - @jreast_official in 千葉市 千葉県 https://t.co/Fp4rV2t2xB,2016-10-30 17:17:40,
このまま乗車 (@ 幕張本郷駅 - @jreast_official in 千葉市 千葉県) https://t.co/fnGXlT1euz,2016-10-30 18:55:44,
I'm at 幕張本郷駅 - @jreast_official in 千葉市 千葉県 https://t.co/i49nh5P05y,2016-10-30 21:12:06,
I'm at 日替わり特急座席 in 千葉市 https://t.co/m1p6I7sRMi https://t.co/zjMyyOwAxh,2016-10-30 21:12:36,
I'm at 幕張本郷駅 in 千葉市 千葉県 https://t.co/4PhawkfIAr,2016-10-30 22:58:19,
I'm at 幕張本郷駅 in 千葉市 千葉県 https://t.co/7fb6SIozzZ,2016-10-31 08:55:14,
