@haachandayoo こんにちは(^-^)/,2016-08-01 13:07:22,
@_yoshida_akari こんにちは?,2016-08-01 13:07:31,
I'm at 昭島駅 - @jreast_official in 昭島市 東京都 https://t.co/23O6EzoGOH,2016-08-02 15:17:49,
I'm at 昭島駅 - @jreast_official in 昭島市 東京都 https://t.co/23O6EzoGOH,2016-08-02 15:17:49,
きたわよ @ 大勝軒 昭島 https://t.co/ygVCWWtlPF,2016-08-04 11:56:09,
チャーシューメン @ 大勝軒 昭島 https://t.co/Ph129ZVEjE,2016-08-04 12:09:16,
I'm at 昭島駅 in 昭島市 東京都 https://t.co/rtUnmIRFGY,2016-08-04 13:04:46,
I'm at 昭島駅 - @jreast_official in 昭島市 東京都 https://t.co/jbt0tRBdh6,2016-08-06 00:28:41,
I'm at 昭島駅 - @jreast_official in 昭島市 東京都 https://t.co/KGxgOAiknn,2016-08-06 22:23:27,
やぁ (@ 昭島駅 - @jreast_official in 昭島市 東京都) https://t.co/6Uw837uATq,2016-08-07 08:34:23,
I'm at 昭島駅 - @jreast_official in 昭島市 東京都 https://t.co/dj1BXT7ZQf,2016-08-07 09:47:27,
I'm at 大勝軒 昭島店 - @akishimataisho1 in 昭島市 東京都 https://t.co/UnnI4pyhfr,2016-08-07 11:02:22,
I'm at 昭島駅 - @jreast_official in 昭島市 東京都 https://t.co/a6MdH4OPvz,2016-08-07 14:05:59,
寝てたらついた。人生2度目。 (@ 昭島駅 in 昭島市 東京都) https://t.co/blSOuT9J20,2016-08-07 16:17:37,
解散 (@ 昭島駅 - @jreast_official in 昭島市 東京都 w/ @seikikawai) https://t.co/t8HZaxCweD,2016-08-07 19:07:22,
.@seikikawai には今日会ってないよ,2016-08-07 19:09:06,
#432am @ リフレッシュサロン 自由時間 https://t.co/IOka18JdUQ,2016-08-09 04:33:36,
I'm at 昭島駅 - @jreast_official in 昭島市 東京都 https://t.co/sulAIOaEuo,2016-08-10 13:57:31,
I'm at 昭島駅 - @jreast_official in 昭島市 東京都 https://t.co/THyelCXK5T,2016-08-10 17:28:26,
@shuuchin_84610 早く帰りたいけど,2016-08-11 08:27:29,
I'm at 昭島駅 in 昭島市 東京都 https://t.co/K6OGOVVFSW,2016-08-11 10:20:06,
I'm at 昭島駅 - @jreast_official in 昭島市 東京都 https://t.co/hFQ9md7HnN,2016-08-11 11:46:49,
I'm at 昭島駅 in 昭島市 東京都 https://t.co/LiabaNZgte,2016-08-11 12:57:58,
I'm at 昭島駅 - @jreast_official in 昭島市 東京都 https://t.co/sI0AUMa9up,2016-08-11 16:35:46,
I'm at 昭島駅 in 昭島市 東京都 https://t.co/pljkelNHCm,2016-10-06 12:41:52,
I'm at 昭島駅 - @jreast_official in 昭島市 東京都 https://t.co/vPqnE7dnKx,2016-10-07 13:16:48,
ふー君だよ！！ (@ 昭島駅 - @jreast_official in 昭島市 東京都) https://t.co/F6ALx0VADM,2016-10-08 12:38:44,
大盛チャーシューワンタンメンマ (@ 昭島駅 - @jreast_official in 昭島市 東京都) https://t.co/D3nEoHh2HC https://t.co/RriVmKCN3u,2016-10-08 12:42:23,
I'm at 昭島駅 in 昭島市 東京都 https://t.co/A6clUKVw6O,2016-10-08 14:57:04,
I'm at 昭島駅 - @jreast_official in 昭島市 東京都 w/ @rui102jp https://t.co/bJ9ykxKlZp,2016-10-08 15:08:23,
Just posted a photo @ 魚民 昭島南口駅前店 https://t.co/kjf6u0dml4,2016-10-10 00:41:39,
I'm at 五穀 昭島モリタウン店 in 昭島市 https://t.co/xLVrGYLB5l,2016-10-10 18:46:16,
I'm at 昭島駅 in 昭島市 東京都 https://t.co/lFjfwjrlW0,2016-10-11 13:41:31,
I'm at 昭島駅 - @jreast_official in 昭島市 東京都 https://t.co/kaYpmMirCm,2016-10-11 15:53:52,
I'm at 大勝軒 昭島店 - @akishimataisho1 in 昭島市 東京都 https://t.co/O1VDFoo7Oz,2016-10-11 15:54:02,
I'm at 昭島駅 in 昭島市 東京都 https://t.co/O2wZ9xHalD,2016-10-12 12:41:48,
I'm at JR青梅線 昭島駅 1-2番線ホーム in 昭島市 東京都 https://t.co/VOjVq6iuUs,2016-10-12 23:20:18,
乗り換え (@ 昭島駅 - @jreast_official in 昭島市 東京都) https://t.co/ukFkSGgPUZ,2016-10-13 07:11:50,
I'm at 昭島駅 - @jreast_official in 昭島市 東京都 https://t.co/7Pld1wRmBe,2016-10-13 07:21:53,
I'm at 昭島駅 - @jreast_official in 昭島市 東京都 https://t.co/TiRb9TPnFV,2016-10-13 14:51:07,
I'm at 昭島駅 - @jreast_official in 昭島市 東京都 https://t.co/1oD7VtVIfb,2016-10-13 15:04:09,
I'm at 昭島駅 in 昭島市 東京都 https://t.co/fS7nzE1aw9,2016-10-13 18:54:38,
I'm at 昭島駅 - @jreast_official in 昭島市 東京都 https://t.co/4bFL15EFEh,2016-10-15 06:13:46,
I'm at 昭島駅 - @jreast_official in 昭島市 東京都 https://t.co/6iPvSPvUBG,2016-10-15 11:56:15,
I'm at 昭島駅 - @jreast_official in 昭島市 東京都 https://t.co/cfm1aYR954,2016-10-15 12:16:42,
I'm at JR青梅線 昭島駅 1-2番線ホーム in 昭島市 東京都 https://t.co/Vqn0QMn4f4,2016-10-15 12:16:54,
I'm at 昭島駅 - @jreast_official in 昭島市 東京都 https://t.co/jtN9TgQ7bK,2016-10-15 14:58:09,
I'm at 昭島駅 - @jreast_official in 昭島市 東京都 https://t.co/Nz5SfYB8Vs,2016-10-15 15:34:54,
I'm at 昭島駅 - @jreast_official in 昭島市 東京都 https://t.co/tEB7Bwcdww,2016-10-15 15:53:12,
I'm at JR青梅線 昭島駅 1-2番線ホーム in 昭島市 東京都 https://t.co/0OgpJ7LuxB,2016-10-15 15:53:24,
I'm at 昭島駅 - @jreast_official in 昭島市 東京都 https://t.co/vv2TQ91oPH,2016-10-15 18:54:14,
I'm at 昭島駅 - @jreast_official in 昭島市 東京都 https://t.co/295PGXXTuJ,2016-10-15 19:20:05,
I'm at 昭島駅 in 昭島市 東京都 https://t.co/GUH2Q6IT0I,2016-10-17 14:13:03,
寝過ごした (@ 昭島駅 - @jreast_official in 昭島市 東京都) https://t.co/amOgr8lBZc,2016-10-21 17:25:44,
I'm at 昭島駅 - @jreast_official in 昭島市 東京都 https://t.co/LpUgL0zETb,2016-10-21 21:27:51,
I'm at 昭島駅 in 昭島市 東京都 https://t.co/cHdIjQnMTg,2016-10-21 23:23:01,
I'm at JR青梅線 昭島駅 1-2番線ホーム in 昭島市 東京都 https://t.co/Ev4btGbt3m,2016-10-21 23:23:07,
とうちゃこ (@ 昭島駅 - @jreast_official in 昭島市 東京都) https://t.co/95do87bMNU,2016-10-22 08:43:22,
I'm at 昭島駅 - @jreast_official in 昭島市 東京都 https://t.co/EvlEyrzHhm,2016-10-22 09:56:29,
I'm at 昭島駅 - @jreast_official in 昭島市 東京都 https://t.co/TW36pygoZN,2016-10-23 08:49:45,
I'm at 昭島駅 - @jreast_official in 昭島市 東京都 https://t.co/WxC78OzBJS,2016-10-23 09:08:06,
I'm at 昭島駅 - @jreast_official in 昭島市 東京都 https://t.co/PE3mCEQ38Z,2016-10-23 09:15:04,
帰ってきました,2016-10-23 16:42:13,
I'm at 昭島駅 in 昭島市 東京都 https://t.co/9VDOnWVwAh,2016-10-23 17:36:12,
I'm at JR青梅線 昭島駅 1-2番線ホーム in 昭島市 東京都 https://t.co/43SFgf2cD7,2016-10-23 19:53:41,
帰るー (@ 昭島駅 in 昭島市 東京都) https://t.co/5fQAO7pfJd,2016-10-23 20:04:55,
I'm at 昭島駅 - @jreast_official in 昭島市 東京都 https://t.co/g80NrrkU83,2016-10-24 08:54:26,
I'm at 昭島駅 - @jreast_official in 昭島市 東京都 https://t.co/oEHToakt7a,2016-10-25 20:28:11,
I'm at 昭島駅 - @jreast_official in 昭島市 東京都 https://t.co/omb3zvQPjq,2016-10-27 15:29:26,
I'm at 昭島駅 - @jreast_official in 昭島市 東京都 https://t.co/RN4CnNtnhV,2016-10-27 17:41:31,
I'm at Akishima Station - @jreast_official in 昭島市 東京都 https://t.co/4OiY8KJeOi,2016-10-28 12:37:24,
I'm at 昭島駅 in 昭島市 東京都 https://t.co/Y8TaTrJQOx,2016-10-29 14:24:38,
ガチですが 何か(??????)??ｗｗｗ……あんまり 普段と 変わらないかも (´･_･`)笑お手伝いがてら Geminiに… https://t.co/btRxulUXjQ,2016-10-29 21:14:48,
I'm at 昭島駅 - @jreast_official in 昭島市 東京都 https://t.co/E6qbcLkXn7,2016-10-30 10:43:27,
I'm at 昭島駅 in 昭島市 東京都 https://t.co/KTM8m15pO3,2016-10-31 14:17:24,
