@oyasuminaSAE_m えっ、忘れられなくなるって?何かそうそういうの、必要以上に期待しちゃうなぁo(^o^)oo(^o^)oo(^o^)o（*＾3＾）/?☆,2016-08-01 12:51:05,
I'm at 河辺駅 in 青梅市 東京都 https://t.co/kCmRoZCs2T,2016-08-02 17:51:34,
今日のサイクリングはここまで。あちー。 (@ 河辺駅 in 青梅市 東京都) https://t.co/EzhX5egaLF,2016-08-06 12:30:54,
I'm at 河辺駅 in 青梅市 東京都 https://t.co/r3NX06gEg0,2016-08-09 09:42:38,
ナウ (@ 河辺駅 in 青梅市 東京都) https://t.co/bWbnSL45l9,2016-08-09 20:53:22,
I'm at 河辺駅 in 青梅市 東京都 https://t.co/PftsK5Qzge,2016-08-10 13:34:49,
I'm at 河辺駅 in 青梅市 東京都 https://t.co/TBYO3GERxi,2016-08-11 11:13:20,
I'm at 河辺駅 in 青梅市 東京都 https://t.co/N0P8GBhINq,2016-08-11 13:15:54,
かなり遠くまできちゃったよ。 (@ 河辺駅 in 青梅市 東京都) https://t.co/Y3VEO7HeRk,2016-10-07 16:45:40,
I'm at 河辺駅 in 青梅市 東京都 https://t.co/8TARposMf6,2016-10-08 12:08:54,
I'm at 河辺駅 in 青梅市 東京都 https://t.co/9Y4RIL4BPQ,2016-10-08 22:25:12,
I'm at 河辺駅 in 青梅市 東京都 https://t.co/ymJxduEA63,2016-10-19 14:19:43,
I'm at 河辺駅 in 青梅市 東京都 https://t.co/KIwpeL6Vqd,2016-10-21 16:21:53,
I'm at 河辺駅 in 青梅市 東京都 https://t.co/thtUW2VYxM,2016-10-22 07:22:19,
I'm at 河辺駅 in 青梅市 東京都 https://t.co/ICHHlqaIeZ,2016-10-22 08:25:31,
I'm at 河辺駅 in 青梅市 東京都 https://t.co/fgt1IYWQKR,2016-10-22 18:34:23,
I'm at 河辺駅 in 青梅市 東京都 https://t.co/BKCLDfc7Ul,2016-10-22 20:31:21,
I'm at 河辺駅 in 青梅市 東京都 https://t.co/QwUdNdngjD,2016-10-23 06:49:29,
改札通れた。緊張した。 (@ 河辺駅 in 青梅市 東京都) https://t.co/OO7MsbOxvM,2016-10-29 10:25:11,
I'm at 河辺駅 in 青梅市 東京都 https://t.co/J4fUkVm2hx,2016-10-30 10:35:18,
I'm at 河辺駅 in 青梅市 東京都 https://t.co/6poMyMy215,2016-10-30 14:19:15,
