I'm at 軍畑駅 in 青梅市 東京都 https://t.co/qmPiPGY6i8,2016-08-03 13:34:53,
I'm at 軍畑駅 - @jreast_official in 青梅市 東京都 w/ @do_n_ko_ https://t.co/8riqj4hwsc,2016-08-03 13:36:45,
#野獣の日 #真夏の夜淫夢聖地 (@ 軍畑駅 - @jreast_official in 青梅市 東京都) https://t.co/Bstz9We3Q7,2016-08-10 13:35:07,
おめぇ度胸足りねぇんだから鍛えなおしてやるよ 脱げや(意味不明) (@ 軍畑駅 - @jreast_official in 青梅市 東京都) https://t.co/5nJzMblZF0 https://t.co/72QcoXrYFQ,2016-08-10 15:13:47,
I'm at 軍畑駅 in 青梅市 東京都 https://t.co/HptffjgXPO,2016-08-11 13:34:46,
空いてる駅から参加 (@ 軍畑駅 - @jreast_official in 青梅市 東京都) https://t.co/jv0opyq4Kj,2016-10-22 11:31:39,
帰る(?´･ω･`)??? (@ 軍畑駅 - @jreast_official in 青梅市 東京都) https://t.co/tDptwyA31n,2016-10-22 12:57:02,
I'm at 軍畑駅 in 青梅市 東京都 https://t.co/o5MzE4aJFK,2016-10-22 13:38:28,
I'm at 軍畑駅 - @jreast_official in 青梅市 東京都 https://t.co/oNKJO1HkLu,2016-10-23 11:03:37,
軍畑先輩 (@ 軍畑駅 in 青梅市 東京都) https://t.co/3M7VIPpG7a,2016-10-29 18:52:15,
軍  畑  先  輩 (@ 軍畑駅 in 青梅市 東京都) https://t.co/Be3lnw0Udg,2016-10-30 20:37:50,
I'm at 軍畑駅 - @jreast_official in 青梅市 東京都 w/ @rnarchen732 https://t.co/BDCk2kb2vg,2016-10-30 20:38:31,
