I'm at 川口駅東口 ペデストリアンデッキ in 川口市 埼玉県 https://t.co/bZ5tPz4X1K,2016-08-01 07:38:02,
I'm at 川口駅 in 川口市 埼玉県 https://t.co/WZNvsbQfMq,2016-08-01 07:38:22,
I'm at 川口駅 1-2番線ホーム in 川口市 埼玉県 https://t.co/U49fZ7dmME,2016-08-01 07:39:46,
出勤。 (@ 川口駅 in 川口市 埼玉県) https://t.co/o2cU5qbdO8,2016-08-01 08:42:04,
I'm at 川口駅 in 川口市 埼玉県 https://t.co/mmTAUWLuR9,2016-08-01 13:56:57,
I'm at 川口駅 in 川口市 埼玉県 https://t.co/FeUnrjcPr8,2016-08-01 15:50:07,
ﾓﾄﾞﾘｰ (@ 川口駅 in 川口市 埼玉県) https://t.co/E13FIarbmt,2016-08-01 19:34:57,
I'm at 川口駅 in 川口市 埼玉県 https://t.co/9lMozOttyG,2016-08-01 20:27:26,
昨日終電を逃して回収できなかったチャリを迎えにきました (@ 川口駅東口地下自転車駐車場 in 川口市 埼玉県) https://t.co/KZTzhpR2Ac,2016-08-01 20:44:14,
到着。 (@ 川口駅 in 川口市 埼玉県) https://t.co/bKyUWboQmb,2016-08-01 21:27:13,
I'm at 川口駅 in 川口市 埼玉県 https://t.co/WUUID9KocX,2016-08-01 21:50:56,
しごとおわり。かえる。 (@ 川口駅 in 川口市 埼玉県) https://t.co/i9gbGoB2Qh,2016-08-01 22:32:18,
I'm at 川口駅 in 川口市 埼玉県 https://t.co/Lk0Tyl1dsw,2016-08-02 00:01:01,
汗だく出勤。 (@ 川口駅 in 川口市 埼玉県) https://t.co/N27Hfc9tqk,2016-08-02 08:22:15,
I'm at Kawaguchi Station in 川口市 埼玉県 https://t.co/5sjeS92m3u,2016-08-02 08:29:09,
I'm at 川口駅 in 川口市 埼玉県 https://t.co/qvisFWY94A,2016-08-02 08:54:45,
地元と大違い！ (@ 川口駅 in 川口市 埼玉県) https://t.co/XwTK3YJTa0 https://t.co/XHpjnD1aZP,2016-08-02 09:45:02,
I'm at 川口駅 in 川口市 埼玉県 https://t.co/WrYqHhMvoM,2016-08-02 11:38:20,
I'm at 川口駅 in 川口市 埼玉県 https://t.co/Sdcb29v4pt,2016-08-02 11:49:19,
I'm at 川口駅 in 川口市 埼玉県 https://t.co/4nA62wH7l2,2016-08-02 18:49:57,
I'm at 川口駅 in 川口市 埼玉県 https://t.co/MJQWqeedAq,2016-08-02 19:10:00,
I'm at 川口駅 in 川口市 埼玉県 https://t.co/xBGouny2Kk,2016-08-02 19:38:49,
I'm at 川口駅 in 川口市 埼玉県 https://t.co/MYBklydb1q,2016-08-02 21:40:37,
到着。 (@ 川口駅 in 川口市 埼玉県) https://t.co/wivzW2GGVy,2016-08-02 22:21:24,
蒲田行きが5分遅れだ (@ 川口駅 in 川口市 埼玉県) https://t.co/QFXqjt7gHW,2016-08-03 00:24:40,
I'm at 川口駅 in 川口市 埼玉県 https://t.co/mo8Fepfwmv,2016-08-03 00:47:19,
I'm at 川口駅 in 川口市 埼玉県 https://t.co/S43vG3stZl,2016-08-03 06:52:20,
汗だく出勤。 (@ 川口駅 in 川口市 埼玉県) https://t.co/pzVPWrdT8V,2016-08-03 08:26:18,
湿度！ (@ 川口駅 in 川口市 埼玉県) https://t.co/3q80tZj7Ax,2016-08-03 08:54:31,
I'm at 川口駅 in 川口市 埼玉県 https://t.co/rqWpQiGVbl,2016-08-03 13:29:23,
I'm at 川口駅 in 川口市 埼玉県 https://t.co/Ij6aSFaXjd,2016-08-03 17:26:17,
I'm at 川口駅 in 川口市 埼玉県 https://t.co/dgS9zuwBKL,2016-08-03 18:52:34,
ﾓﾄﾞﾘｰ (@ 川口駅 in 川口市 埼玉県) https://t.co/MQx3y2011g,2016-08-03 19:50:55,
I'm at 川口駅 in 川口市 埼玉県 https://t.co/g7Wb9bGQcV,2016-08-04 08:04:26,
曇天出勤。 (@ 川口駅 in 川口市 埼玉県) https://t.co/4vbsxmJNub,2016-08-04 08:23:13,
熱 (@ 川口駅 in 川口市 埼玉県) https://t.co/QWU2QBTeXJ,2016-08-04 08:51:38,
I'm at 川口駅 in 川口市 埼玉県 https://t.co/AKwVbh4BMo,2016-08-04 12:24:51,
a tsu i,2016-08-04 13:54:13,
a tsu i,2016-08-04 13:55:29,
snap chatを駆使し始めるナカガワユリチュウ,2016-08-04 15:28:29,
I'm at 川口駅 in 川口市 埼玉県 https://t.co/daH0ZwXXf1,2016-08-04 15:43:13,
I'm at 川口駅東口 ペデストリアンデッキ in 川口市 埼玉県 https://t.co/zELoGNe3wM,2016-08-04 18:09:52,
ツレ仕事休んだらすい (@ 川口駅 in 川口市 埼玉県) https://t.co/xRYFffRkG4,2016-08-04 18:32:25,
I'm at 川口駅 in 川口市 埼玉県 https://t.co/fZUGHYiUDT,2016-08-04 18:35:42,
I'm at 川口駅 in 川口市 埼玉県 https://t.co/gYxrBUPyFP,2016-08-04 18:45:03,
I'm at 川口駅 in 川口市 埼玉県 https://t.co/JVklCm7pk6,2016-08-04 19:14:01,
I'm at 川口駅 in 川口市 埼玉県 https://t.co/ohIldVeOpG,2016-08-04 22:14:12,
I'm at 川口駅 in 川口市 埼玉県 https://t.co/wn63bJqwuz,2016-08-04 22:51:43,
到着。 (@ 川口駅 in 川口市 埼玉県 w/ @gallberry) https://t.co/JZtFOFyar0,2016-08-04 23:18:58,
I'm at 川口駅 in 川口市 埼玉県 https://t.co/80ON5M2rAs,2016-08-05 00:15:25,
Just posted a photo @ Kawaguchi Station https://t.co/UacJGLvwp3,2016-08-05 06:26:10,
早出だったのをすっかり忘れてました！ (@ 川口駅 in 川口市 埼玉県) https://t.co/CQWfTbC2Hk,2016-08-05 07:07:30,
慢性的な混雑 (@ 川口駅 in 川口市 埼玉県) https://t.co/faqxui9bzt,2016-08-05 07:35:29,
汗だく出勤。 (@ 川口駅 in 川口市 埼玉県) https://t.co/zTgTrIjwcH,2016-08-05 08:15:25,
I'm at 川口駅 in 川口市 埼玉県 https://t.co/Yk2kzxNM3g,2016-08-05 08:25:48,
I'm at 川口駅 in 川口市 埼玉県 https://t.co/FmGK6QT5hO,2016-08-05 08:55:09,
I'm at 川口駅 in 川口市 埼玉県 https://t.co/CJNmjfdSiu,2016-08-05 09:02:17,
休みですが川口 (@ 川口駅 in 川口市 埼玉県) https://t.co/KKBJGHpJrU,2016-08-05 13:02:18,
切符販売機の前に野菜売り場が(^O^) (@ 川口駅 in 川口市 埼玉県) https://t.co/iGK3LURwxJ https://t.co/yJaJZvwetz,2016-08-05 13:21:35,
I'm at 川口駅 in 川口市 埼玉県 https://t.co/xY6tvqEUvb,2016-08-05 17:14:56,
着弾汁！w (@ 川口駅 in 川口市 埼玉県) https://t.co/WxHTIcsp4U,2016-08-05 17:56:54,
ラブライバー参上！w (@ 川口駅 in 川口市 埼玉県) https://t.co/9pzn0LGjtG,2016-08-05 17:57:49,
(↑q↑)オオオオオオオオオオ！！！！！！！！！！(↑q↑)オオオオオオオオオオ！！！！！！！！！！(↑q↑)オオオオオオオオオオ！！！！！！！！！！花金だ！！！！！！！！！！！！！！！！！！！ (@ 川口駅) https://t.co/DM0FjS6yUG,2016-08-05 17:58:42,
I'm at 川口駅 in 川口市 埼玉県 https://t.co/xvMexfmxSq,2016-08-05 18:41:38,
I'm at 川口駅 in 川口市 埼玉県 https://t.co/9P5ZQEDPhG,2016-08-05 19:05:40,
I'm at 川口駅 in 川口市 埼玉県 https://t.co/WKHgsX4Pk0,2016-08-05 19:23:39,
I'm at 川口駅 in 川口市 埼玉県 https://t.co/8ztHHrbqmW,2016-08-05 19:26:24,
ホントは来るつもり無かったんだけど (@ 川口駅 in 川口市 埼玉県) https://t.co/Vx64V2KCww,2016-08-05 19:51:40,
I'm at 川口駅 in 川口市 埼玉県 https://t.co/R9vRuv5EP5,2016-08-05 20:47:49,
I'm at 川口駅 in 川口市 埼玉県 https://t.co/OlpmiNM8JA,2016-08-05 21:22:49,
I'm at 川口駅 in 川口市 埼玉県 https://t.co/geBh13vdJ6,2016-08-05 22:29:50,
I'm at 川口駅 in 川口市 埼玉県 https://t.co/ur8GHMK1AW,2016-08-05 22:43:09,
I'm at 川口駅 in 川口市 埼玉県 https://t.co/HnZJGr8tFQ,2016-08-05 23:13:10,
ようやく到着。 (@ 川口駅 in 川口市 埼玉県) https://t.co/0IvEx1XFw7,2016-08-06 00:33:04,
I'm at 川口駅 in 川口市 埼玉県 https://t.co/W9wQLoQE2a,2016-08-06 04:26:35,
名古屋でもお台場でもひたちなかでもなく、仙台に向かいます。 (@ 川口駅 in 川口市 埼玉県) https://t.co/TdXJ53I2Xo,2016-08-06 09:21:29,
I'm at 川口駅 in 川口市 埼玉県 https://t.co/6gmupBVCXb,2016-08-06 14:01:11,
I'm at 川口駅 in 川口市 埼玉県 https://t.co/pFrnOgcwZ3,2016-08-06 14:38:45,
I'm at 川口駅 in 川口市 埼玉県 https://t.co/IjspotFhHn,2016-08-06 15:49:13,
I'm at 川口駅 in 川口市 埼玉県 https://t.co/FBzL3sBJaP,2016-08-06 16:03:21,
オタク (@ 川口駅 in 川口市 埼玉県) https://t.co/q4sE1WkbGm,2016-08-06 17:09:33,
ξ*'ヮ')ζ  カヮグーチ (@ 川口駅 in 川口市 埼玉県) https://t.co/sdN1N7V0Kf https://t.co/dd3msnIYHH,2016-08-06 17:30:03,
I'm at 川口駅 in 川口市 埼玉県 https://t.co/G0TVReBxg1,2016-08-06 17:52:18,
I'm at 川口駅 in 川口市 埼玉県 https://t.co/25p8wXNx2B,2016-08-06 21:57:15,
小学5?6年を過ごした川口へ。 @ Kawaguchi Station https://t.co/VunsvBr15U,2016-08-07 08:32:54,
I'm at 川口駅 in 川口市 埼玉県 https://t.co/SjpKk6pKeZ,2016-08-07 13:26:29,
I'm at 川口駅 in 川口市 埼玉県 https://t.co/Bh4KKG8MXA,2016-08-07 14:54:15,
大宮行き、モハE232-1480。 (@ 川口駅 in 川口市 埼玉県) https://t.co/JDlPh8uPuF,2016-08-07 16:01:48,
I'm at 川口駅 in 川口市 埼玉県 https://t.co/SETTcLiTrr,2016-08-07 16:07:42,
I'm at 川口駅 in 川口市 埼玉県 https://t.co/AlrMI1faPN,2016-08-07 18:40:56,
Checking detail of how to pick up the tickets in advance just in case. (@ 川口駅 みどりの窓口 in 川口市 埼玉県) https://t.co/P38UNasfHe,2016-08-07 19:09:07,
I'm at 川口駅 in 川口市 埼玉県 https://t.co/FgCHdHejf9,2016-08-07 20:22:43,
I'm at 川口駅 in 川口市 埼玉県 https://t.co/NVuZedXCQ7,2016-08-07 21:44:14,
I'm at 川口駅 in 川口市 埼玉県 https://t.co/hLXEbrHIg6,2016-08-08 06:47:30,
I'm at 川口駅 in 川口市 埼玉県 https://t.co/5pn8Ny9HXc,2016-08-08 07:03:47,
曇天出勤。 (@ 川口駅 in 川口市 埼玉県) https://t.co/OifxWChgLG,2016-08-08 08:24:58,
風気持ちいい (@ 川口駅 in 川口市 埼玉県) https://t.co/lEtaVQbDU9,2016-08-08 08:53:55,
I'm at Kawaguchi Station in 川口市 埼玉県 https://t.co/FQ0Z6vrCf1,2016-08-08 10:46:32,
帰省の切符買いに来た (@ 川口駅 in 川口市 埼玉県) https://t.co/KRSYfjGGVp,2016-08-08 12:17:56,
I'm at 川口駅 in 川口市 埼玉県 https://t.co/DfIgTRELlf,2016-08-08 17:37:53,
到着。 (@ 川口駅 in 川口市 埼玉県) https://t.co/pcmU7ud8ip,2016-08-08 20:09:22,
I'm at 川口駅 in 川口市 埼玉県 https://t.co/IfqSHqJX8a,2016-08-08 20:51:45,
I'm at 川口駅 in 川口市 埼玉県 https://t.co/EDlvLXPLyF,2016-08-08 21:47:55,
I'm at 川口駅 in 川口市 埼玉県 https://t.co/pd4OD7qCxT,2016-08-08 22:53:58,
I'm at 川口駅 in 川口市 埼玉県 https://t.co/M5fwQypB3F,2016-08-08 23:03:21,
I'm at 川口駅 in 川口市 埼玉県 https://t.co/vCRwtgYJAC,2016-08-09 07:02:54,
汗だく出勤。 (@ 川口駅 in 川口市 埼玉県) https://t.co/9zoJqDJemf,2016-08-09 08:27:49,
I'm at 川口駅 in 川口市 埼玉県 https://t.co/3m3pcTw1aF,2016-08-09 08:52:50,
I'm at 川口駅 in 川口市 埼玉県 https://t.co/kRGwV40HVZ,2016-08-09 11:31:10,
ここ (@ 川口駅 in 川口市 埼玉県) https://t.co/cXnVyWi7MP https://t.co/poROe810lp,2016-08-09 17:33:27,
I'm at 川口駅 in 川口市 埼玉県 https://t.co/0y9L1O7xwl,2016-08-09 18:39:50,
I'm at 川口駅 みどりの窓口 in 川口市 埼玉県 https://t.co/1Qs8AF4Cby,2016-08-09 18:43:51,
到着。 (@ 川口駅 in 川口市 埼玉県) https://t.co/Eaqp00bTu9,2016-08-09 18:56:54,
I'm at 川口駅 in 川口市 埼玉県 https://t.co/fUMTL08r8m,2016-08-09 21:50:55,
I'm at 川口駅 in 川口市 埼玉県 https://t.co/JcSCMUNnnm,2016-08-09 22:00:45,
I'm at 川口駅 in 川口市 埼玉県 https://t.co/Q50csoakTR,2016-08-09 23:57:21,
I'm at 川口駅 in 川口市 埼玉県 https://t.co/Y0x2w6hUWr,2016-08-10 07:04:04,
I'm at 川口駅 in 川口市 埼玉県 https://t.co/4QO8gqQP5D,2016-08-10 07:10:27,
ラボに荷物置けたので今日は勝利したと言ってもよい (@ 川口駅 in 川口市 埼玉県) https://t.co/xGo7V0wLKj,2016-08-10 07:42:11,
熱々 (@ 川口駅 in 川口市 埼玉県) https://t.co/KfpeqTkFxr,2016-08-10 08:54:35,
川口が地元みたいになってる( (@ 川口駅 in 川口市 埼玉県) https://t.co/ynBTxS9cmt,2016-08-10 09:07:40,
I'm at 川口駅 in 川口市 埼玉県 https://t.co/4waBE5zi1a,2016-08-10 15:11:13,
I'm at 川口駅 in 川口市 埼玉県 https://t.co/eBgmzNYYiR,2016-08-10 15:24:15,
貯金は30分 (@ 川口駅 in 川口市 埼玉県) https://t.co/9Ley7ITVpD,2016-08-10 17:10:56,
I'm at 川口駅 in 川口市 埼玉県 https://t.co/GlfHzsgH9Z,2016-08-10 17:26:35,
I'm at 川口駅 in 川口市 埼玉県 https://t.co/l7H3HMiH5b,2016-08-10 22:21:50,
I'm at 川口駅 in 川口市 埼玉県 https://t.co/eeYAMRKQPp,2016-08-10 23:12:53,
Just posted a photo @ 川口駅 https://t.co/QTKWO4roXZ,2016-08-11 06:29:15,
早朝出勤。 @ Kawaguchi Station https://t.co/LfgXigPeqY,2016-08-11 06:30:52,
I'm at 川口駅 in 川口市 埼玉県 https://t.co/cZawCtKhCk,2016-08-11 06:58:47,
I'm at 川口駅 in 川口市 埼玉県 https://t.co/oh4jjf9WTr,2016-08-11 11:18:57,
I'm at 川口駅 in 川口市 埼玉県 https://t.co/HRUFWBNt2P,2016-08-11 11:44:07,
I'm at 川口駅 in 川口市 埼玉県 https://t.co/OtyRdnZr2j,2016-08-11 11:46:15,
I'm at 川口駅献血ルーム in 川口市 埼玉県 https://t.co/fe5aGdjLzm,2016-08-11 11:53:37,
I'm at 川口駅 in 川口市 埼玉県 https://t.co/0G0poivS2Y,2016-08-11 12:02:27,
I'm at 川口駅 in 川口市 埼玉県 https://t.co/3YKCVR1p7W,2016-08-11 15:40:21,
I'm at 川口駅 in 川口市 埼玉県 https://t.co/O9mysKQrIA,2016-08-11 16:03:05,
I'm at 川口駅 in 川口市 埼玉県 https://t.co/lyCOa0ZnrK,2016-10-06 13:20:58,
I'm at 川口駅 in 川口市 埼玉県 https://t.co/NCBeuq3jyc,2016-10-06 14:50:12,
I'm at 川口駅 in 川口市 埼玉県 https://t.co/rDXtiZdmAN,2016-10-06 15:04:54,
I'm at 川口駅 in 川口市 埼玉県 https://t.co/eusf1l9x0U,2016-10-06 16:33:43,
I'm at 川口駅 in 川口市 埼玉県 https://t.co/IvzWIXs8wK,2016-10-06 18:38:44,
I'm at 川口駅 in 川口市 埼玉県 https://t.co/SwBAJ7fcb6,2016-10-06 19:19:16,
I'm at 川口駅 in 川口市 埼玉県 https://t.co/c2R9ZSZ9v9,2016-10-06 19:32:17,
到着。 (@ 川口駅 in 川口市 埼玉県) https://t.co/H1hUTtTHf7,2016-10-06 19:34:17,
I'm at 川口駅 in 川口市 埼玉県 https://t.co/PXj1wqBeho,2016-10-06 20:54:40,
.川口オールナィ。からの研修お疲れでした〜,2016-10-06 21:38:53,
I'm at 川口駅 in 川口市 埼玉県 https://t.co/iVSjFB5dm8,2016-10-06 23:27:39,
Just posted a photo @ Kawaguchi Station https://t.co/Wh7EmEwS1H,2016-10-07 06:16:31,
Just posted a photo @ Kawaguchi Station https://t.co/TVH9AEHsju,2016-10-07 06:22:10,
I'm at 川口駅 in 川口市 埼玉県 https://t.co/nZvCQ8jCpf,2016-10-07 08:02:44,
涼しい出勤。 (@ 川口駅 in 川口市 埼玉県) https://t.co/B3GeRvcNdi,2016-10-07 08:29:14,
I'm at 川口駅 in 川口市 埼玉県 https://t.co/l93Wjivy81,2016-10-07 17:00:07,
荒川がなければ東京だった（？） (@ 川口駅 in 川口市 埼玉県) https://t.co/izFNQTHZ3J,2016-10-07 18:36:06,
I'm at 川口駅 in 川口市 埼玉県 https://t.co/f26gSLE5tF,2016-10-07 18:48:13,
到着。 (@ 川口駅 in 川口市 埼玉県) https://t.co/wRQwCWhcWH,2016-10-07 19:21:46,
I'm at 川口駅 in 川口市 埼玉県 https://t.co/qnFzO8clWk,2016-10-07 19:28:27,
I'm at 川口駅 in 川口市 埼玉県 https://t.co/19AgVENBtO,2016-10-07 22:02:30,
I'm at 川口駅 in 川口市 埼玉県 w/ @tcpippei https://t.co/YQCHg3TzM2,2016-10-07 22:07:37,
I'm at 川口駅 in 川口市 埼玉県 https://t.co/dEU80ch6L1,2016-10-07 23:28:22,
I'm at 川口駅 in 川口市 埼玉県 https://t.co/crRv0hB3CN,2016-10-08 00:05:08,
I'm at 川口駅 in 川口市 埼玉県 https://t.co/MgbJWSJwrv,2016-10-08 00:29:43,
I'm at 川口駅 in 川口市 埼玉県 https://t.co/RMuC1MNl8R,2016-10-08 07:43:24,
I'm at 川口駅 in 川口市 埼玉県 https://t.co/fzkFRIwv0D,2016-10-08 10:06:37,
I'm at 川口駅 in 川口市 埼玉県 https://t.co/TiOMOEoFkY,2016-10-08 10:21:34,
I'm at 川口駅 in 川口市 埼玉県 https://t.co/UyPniKUnWc,2016-10-08 11:19:33,
I'm at 川口駅 in 川口市 埼玉県 https://t.co/Xw0gGseziH,2016-10-08 11:21:31,
I'm at 川口駅 in 川口市 埼玉県 https://t.co/wHX4Pw7XQc,2016-10-08 13:01:43,
I'm at 川口駅 in 川口市 埼玉県 https://t.co/UK0P7JMMTn,2016-10-08 13:35:23,
I'm at 川口駅東口 ペデストリアンデッキ in 川口市 埼玉県 https://t.co/r9dl9GztPg,2016-10-08 14:46:03,
I'm at 川口駅 in 川口市 埼玉県 https://t.co/cJ6HotGmDd,2016-10-08 14:46:27,
I'm at 川口駅 1-2番線ホーム in 川口市 埼玉県 https://t.co/UKuQwdsy8I,2016-10-08 14:46:51,
I'm at 川口駅 in 川口市 埼玉県 https://t.co/I3qKxitQad,2016-10-08 15:08:40,
I'm at 川口駅 in 川口市 埼玉県 https://t.co/zl8tF7nvw9,2016-10-08 15:35:59,
I'm at 川口駅 in 川口市 埼玉県 https://t.co/agH1WVhN5O,2016-10-08 16:32:17,
I'm at 川口駅 in 川口市 埼玉県 https://t.co/lGFxx8abnW,2016-10-08 17:16:22,
I'm at 川口駅 in 川口市 埼玉県 https://t.co/R4lySyFp1G,2016-10-08 18:01:05,
I'm at 川口駅 in 川口市 埼玉県 https://t.co/wr8DQbIEZz,2016-10-08 18:01:42,
I'm at 川口駅 in 川口市 埼玉県 https://t.co/VQmTfXUT7T,2016-10-08 19:09:17,
I'm at 川口駅 in 川口市 埼玉県 https://t.co/TivBsLESsm,2016-10-08 20:02:47,
ﾓﾖﾘｰ (@ 川口駅 in 川口市 埼玉県) https://t.co/mzoevBDdTl,2016-10-08 20:22:21,
きょ1日走ってるな… (@ 川口駅 in 川口市 埼玉県) https://t.co/JdDJVZIuZ1,2016-10-08 20:30:06,
I'm at 川口駅 in 川口市 埼玉県 https://t.co/iIrWJslLXQ,2016-10-08 20:48:39,
I'm at 川口駅 in 川口市 埼玉県 https://t.co/N7vvUZVlXy,2016-10-08 21:01:12,
I'm at 川口駅 in 川口市 埼玉県 https://t.co/h4FehWbz91,2016-10-08 21:16:46,
I'm at 川口駅 in 川口市 埼玉県 https://t.co/1NCkkgvcZZ,2016-10-08 22:39:40,
ラスト神田から川口駅。33回、54K にて帰庫します(-_-)/~~~。 (@ 川口駅 in 川口市 埼玉県) https://t.co/VBcOcMl1Uo,2016-10-09 03:03:41,
I'm at 川口駅 in 川口市 埼玉県 https://t.co/a2ZlEjTmva,2016-10-09 06:58:51,
I'm at 川口駅 in 川口市 埼玉県 https://t.co/5aJU0qYTbs,2016-10-09 08:22:51,
そろそろ行こうか！ (@ 川口駅 in 川口市 埼玉県) https://t.co/TvPUL5ihV4,2016-10-09 08:58:20,
I'm at 川口駅 in 川口市 埼玉県 https://t.co/ruTwF5XuYG,2016-10-09 09:08:14,
御見送り (@ 川口駅 in 川口市 埼玉県) https://t.co/PxW5dik5qw,2016-10-09 10:22:56,
I'm at 川口駅 in 川口市 埼玉県 https://t.co/QlUd9hQGUK,2016-10-09 12:44:31,
I'm at 川口駅 in 川口市 埼玉県 https://t.co/NOaYw2KPI6,2016-10-09 13:07:34,
I'm at 川口駅 in 川口市 埼玉県 https://t.co/ENreiVIWhk,2016-10-09 13:44:50,
I'm at 川口駅 in 川口市 埼玉県 https://t.co/S1H4EizWKK,2016-10-09 18:26:20,
ﾓﾄﾞﾘｰ (@ 川口駅 in 川口市 埼玉県) https://t.co/edJ6iEj5il,2016-10-09 20:47:35,
I'm at 川口駅 in 川口市 埼玉県 https://t.co/UywPGijPRO,2016-10-09 21:34:18,
I'm at 川口駅 in 川口市 埼玉県 https://t.co/zvU9q7XLsV,2016-10-09 22:05:14,
I'm at 川口駅 in 川口市 埼玉県 https://t.co/0eAAmIIkGh,2016-10-09 22:16:16,
I'm at 川口駅 1-2番線ホーム in 川口市 埼玉県 https://t.co/QzQbdGqf2u,2016-10-09 23:04:22,
I'm at 川口駅 in 川口市 埼玉県 w/ @reds841 https://t.co/AHTpl36Ru0,2016-10-09 23:04:30,
I'm at 川口駅東口 ペデストリアンデッキ in 川口市 埼玉県 https://t.co/xpQLGHjKmj,2016-10-09 23:07:23,
意外とリーマン多くてちょっと混乱している、今日は休日だよね？？？？？ (@ 川口駅 in 川口市 埼玉県) https://t.co/fLdlg1AlNg,2016-10-10 08:24:25,
かわぐち (@ 川口駅 in 川口市 埼玉県) https://t.co/mCUa1AsGn6,2016-10-10 08:44:39,
I'm at 川口駅 in 川口市 埼玉県 https://t.co/bdbuT2v8fi,2016-10-10 08:50:44,
ヲタクの朝は早い (@ 川口駅 in 川口市 埼玉県) https://t.co/c49qx0mnni,2016-10-10 08:59:20,
I'm at 川口駅 in 川口市 埼玉県 https://t.co/RYH6wC8e1d,2016-10-10 09:00:04,
I'm at 川口駅 in 川口市 埼玉県 https://t.co/UY7hfG0qVT,2016-10-10 09:21:39,
I'm at 川口駅 in 川口市 埼玉県 https://t.co/ARIsB0Safu,2016-10-10 09:35:31,
I'm at 川口駅 in 川口市 埼玉県 https://t.co/haRvgxRrYN,2016-10-10 09:35:43,
I'm at 川口駅 in 川口市 埼玉県 https://t.co/6EidLgtn6Z,2016-10-10 09:42:26,
I'm at 川口駅 in 川口市 埼玉県 https://t.co/ADzwJTb11Z,2016-10-10 09:43:15,
I'm at 川口駅 in 川口市 埼玉県 https://t.co/zd1kUscYn1,2016-10-10 09:50:02,
I'm at 川口駅 in 川口市 埼玉県 https://t.co/heh3P46AqW,2016-10-10 09:59:54,
I'm at 川口駅 in 川口市 埼玉県 https://t.co/5LRjeh97Tk,2016-10-10 10:11:02,
I'm at 川口駅 in 川口市 埼玉県 w/ @hiiyan_kmkm @ymststs3104 https://t.co/tPEK9GTCGH,2016-10-10 10:15:21,
I'm at 川口駅 in 川口市 埼玉県 https://t.co/7QwBDxePS4,2016-10-10 10:33:47,
I'm at 川口駅 in 川口市 埼玉県 https://t.co/07tMdRXq0b,2016-10-10 10:38:20,
I'm at 川口駅 in 川口市 埼玉県 https://t.co/NgfqSmut1V,2016-10-10 10:54:32,
I'm at 川口駅 in 川口市 埼玉県 https://t.co/UrGb9KkbXU,2016-10-10 11:08:43,
I'm at 川口駅 in 川口市 埼玉県 https://t.co/EG8tO44hTq,2016-10-10 11:31:20,
ついたー！ (@ 川口駅 in 川口市 埼玉県) https://t.co/SjK0gDtB7W,2016-10-10 11:39:02,
I'm at 川口駅 in 川口市 埼玉県 https://t.co/IKxnXKR4el,2016-10-10 11:42:22,
I'm at 川口駅 in 川口市 埼玉県 https://t.co/GZ9yZU37Ta,2016-10-10 11:50:50,
I'm at 川口駅 in 川口市 埼玉県 https://t.co/ASzKucVtMs,2016-10-10 12:01:57,
ヾ(･ω･｀)ﾉ (@ 川口駅 in 川口市 埼玉県) https://t.co/oR5AZwL4o3,2016-10-10 12:31:32,
I'm at 川口駅 in 川口市 埼玉県 https://t.co/BtKDdaIuEB,2016-10-10 12:31:40,
I'm at 川口駅 in 川口市 埼玉県 https://t.co/YJfLyyjA66,2016-10-10 12:38:18,
もう着いた。 (@ 川口駅 in 川口市 埼玉県) https://t.co/ePzkcYVBpb,2016-10-10 12:41:07,
I'm at 川口駅 in 川口市 埼玉県 https://t.co/8lUnKqB8St,2016-10-10 12:56:27,
I'm at 川口駅 in 川口市 埼玉県 https://t.co/00XNLSfeVz,2016-10-10 12:56:47,
I'm at 川口駅 in 川口市 埼玉県 https://t.co/W0DgoR0ROr,2016-10-10 13:08:07,
I'm at 川口駅 in 川口市 埼玉県 w/ @hyp878 https://t.co/0rxqsTlBEW,2016-10-10 13:16:13,
I'm at 川口駅 in 川口市 埼玉県 w/ @hyp878 @ebita401 @konkon18 https://t.co/rKsEwPlWt7,2016-10-10 13:21:45,
I'm at 川口駅 in 川口市 埼玉県 https://t.co/RqkPFxgzmk,2016-10-10 13:29:04,
迷ったが簡単なランチに... (@ おむすび処 ほんのり屋 川口店 in 川口市 埼玉県) https://t.co/SRQcRf7rDB,2016-10-10 13:34:36,
I'm at 川口駅 in 川口市 埼玉県 https://t.co/fOXMsgEGwP,2016-10-10 13:42:51,
I'm at 川口駅 in 川口市 埼玉県 https://t.co/BbLoYw8s3O,2016-10-10 13:48:15,
I'm at 川口駅 in 川口市 埼玉県 https://t.co/9faDPOtt89,2016-10-10 14:01:18,
I'm at 川口駅 in 川口市 埼玉県 https://t.co/E7vslrB6mk,2016-10-10 14:01:49,
I'm at 川口駅 in 川口市 埼玉県 w/ @321_yoroshiku https://t.co/9HLoS8Ovy0,2016-10-10 14:21:31,
I'm at 川口駅 in 川口市 埼玉県 https://t.co/GonlyuoLc0,2016-10-10 15:45:58,
川口in the 川口 (@ 川口駅 in 川口市 埼玉県) https://t.co/v3CIzGzcIQ https://t.co/66ZnxoCiRP,2016-10-10 15:52:39,
戻ってきた (@ 川口駅 in 川口市 埼玉県) https://t.co/kktSB2vSSl,2016-10-10 16:48:01,
I'm at 川口駅 in 川口市 埼玉県 https://t.co/spcVxqZZ3o,2016-10-10 17:12:00,
I'm at 川口駅 in 川口市 埼玉県 https://t.co/ll6YySyOOH,2016-10-10 17:43:15,
I'm at 川口駅 1-2番線ホーム in 川口市 埼玉県 https://t.co/stI1BFUEPn,2016-10-10 18:02:35,
I'm at 川口駅 in 川口市 埼玉県 https://t.co/NPhOJeyb19,2016-10-10 18:06:01,
I'm at 川口駅 1-2番線ホーム in 川口市 埼玉県 https://t.co/rjuwgwHWIT,2016-10-10 18:06:11,
I'm at 川口駅 in 川口市 埼玉県 https://t.co/1ur1kpR8Lk,2016-10-10 18:23:23,
ﾓﾖﾘｰ (@ 川口駅 in 川口市 埼玉県) https://t.co/vAKZD5o3o9,2016-10-10 18:24:08,
I'm at 川口駅 in 川口市 埼玉県 https://t.co/FGAWKSN3lF,2016-10-10 18:41:53,
駅うどんで腹ごしらえ (@ 川口駅 in 川口市 埼玉県) https://t.co/IH0MGc58Jm,2016-10-10 18:53:16,
I'm at 川口駅 in 川口市 埼玉県 https://t.co/CHDpZYgOtq,2016-10-10 19:52:14,
楽しかった！帰るよヾ(･ω･｀)ﾉ (@ 川口駅 in 川口市 埼玉県) https://t.co/WI1sJS0YsR,2016-10-10 20:41:25,
I'm at 川口駅 in 川口市 埼玉県 https://t.co/163t93Dho7,2016-10-10 20:50:18,
I'm at 川口駅 in 川口市 埼玉県 https://t.co/ygr03m6KSG,2016-10-10 21:12:29,
I'm at 川口駅 in 川口市 埼玉県 https://t.co/LiSPppAssv,2016-10-10 21:14:26,
I'm at 川口駅 in 川口市 埼玉県 https://t.co/o4mwixDp07,2016-10-10 21:22:16,
I'm at 川口駅 in 川口市 埼玉県 https://t.co/6eA0tlOU0v,2016-10-10 22:00:01,
本日10/10はこちら。ちくさんを観てきました。 @ 川口コミュニティプラザ公園 https://t.co/hbZ8U3NP1C,2016-10-10 22:50:18,
I'm at 川口駅 in 川口市 埼玉県 https://t.co/LamDb4vubP,2016-10-10 23:07:25,
I'm at 川口駅 1-2番線ホーム in 川口市 埼玉県 https://t.co/wf70T9Yu6E,2016-10-10 23:09:49,
涼しい。 (@ 川口駅 1-2番線ホーム in 川口市 埼玉県) https://t.co/vectOry8hi,2016-10-11 06:39:24,
上着を着て来て正解でした。 (@ 川口駅 in 川口市 埼玉県) https://t.co/UokrrMYM6M,2016-10-11 08:04:01,
いい天気やで (@ 川口駅 in 川口市 埼玉県) https://t.co/Jij50raoZ8,2016-10-11 08:52:31,
I'm at 川口駅 in 川口市 埼玉県 https://t.co/SJkWyw95Xv,2016-10-11 10:36:04,
I'm at 川口駅 in 川口市 埼玉県 https://t.co/BjDuwp0zuD,2016-10-11 12:18:00,
I'm at 川口駅 in 川口市 埼玉県 https://t.co/4DuwzgUbBY,2016-10-11 17:17:03,
I'm at 川口駅 in 川口市 埼玉県 https://t.co/KFBk4YCkTk,2016-10-11 19:15:46,
I'm at 川口駅 in 川口市 埼玉県 https://t.co/LPbVMvSl1D,2016-10-11 20:34:19,
I'm at 川口駅 in 川口市 埼玉県 https://t.co/vg5aOXap9T,2016-10-11 22:37:34,
I'm at 川口駅 in 川口市 埼玉県 https://t.co/iPgGE85dAF,2016-10-12 07:21:35,
出勤。 (@ 川口駅 in 川口市 埼玉県) https://t.co/pJePK2bVfi,2016-10-12 08:15:37,
I'm at 川口駅 in 川口市 埼玉県 https://t.co/JMF69h0Gwc,2016-10-12 08:53:14,
恐怖のチケ交開催地 (@ 川口駅 in 川口市 埼玉県) https://t.co/IBYnH4YPa9,2016-10-12 09:53:08,
ビの為に県跨ぎ (@ 川口駅 in 川口市 埼玉県) https://t.co/HN9lc9YS0M,2016-10-12 10:55:52,
I'm at 川口駅 in 川口市 埼玉県 https://t.co/9tjeEDp96I,2016-10-12 14:08:27,
I'm at 川口駅 in 川口市 埼玉県 https://t.co/OqrtXvNzxF,2016-10-12 17:30:29,
I'm at 川口駅 in 川口市 埼玉県 https://t.co/35znqC1j7j,2016-10-12 18:01:58,
ここにNSXの広告がうってあるのね (@ 川口駅 in 川口市 埼玉県) https://t.co/g8gDL7LyJi https://t.co/IKtaGN5unh,2016-10-12 18:03:15,
今日はバスで帰る (@ 川口駅 in 川口市 埼玉県) https://t.co/dGNTiOeUMe,2016-10-12 18:59:33,
到着。 (@ 川口駅 in 川口市 埼玉県) https://t.co/tQMbKMGJio,2016-10-12 19:44:47,
つうか (@ 川口駅 in 川口市 埼玉県) https://t.co/sOaGAHOctd,2016-10-12 20:36:04,
I'm at 川口駅 in 川口市 埼玉県 https://t.co/XmH3C7vkV6,2016-10-12 20:58:17,
I'm at 川口駅 in 川口市 埼玉県 w/ @tcpippei https://t.co/YJ7avo465r,2016-10-12 22:14:02,
I'm at 川口駅 1-2番線ホーム in 川口市 埼玉県 https://t.co/p0CiusSOCR,2016-10-13 06:43:11,
I'm at 川口駅 in 川口市 埼玉県 https://t.co/s8UPeiofWp,2016-10-13 08:52:11,
ツレの夕食は鍋にするかなー (@ 川口駅 in 川口市 埼玉県) https://t.co/Vttv6TKmGu,2016-10-13 18:39:29,
I'm at 川口駅 in 川口市 埼玉県 https://t.co/MzWuboT8tM,2016-10-13 19:47:41,
I'm at 川口駅 in 川口市 埼玉県 https://t.co/OaKBNO7azL,2016-10-13 23:32:54,
ピックアップ(今日のマンホール) 10/14(金) 鉄道の日: 埼玉県川口市栄町3丁目1−21 #manhotalk https://t.co/FdJ3coL1Em,2016-10-14 05:00:06,
I'm at 川口駅 in 川口市 埼玉県 https://t.co/X4UtV47Wmb,2016-10-14 06:33:49,
I'm at 川口駅 in 川口市 埼玉県 https://t.co/VqKoIGHwcZ,2016-10-14 06:35:42,
I'm at 川口駅 in 川口市 埼玉県 https://t.co/Cea4bWDgpo,2016-10-14 09:38:57,
I'm at 川口駅 in 川口市 埼玉県 https://t.co/TCJn31nEwU,2016-10-14 12:03:50,
I'm at 川口駅 in 川口市 埼玉県 https://t.co/j6pNL8zh1g,2016-10-14 18:37:52,
I'm at 川口駅 in 川口市 埼玉県 https://t.co/zPEMaQdAdB,2016-10-14 19:17:11,
I'm at 川口駅 in 川口市 埼玉県 https://t.co/ySBlnyekxF,2016-10-14 20:06:00,
I'm at 川口駅 in 川口市 埼玉県 https://t.co/nJ3JdexLpu,2016-10-14 22:25:56,
I'm at 川口駅 in 川口市 埼玉県 https://t.co/jeLjFhpraw,2016-10-14 23:16:58,
I'm at 川口駅 in 川口市 埼玉県 https://t.co/wOKjq938uT,2016-10-14 23:24:38,
そろそろ行こうか！ (@ 川口駅 in 川口市 埼玉県) https://t.co/aEVMOLml51,2016-10-15 05:17:54,
おはようございます。ファイナリストの朝は早い。 (@ 川口駅 in 川口市 埼玉県) https://t.co/Vu4Wvo0J5I https://t.co/fq7tlNmpb3,2016-10-15 05:22:42,
行くぜ (@ 川口駅 in 川口市 埼玉県) https://t.co/pILyPe1f1b,2016-10-15 08:34:42,
I'm at 川口駅東口 ペデストリアンデッキ in 川口市 埼玉県 https://t.co/g6zQEgPUrp,2016-10-15 08:56:09,
I'm at 川口駅 in 川口市 埼玉県 https://t.co/kCbsYQQnAb,2016-10-15 08:56:32,
I'm at いろり庵きらく 川口店 in 川口市 埼玉県 https://t.co/9LuM7CZ3PA,2016-10-15 08:58:58,
I'm at 川口駅 1-2番線ホーム in 川口市 埼玉県 https://t.co/CE8UbQ3oDl,2016-10-15 09:10:39,
I'm at 川口駅 in 川口市 埼玉県 https://t.co/yqayc7GFA4,2016-10-15 11:17:24,
I'm at 川口駅 in 川口市 埼玉県 https://t.co/9AsDw4IEwJ,2016-10-15 12:53:39,
戻るよ！ (@ 川口駅 in 川口市 埼玉県) https://t.co/ShEYfa2CFj,2016-10-15 13:09:22,
I'm at 川口駅 in 川口市 埼玉県 https://t.co/XPWtzAK0Jt,2016-10-15 13:31:37,
I'm at 川口駅 in 川口市 埼玉県 https://t.co/bdgqa6rKu7,2016-10-15 16:58:32,
I'm at 川口駅 1-2番線ホーム in 川口市 埼玉県 https://t.co/AVgJJhYliF,2016-10-15 18:04:22,
I'm at 川口駅 in 川口市 埼玉県 https://t.co/M1GzXf81nE,2016-10-15 18:34:56,
I'm at 川口駅 1-2番線ホーム in 川口市 埼玉県 https://t.co/yAUWho1fOR,2016-10-15 19:06:07,
I'm at 川口駅 in 川口市 埼玉県 https://t.co/ZRmzsAlh7b,2016-10-15 19:06:16,
I'm at 川口駅東口 ペデストリアンデッキ in 川口市 埼玉県 https://t.co/KL5Mn7tx4Z,2016-10-15 19:07:56,
ﾓﾖﾘｰ (@ 川口駅 in 川口市 埼玉県) https://t.co/dtwFosz9iH,2016-10-15 20:01:56,
I'm at 川口駅 in 川口市 埼玉県 https://t.co/qmZuXM6eLx,2016-10-15 20:30:33,
I'm at 川口駅 in 川口市 埼玉県 https://t.co/kPIHqMssTt,2016-10-15 21:06:29,
I'm at 川口駅 in 川口市 埼玉県 https://t.co/lVRCL6S8tX,2016-10-15 21:57:36,
I'm at 川口駅 in 川口市 埼玉県 https://t.co/Mr4TgC4Sy1,2016-10-15 22:09:47,
遠いなぁ(^_^;)ホントなら隣に一駅だけ移動したらよかったのに( ・ε・)まぁ店側の問題だからしゃーないか。乗り換えはないけど暇w (@ 川口駅 1-2番線ホーム in 川口市 埼玉県) https://t.co/GLCHc3O7TE,2016-10-15 23:29:43,
移動開始マン (@ 川口駅 in 川口市 埼玉県) https://t.co/UPKbXwzOFx,2016-10-16 08:21:40,
I'm at 川口駅 in 川口市 埼玉県 https://t.co/zdwArqxOb0,2016-10-16 09:46:49,
I'm at 川口駅 in 川口市 埼玉県 https://t.co/TQQrkN2j1E,2016-10-16 10:53:30,
I'm at 川口駅 in 川口市 埼玉県 https://t.co/BO0FwiOtzH,2016-10-16 11:28:03,
I'm at 川口駅 in 川口市 埼玉県 https://t.co/yG8HQ6OM4m,2016-10-16 11:40:12,
I'm at 川口駅 in 川口市 埼玉県 https://t.co/NpyvihXIPo,2016-10-16 19:49:41,
out of focus @ Kawaguchi Station https://t.co/A6Cg5zOUnV,2016-10-17 00:26:52,
I'm at 川口駅 in 川口市 埼玉県 https://t.co/iIruH1zbYr,2016-10-17 06:26:04,
雨だし月曜日だし京浜東北線乱れてるし。 (@ 川口駅 in 川口市 埼玉県) https://t.co/oiCo6BhoXq,2016-10-17 08:25:25,
さて、帰りの時間まで、どこで暇つぶししようか？ (@ 川口駅 in 川口市 埼玉県) https://t.co/iMF0N241RO,2016-10-17 09:53:17,
I'm at 川口駅 in 川口市 埼玉県 https://t.co/MuRb2E2P4K,2016-10-17 12:19:34,
I'm at 川口駅 in 川口市 埼玉県 https://t.co/bELXjzv7lI,2016-10-17 13:36:02,
I'm at 川口駅 in 川口市 埼玉県 https://t.co/MVZ4Dt4j8q,2016-10-17 17:05:33,
夜ごはん３種のデリプレート川口の駅前でかい迷路のような路地は飲み屋がいっぱいどこで何を食べようか駅前ひと回りして、駅横のココにたどり着いた。お腹がもとめていたのは、サラダいろいろたく… https://t.co/BNEfh5TWUe,2016-10-17 18:12:32,
到着。 (@ 川口駅 in 川口市 埼玉県) https://t.co/hA8hGy03al,2016-10-17 19:27:47,
I'm at 川口駅 in 川口市 埼玉県 https://t.co/zGEJfFvdXy,2016-10-17 19:35:43,
遅まきながら新潟への席ゲット！ (@ 川口駅 みどりの窓口 in 川口市 埼玉県) https://t.co/qHRz3X878i,2016-10-17 19:41:49,
ﾓﾄﾞﾘｰ (@ 川口駅 in 川口市 埼玉県) https://t.co/8rtbrKCU5M,2016-10-17 21:16:33,
I'm at 川口駅 in 川口市 埼玉県 https://t.co/iKHGhKRLGD,2016-10-17 21:32:18,
I'm at 川口駅 in 川口市 埼玉県 https://t.co/tgyX8KzXLg,2016-10-18 06:25:45,
出勤。 (@ 川口駅 in 川口市 埼玉県) https://t.co/S7Ar7W16Nw,2016-10-18 08:31:39,
I'm at 川口駅 in 川口市 埼玉県 https://t.co/fP0UlJcoL9,2016-10-18 08:58:57,
バスややこしい (@ 川口駅 in 川口市 埼玉県) https://t.co/uaIz8MJJ1v,2016-10-18 09:28:15,
今日は桶川まで行ってきます！ (@ 川口駅 in 川口市 埼玉県) https://t.co/Vl1SuSjMhD,2016-10-18 10:50:43,
I'm at 川口駅 in 川口市 埼玉県 https://t.co/vyI5ahHYfo,2016-10-18 11:37:00,
I'm at 川口駅 in 川口市 埼玉県 https://t.co/kYVCtP97qh,2016-10-18 18:55:28,
I'm at 川口駅 in 川口市 埼玉県 https://t.co/gOsWlFTCHM,2016-10-18 19:22:52,
I'm at 川口駅 in 川口市 埼玉県 https://t.co/35ylPyWKVH,2016-10-18 19:50:30,
西川口駅で非常停止ボタンが押された影響で一時運転見合わせ (@ 川口駅 in 川口市 埼玉県) https://t.co/AYwNgJa0mt,2016-10-18 21:38:02,
ねむあ (@ 川口駅 in 川口市 埼玉県) https://t.co/hUXP8mPaGP,2016-10-18 23:07:54,
到着。 (@ 川口駅 in 川口市 埼玉県 w/ @gallberry) https://t.co/bVQlM9t7Wc,2016-10-18 23:08:12,
a locust at 7th floor @ Kawaguchi Station https://t.co/XQIGRSMy3V,2016-10-19 00:10:47,
I'm at 川口駅 in 川口市 埼玉県 https://t.co/OZ86gXXzcC,2016-10-19 06:26:11,
大丈夫だ!! 世の中、お前が思ってるほど捨てたもんじゃない!! (@ 川口駅 in 川口市 埼玉県) https://t.co/fOYlOyggXW https://t.co/AoFXSHApLS,2016-10-19 06:57:33,
I'm at 川口駅 in 川口市 埼玉県 https://t.co/s4XdtRLZ60,2016-10-19 07:49:22,
出勤。 (@ 川口駅 in 川口市 埼玉県 w/ @graymoon1968110) https://t.co/yIxbLJzNN3,2016-10-19 08:28:32,
ああ、眠い (@ 川口駅 in 川口市 埼玉県 w/ @tcpippei) https://t.co/YIeSCljNxd,2016-10-19 08:53:12,
I'm at 川口駅 in 川口市 埼玉県 https://t.co/E6BGL7i9Nx,2016-10-19 10:49:18,
I'm at 川口駅 in 川口市 埼玉県 https://t.co/KwFrTPbixu,2016-10-19 13:05:06,
ごはん (@ いろり庵きらく 川口店 in 川口市 埼玉県) https://t.co/eqAkv6tnO7,2016-10-19 13:05:16,
I'm at 川口駅 in 川口市 埼玉県 https://t.co/idbwFXJZnZ,2016-10-19 16:00:57,
I'm at 川口駅 1-2番線ホーム in 川口市 埼玉県 https://t.co/WAT3wUQyDr,2016-10-19 18:33:08,
I'm at 川口駅 in 川口市 埼玉県 https://t.co/miwTrG7xMo,2016-10-19 19:17:32,
I'm at 川口駅 in 川口市 埼玉県 https://t.co/mJM0wIRSW6,2016-10-19 19:31:02,
I'm at 川口駅 in 川口市 埼玉県 https://t.co/4toQd93SHB,2016-10-19 19:47:54,
到着。 (@ 川口駅 in 川口市 埼玉県) https://t.co/PWDkf7SWvo,2016-10-19 20:10:38,
I'm at 川口駅 in 川口市 埼玉県 https://t.co/LQWskRPGmU,2016-10-19 20:22:18,
ライブ終わりで、すごい人！ (@ 川口駅 in 川口市 埼玉県) https://t.co/9b9zIUCIYZ,2016-10-19 20:59:36,
I'm at 川口駅 in 川口市 埼玉県 https://t.co/ewhYUXKaZH,2016-10-19 21:24:27,
I'm at 川口駅 in 川口市 埼玉県 https://t.co/q8LKvvv4Qh,2016-10-20 06:26:04,
遅刻確定なので開き直って朝食,2016-10-20 07:54:03,
I'm at 川口駅 in 川口市 埼玉県 https://t.co/wLhobxDHjd,2016-10-20 08:21:08,
青空出勤。 (@ 川口駅 in 川口市 埼玉県) https://t.co/KXGS3o60Uo,2016-10-20 08:27:57,
I'm at 川口駅 in 川口市 埼玉県 https://t.co/BMrzuqkqOP,2016-10-20 10:58:25,
I'm at 川口駅 in 川口市 埼玉県 https://t.co/81YdARS172,2016-10-20 12:03:15,
I'm at 川口駅 in 川口市 埼玉県 https://t.co/CGvqwDWtFj,2016-10-20 13:14:05,
移動開始マン (@ 川口駅 in 川口市 埼玉県) https://t.co/L5iK1PCQpY,2016-10-20 18:05:40,
I'm at 川口駅 in 川口市 埼玉県 https://t.co/lx36e5e8uv,2016-10-20 19:21:22,
I'm at 川口駅 in 川口市 埼玉県 https://t.co/zS6srDdQDA,2016-10-21 06:24:34,
青空出勤。 (@ 川口駅 in 川口市 埼玉県) https://t.co/lbJ6Y5zDqJ,2016-10-21 08:25:01,
I'm at 川口駅 in 川口市 埼玉県 https://t.co/YWSI9CMx2t,2016-10-21 08:31:33,
涼しいが寒くはない (@ 川口駅 in 川口市 埼玉県) https://t.co/efV054w1uD,2016-10-21 08:55:59,
I'm at 川口駅 in 川口市 埼玉県 https://t.co/XKGMLUKyWe,2016-10-21 09:02:05,
I'm at 川口駅 1-2番線ホーム in 川口市 埼玉県 https://t.co/ndy34FcIeJ,2016-10-21 10:34:46,
I'm at 川口駅 in 川口市 埼玉県 https://t.co/Vzx6PxQWCw,2016-10-21 12:18:32,
I'm at 川口駅 in 川口市 埼玉県 https://t.co/4VnuUfVyvt,2016-10-21 14:15:55,
I'm at 川口駅 in 川口市 埼玉県 https://t.co/4EaeVWXdd4,2016-10-21 15:11:48,
なぜかしら川口にいました (@ 川口駅 in 川口市 埼玉県) https://t.co/GuUdV2PWUf,2016-10-21 18:55:29,
到着。 (@ 川口駅 in 川口市 埼玉県) https://t.co/BohNsb3bsT,2016-10-21 19:18:17,
I'm at 川口駅 in 川口市 埼玉県 https://t.co/TO3ikuuFnC,2016-10-21 19:26:16,
むさしまるや (@ 川口駅 in 川口市 埼玉県) https://t.co/4gkq1vUmM2,2016-10-21 20:43:21,
I'm at 川口駅 in 川口市 埼玉県 w/ @tcpippei https://t.co/Eiv5WlfWbt,2016-10-21 21:34:00,
I'm at 川口駅 in 川口市 埼玉県 https://t.co/shaNcMqyxm,2016-10-21 22:42:15,
さむー (@ 川口駅 in 川口市 埼玉県) https://t.co/shogcKaC7o,2016-10-21 22:45:57,
I'm at 川口駅 in 川口市 埼玉県 https://t.co/H84jpsbIBM,2016-10-21 23:49:03,
I'm at 川口駅 in 川口市 埼玉県 https://t.co/vcLOeOQDg9,2016-10-22 05:50:51,
行くぞ！！！ (@ 川口駅 in 川口市 埼玉県) https://t.co/F3moggLJFL,2016-10-22 08:24:18,
I'm at 川口駅 in 川口市 埼玉県 https://t.co/QrceNSLiA7,2016-10-22 10:53:37,
I'm at 川口駅 in 川口市 埼玉県 https://t.co/JIWsMnr1rK,2016-10-22 10:53:43,
I'm at 川口駅 in 川口市 埼玉県 https://t.co/zNDPuGtfjM,2016-10-22 14:12:37,
I'm at 川口駅 in 川口市 埼玉県 https://t.co/7j4M6A7BW9,2016-10-22 14:14:53,
ポータルがいっぱいあるときいて (@ 川口駅 in 川口市 埼玉県) https://t.co/4z0Q1PVOSM https://t.co/CGVamLKAlj,2016-10-22 14:38:56,
I'm at 川口駅 in 川口市 埼玉県 https://t.co/bQAciHc2WS,2016-10-22 14:50:35,
I'm at 川口駅 in 川口市 埼玉県 https://t.co/Qdn0C8WmeJ,2016-10-22 15:28:08,
#はるっぴメール隣はあおいたんかな！？(@_@) なんか、内容は冷静に考えると悲しいのにはるっぴは目も表情もキラキラしてるね♪前向きっぴ?(^o^)／ https://t.co/6fMPE3QnjN,2016-10-22 17:38:43,
I'm at 川口駅 in 川口市 埼玉県 https://t.co/dHcz3Kt8RT,2016-10-22 21:31:42,
ﾓﾄﾞﾘｰからのﾊﾞｽﾉﾘ (@ 川口駅 in 川口市 埼玉県) https://t.co/0Qxl1tBg5H,2016-10-22 21:41:15,
I'm at 川口駅 in 川口市 埼玉県 https://t.co/j9Lxz1AYIE,2016-10-22 22:47:24,
I'm at 川口駅 in 川口市 埼玉県 https://t.co/fP8YXLN8jx,2016-10-22 23:47:29,
寝ぼけてたら埼玉県入ってたけど (@ 川口駅 in 川口市 埼玉県) https://t.co/VVK92MIVRM,2016-10-23 00:13:56,
I'm at 川口駅 in 川口市 埼玉県 https://t.co/PR1XSlLIOx,2016-10-23 07:47:36,
I'm at 川口駅 in 川口市 埼玉県 https://t.co/jJqZJC2uRw,2016-10-23 09:16:50,
祭りで大混乱やんけ………………… (@ 川口駅 in 川口市 埼玉県) https://t.co/jieikINMN1,2016-10-23 11:12:03,
I'm at 川口駅 in 川口市 埼玉県 https://t.co/LSIl2jODvU,2016-10-23 11:12:37,
I'm at 川口駅 in 川口市 埼玉県 https://t.co/goGXtU6Nsf,2016-10-23 11:44:30,
神社の大祭で法被姿の人がたくさん！ (@ 川口駅 in 川口市 埼玉県) https://t.co/AJRavQqag1,2016-10-23 12:07:59,
I'm at 川口駅 in 川口市 埼玉県 https://t.co/lachMHWbda,2016-10-23 12:34:55,
ﾓﾄﾞﾘｰ (@ 川口駅 in 川口市 埼玉県) https://t.co/nZ1J6AADxr,2016-10-23 15:36:10,
I'm at 川口駅 in 川口市 埼玉県 https://t.co/EOXLNxxhVB,2016-10-23 16:05:56,
川口駅でおみこしなう。 @ Kawaguchi Station https://t.co/XWkTr4BKmZ,2016-10-23 16:26:12,
I'm at 川口駅 in 川口市 埼玉県 https://t.co/pY9llzwIgv,2016-10-23 21:30:27,
I'm at 川口駅 in 川口市 埼玉県 https://t.co/ajehdpzLbC,2016-10-24 06:27:36,
青空出勤。 (@ 川口駅 in 川口市 埼玉県) https://t.co/PvHFZ49MED,2016-10-24 08:29:39,
I'm at 川口駅 in 川口市 埼玉県 https://t.co/zzVZbcwB8l,2016-10-24 08:48:42,
I'm at 川口駅 in 川口市 埼玉県 https://t.co/xFyFIk182F,2016-10-24 08:51:59,
気持ちいいです、朝。 (@ 川口駅 in 川口市 埼玉県) https://t.co/jOt2Rd4P8D,2016-10-24 08:55:06,
I'm at 川口駅 in 川口市 埼玉県 https://t.co/u34hN6B5UT,2016-10-24 09:44:19,
I'm at 川口駅 in 川口市 埼玉県 https://t.co/ovV4p32PYo,2016-10-24 12:00:17,
I'm at 川口駅 in 川口市 埼玉県 https://t.co/QwuVLjPbIw,2016-10-24 16:14:02,
I'm at 川口駅 in 川口市 埼玉県 https://t.co/nHPUKsxZcH,2016-10-24 17:52:09,
到着。 (@ 川口駅 in 川口市 埼玉県) https://t.co/R5wzzGCQ3a,2016-10-24 18:47:43,
ﾓﾄﾞﾘｰ (@ 川口駅 in 川口市 埼玉県) https://t.co/FUsvLMcsZl,2016-10-24 21:08:43,
I'm at 川口駅 in 川口市 埼玉県 https://t.co/Dsm3KJHFOH,2016-10-24 22:02:26,
この時間は酒臭くてやだ。 (@ 川口駅 in 川口市 埼玉県) https://t.co/2QevIknvae,2016-10-24 22:54:17,
ねむなむ (@ 川口駅 in 川口市 埼玉県) https://t.co/rzyNg78prj,2016-10-25 00:14:44,
I'm at 川口駅 in 川口市 埼玉県 https://t.co/jgABV2A8oA,2016-10-25 06:26:35,
青空出勤。 (@ 川口駅 in 川口市 埼玉県) https://t.co/pzJJvpW7yR,2016-10-25 08:26:39,
I'm at 川口駅 in 川口市 埼玉県 https://t.co/QwxYLdX8B9,2016-10-25 08:55:11,
I'm at 川口駅 in 川口市 埼玉県 https://t.co/PmU2uc5qtf,2016-10-25 10:00:13,
I'm at 川口駅 in 川口市 埼玉県 https://t.co/SiBgOmfnhN,2016-10-25 11:05:42,
I'm at 川口駅 in 川口市 埼玉県 https://t.co/l9PgocZ4Wt,2016-10-25 13:51:33,
くらい (@ 川口駅 in 川口市 埼玉県) https://t.co/9y4Fu3EQTz,2016-10-25 14:08:07,
頭がちょー痛い！ (@ 川口駅 in 川口市 埼玉県) https://t.co/sxyfYYH7lY,2016-10-25 18:44:37,
I'm at 川口駅 in 川口市 埼玉県 https://t.co/JHItRyS47J,2016-10-25 19:45:45,
到着。 (@ 川口駅 in 川口市 埼玉県) https://t.co/yHaRAYgawX,2016-10-25 20:38:26,
I'm at 川口駅 in 川口市 埼玉県 w/ @tcpippei https://t.co/duCmqKNb5C,2016-10-25 20:48:40,
I'm at 川口駅 in 川口市 埼玉県 https://t.co/dPMOsDhWw9,2016-10-25 20:57:45,
I'm at 川口駅 in 川口市 埼玉県 https://t.co/JO0Xo3WwN6,2016-10-26 00:24:27,
I'm at 川口駅 in 川口市 埼玉県 https://t.co/N5msHKDhMz,2016-10-26 08:03:32,
青空出勤。 (@ 川口駅 in 川口市 埼玉県) https://t.co/jdpVj00YXs,2016-10-26 08:28:53,
I'm at 川口駅 in 川口市 埼玉県 https://t.co/Eu8TKaXY3a,2016-10-26 08:59:21,
I'm at 川口駅 in 川口市 埼玉県 https://t.co/CPaCBWPAeP,2016-10-26 09:32:47,
I'm at 川口駅 in 川口市 埼玉県 https://t.co/35AdGSeVX6,2016-10-26 15:09:17,
帰ります (@ 川口駅 in 川口市 埼玉県) https://t.co/yChyVJtEUm,2016-10-26 19:17:08,
I'm at 川口駅 in 川口市 埼玉県 https://t.co/hzvcO3eDW3,2016-10-26 19:23:51,
到着。 (@ 川口駅 in 川口市 埼玉県) https://t.co/anX959Ldjr,2016-10-26 19:52:32,
I'm at 川口駅 in 川口市 埼玉県 https://t.co/r8khE9L2ik,2016-10-26 23:34:19,
I'm at 川口駅 in 川口市 埼玉県 https://t.co/k9QDrCtZ1J,2016-10-27 08:04:15,
I'm at 川口駅 in 川口市 埼玉県 https://t.co/TfXJdGJ1OZ,2016-10-27 08:22:33,
青空出勤。 (@ 川口駅 in 川口市 埼玉県) https://t.co/ltmWgjjSTw,2016-10-27 08:29:19,
I'm at 川口駅 in 川口市 埼玉県 w/ @tcpippei https://t.co/J5H34Uw380,2016-10-27 08:52:31,
I'm at 川口駅 in 川口市 埼玉県 https://t.co/Gk7baVXrXf,2016-10-27 16:02:34,
I'm at 川口駅 in 川口市 埼玉県 https://t.co/0BtgmyPC3N,2016-10-27 17:05:41,
I'm at 川口駅 in 川口市 埼玉県 https://t.co/Trc3DzX8NL,2016-10-27 18:44:10,
I'm at 川口駅 in 川口市 埼玉県 https://t.co/ynNbIkfkMZ,2016-10-27 18:48:18,
I'm at 川口駅 in 川口市 埼玉県 https://t.co/GzYeuemNeD,2016-10-27 20:47:40,
クラリネットおわたー！ (@ 川口駅 in 川口市 埼玉県) https://t.co/2SAYnXm03R,2016-10-27 21:08:46,
I'm at 川口駅 in 川口市 埼玉県 https://t.co/zwN2Uxpqtv,2016-10-27 22:09:40,
到着。 (@ 川口駅 in 川口市 埼玉県 w/ @hissy1969 @gallberry) https://t.co/gYD0CcL5Pq,2016-10-27 22:18:14,
今朝のウマシカズ,2016-10-28 07:44:23,
I'm at 川口駅 in 川口市 埼玉県 https://t.co/Fy7xAamS5w,2016-10-28 08:04:26,
I'm at 川口駅 in 川口市 埼玉県 https://t.co/MWQ8angFeK,2016-10-28 12:27:12,
埼玉に降り立った漏れ (@ 川口駅 in 川口市 埼玉県) https://t.co/j6mFarfqOH,2016-10-28 16:30:33,
I'm at 川口駅 in 川口市 埼玉県 https://t.co/OHZ79h5a9L,2016-10-28 16:50:08,
行くぜ茶畑,2016-10-28 17:36:24,
えー与野行こうかな (@ 川口駅 in 川口市 埼玉県) https://t.co/DZilK2GvLh,2016-10-28 17:36:38,
I'm at 川口駅 in 川口市 埼玉県 https://t.co/DqwH0AW3XS,2016-10-28 18:50:03,
到着。 (@ 川口駅 in 川口市 埼玉県) https://t.co/fpQVREFqem,2016-10-28 18:57:10,
通過← (@ 川口駅 in 川口市 埼玉県) https://t.co/LornpyKEID,2016-10-28 19:29:45,
I'm at 川口駅 in 川口市 埼玉県 https://t.co/e6JqCMbgRq,2016-10-28 21:40:21,
Just posted a photo @ Kawaguchi Station https://t.co/6w53OdHoGv,2016-10-28 22:53:27,
聖地 (@ 川口駅 in 川口市 埼玉県) https://t.co/YLYlHxFynF,2016-10-28 23:04:59,
I'm at 川口駅 in 川口市 埼玉県 https://t.co/wzLs4CZ2sn,2016-10-28 23:23:01,
I'm at 川口駅 in 川口市 埼玉県 https://t.co/0i4pU2nWer,2016-10-28 23:51:54,
I'm at 川口駅 in 川口市 埼玉県 https://t.co/hjDmDh9Mq1,2016-10-28 23:58:01,
I'm at 川口駅 in 川口市 埼玉県 https://t.co/jnwBneYrcR,2016-10-29 06:13:45,
I'm at 川口駅 みどりの窓口 in 川口市 埼玉県 https://t.co/vPTfaIlrjf,2016-10-29 07:06:23,
I'm at 川口駅 in 川口市 埼玉県 https://t.co/TttTBCoTPH,2016-10-29 07:08:06,
I'm at 川口駅 in 川口市 埼玉県 https://t.co/83abkPSmKc,2016-10-29 08:09:55,
お散歩 (@ 川口駅 in 川口市 埼玉県) https://t.co/u14X80qRKD,2016-10-29 09:54:49,
I'm at 川口駅 in 川口市 埼玉県 https://t.co/GLiqY9C0jy,2016-10-29 10:36:51,
I'm at 川口駅 in 川口市 埼玉県 w/ @inuiyuki https://t.co/mhQ0IEd3Bh,2016-10-29 10:45:25,
I'm at 川口駅 in 川口市 埼玉県 https://t.co/P1t3vJD8K2,2016-10-29 10:59:58,
I'm at 川口駅 in 川口市 埼玉県 https://t.co/g5koZKj9V8,2016-10-29 15:37:23,
I'm at 川口駅 in 川口市 埼玉県 https://t.co/Mb84HEYXX1,2016-10-29 17:23:38,
I'm at 川口駅 in 川口市 埼玉県 https://t.co/vYFbydMnt0,2016-10-29 20:06:39,
I'm at 川口駅 in 川口市 埼玉県 https://t.co/WnNPxmjVp9,2016-10-29 21:44:39,
I'm at 川口駅 in 川口市 埼玉県 https://t.co/fbdjhLbNjJ,2016-10-29 22:16:23,
降車済んでないのに人が乗ってくる。カオス。降り損なうとこだった。 (@ 川口駅 in 川口市 埼玉県) https://t.co/UXE8W3IF78,2016-10-30 00:28:46,
I'm at 川口駅 in 川口市 埼玉県 w/ @buzzzz1970 https://t.co/Pl5wbWQh6f,2016-10-30 07:55:27,
ぽたく輸送 (@ 川口駅 in 川口市 埼玉県) https://t.co/VGcrsGowT3,2016-10-30 15:02:12,
I'm at 川口駅 in 川口市 埼玉県 https://t.co/MKyTwJ2edo,2016-10-30 15:30:26,
I'm at 川口駅 in 川口市 埼玉県 https://t.co/vpY3k97l7p,2016-10-30 15:57:04,
I'm at 川口駅 in 川口市 埼玉県 https://t.co/Z8XMOwaZcT,2016-10-30 17:21:59,
I'm at 川口駅 in 川口市 埼玉県 https://t.co/6o3M1g4WYd,2016-10-30 18:21:04,
ﾓﾄﾞﾘｰ (@ 川口駅 in 川口市 埼玉県) https://t.co/Um5c6lJz7V,2016-10-30 19:02:32,
I'm at 川口駅 in 川口市 埼玉県 https://t.co/reMWT5UxaJ,2016-10-30 20:47:35,
I'm at 川口駅 in 川口市 埼玉県 https://t.co/8TBcjU949M,2016-10-30 21:14:22,
I'm at 川口駅 in 川口市 埼玉県 https://t.co/eIvhZ6YODP,2016-10-31 08:12:41,
出勤。 (@ 川口駅 in 川口市 埼玉県) https://t.co/U6X8rEeoYY,2016-10-31 08:27:26,
I'm at 川口駅 in 川口市 埼玉県 https://t.co/CXrjSaluZk,2016-10-31 08:52:52,
I'm at 川口駅 in 川口市 埼玉県 https://t.co/17X5zGQg4g,2016-10-31 09:56:34,
I'm at 川口駅 in 川口市 埼玉県 https://t.co/zNxkO76aeF,2016-10-31 12:45:14,
可愛いJKいるけど (@ 川口駅 in 川口市 埼玉県) https://t.co/896Ilec3Dc,2016-10-31 17:37:19,
I'm at 川口駅 in 川口市 埼玉県 https://t.co/ctLndH0a2Z,2016-10-31 19:17:24,
I'm at 川口駅 in 川口市 埼玉県 https://t.co/2tmhU47WSl,2016-10-31 19:30:01,
到着。 (@ 川口駅 in 川口市 埼玉県) https://t.co/7bMP7e1oS7,2016-10-31 20:16:59,
I'm at 川口駅 in 川口市 埼玉県 w/ @tcpippei https://t.co/Y1TLLoS9iV,2016-10-31 21:07:41,
I'm at 川口駅 in 川口市 埼玉県 https://t.co/pv87et1Ovz,2016-10-31 21:42:01,
