I'm at JR 王子駅 - @jreast_official in 北区 東京都 https://t.co/HlzZ6RuKNN,2016-08-01 20:32:45,
ZEROの塩ちゃんと東京メトロ版仮面ライダースタンプラリー、全35駅コンプリートしました。ゴールは王子駅。JRのウルトラマンの半分の量なれど、路線の少なさ、景色がずっと灰色と白、スタンプ台が… https://t.co/FCQCfWInho,2016-08-02 16:50:50,
突然お遣い頼まれたもんで。 (@ JR 王子駅 - @jreast_official in 北区 東京都) https://t.co/VDoHAi7keY https://t.co/KRtHDCM2HB,2016-08-02 19:54:09,
飛鳥山公園が花吹雪 (@ JR 王子駅 in 北区 東京都) https://t.co/hQOPPgI1CB https://t.co/9nr73FDIr6,2016-08-02 20:28:46,
一旦休憩……つかれた (@ 王子駅前停留場 in 北区 東京都) https://t.co/Re4mJtZgB7,2016-08-03 12:41:36,
I'm at JR 王子駅 - @jreast_official in 北区 東京都 https://t.co/VgnAdJJj7T,2016-08-03 14:34:51,
I'm at JR 王子駅 - @jreast_official in 北区 東京都 https://t.co/sCQREHMJRk,2016-08-03 15:28:32,
荒川線に乗って @ 王子駅 https://t.co/eR3rnrddaF,2016-08-04 17:57:46,
帰り道 @ ?ji Station https://t.co/XabC1PTLJZ,2016-08-04 18:40:15,
I'm at JR 王子駅 - @jreast_official in 北区 東京都 https://t.co/9pwKLXqZES,2016-08-05 19:17:58,
I'm at JR 王子駅 - @jreast_official in 北区 東京都 https://t.co/VsQdhB8vWa,2016-08-05 22:34:55,
I'm at JR 王子駅 - @jreast_official in 北区 東京都 https://t.co/PJhaNncgyp,2016-08-06 05:53:02,
I'm at 王子駅前停留場 in 北区 東京都 https://t.co/yvh3y1DiTA,2016-08-06 11:16:08,
I'm at JR 王子駅 - @jreast_official in 北区 東京都 https://t.co/okoALs7VDA,2016-08-06 17:20:56,
I'm at JR 王子駅 - @jreast_official in 北区 東京都 https://t.co/eSjAAVfEXI,2016-08-06 22:34:35,
I'm at JR 王子駅 - @jreast_official in 北区 東京都 https://t.co/X8ZpR2bYyy,2016-08-07 10:05:26,
本日は王子で仕事。前回果たせなかった飛鳥山の謎モノレールに乗るべく張り切って来たけど、16時までだった(;つД｀)…尚、飛鳥山はポケモンの巣なので人だらけ…それを横目で見つつ（己もGOしつつw）… https://t.co/gW4UwjmhkI,2016-08-08 18:16:56,
黒猫が落ちているwそんな夕暮れ(*´-`)扇屋さんで厚焼き玉子買って、本日は帰ります。そして明日も王子仕事。 @ ?ji Station https://t.co/e6EdozkKgh,2016-08-08 18:45:50,
I'm at JR 王子駅 - @jreast_official in 北区 東京都 https://t.co/X4R51Y9mXQ,2016-08-09 18:06:14,
帰り道 @ ?ji Station https://t.co/X1I2tRoA5P,2016-08-09 18:33:04,
I'm at JR 王子駅 - @jreast_official in 北区 東京都 https://t.co/w1s59QgmcR,2016-08-10 05:06:24,
I'm at 王子駅前停留場 - @toeikotsu in 北区 東京都 https://t.co/Jvz7YZuCtS,2016-08-10 09:23:30,
I'm at JR 王子駅 - @jreast_official in 北区 東京都 https://t.co/IZmqWVnyYR,2016-08-10 14:47:41,
I'm at JR 王子駅 - @jreast_official in 北区 東京都 https://t.co/RWtwNj5CS9,2016-08-10 17:09:32,
きょうも飛鳥山公園は萌えてます (@ JR 王子駅 in 北区 東京都) https://t.co/BxBWNbGw0D https://t.co/UsrEOTP82W,2016-08-10 20:35:10,
#rakugo 王子なう。これから、特撰花形落語会 春風亭一之輔・三笑亭夢丸・柳亭こみち三人会@北とぴあ つつじホール。 @ ?ji Station https://t.co/zHFt4twaE0,2016-08-11 13:32:52,
I'm at 王子駅 in 北区 東京都 https://t.co/JcEEmlzWy9,2016-10-06 11:48:15,
I'm at 王子駅 in 北区 東京都 https://t.co/2HFyH8vEnQ,2016-10-06 17:41:20,
I'm at 王子駅 in 北区 東京都 https://t.co/KfC2GoWR71,2016-10-06 18:26:06,
I'm at 王子駅 in 北区 東京都 https://t.co/blp24iBkqs,2016-10-07 07:02:23,
I'm at 王子駅前停留場 - @toeikotsu in 北区 東京都 https://t.co/IfEyvgKkRi,2016-10-07 13:18:23,
I'm at 王子駅 in 北区 東京都 https://t.co/6bp3QYfA3j,2016-10-07 18:24:48,
I'm at 王子駅 in 北区 東京都 https://t.co/mVFioxDfjh,2016-10-07 19:36:13,
I'm at 王子駅 in 北区 東京都 https://t.co/lEnFf1UF1u,2016-10-07 20:25:33,
ツンデレ (@ 王子駅 in 北区 東京都) https://t.co/3SfQalN9XZ,2016-10-07 20:29:06,
I'm at 王子駅 in 北区 東京都 https://t.co/FRgyawu3Iy,2016-10-08 00:20:09,
I'm at 王子駅 in 北区 東京都 https://t.co/whcKFdt1bk,2016-10-08 02:25:45,
I'm at JR 王子駅 - @jreast_official in 北区 東京都 https://t.co/ndfxEvK2Be,2016-10-08 06:49:38,
I'm at 王子駅 in 北区 東京都 https://t.co/X7F1Coa6j9,2016-10-08 07:54:09,
h (@ 王子駅前停留場 in 北区 東京都) https://t.co/Q9EcHLMt9X,2016-10-08 10:05:45,
I'm at 王子駅 in 北区 東京都 https://t.co/5qydNCmdYT,2016-10-08 10:22:30,
I'm at JR 王子駅 - @jreast_official in 北区 東京都 https://t.co/SkRQsnzk4r,2016-10-08 13:33:29,
I'm at JR 王子駅 - @jreast_official in 北区 東京都 https://t.co/rWS6Tt9dna,2016-10-08 17:15:47,
I'm at 王子駅 in 北区 東京都 https://t.co/w92Bs8q5Bw,2016-10-08 20:13:51,
I'm at 王子駅 in 北区 東京都 https://t.co/LY90uCWCer,2016-10-08 22:55:51,
I'm at JR 王子駅 - @jreast_official in 北区 東京都 https://t.co/HJwDiYdKJQ,2016-10-08 23:26:20,
一瞬道に迷ったw (@ 王子駅 in 北区 東京都) https://t.co/JtdIswKa2Q,2016-10-09 07:18:39,
Clover Fes…… (@ 王子駅 in 北区 東京都) https://t.co/cOa5bBUc20,2016-10-09 08:51:11,
I'm at 王子駅 in 北区 東京都 https://t.co/Z2Bt5YumVV,2016-10-09 10:26:51,
着いちゃったよ (@ JR 王子駅 in 北区 東京都) https://t.co/ZdrOdr8mlJ,2016-10-09 11:31:17,
I'm at 王子駅 in 北区 東京都 https://t.co/1fFg82v2DO,2016-10-09 12:03:09,
I'm at JR 王子駅 - @jreast_official in 北区 東京都 https://t.co/56ZvUcKEiB,2016-10-09 12:24:22,
I'm at 王子駅 in 北区 東京都 https://t.co/78ysqJtTnM,2016-10-09 13:02:30,
I'm at 王子駅 in 北区 東京都 https://t.co/XFrcYzCW6F,2016-10-10 00:43:49,
I'm at 王子駅 in 北区 東京都 https://t.co/nbXMVlDpvP,2016-10-10 08:22:53,
I'm at JR 王子駅 - @jreast_official in 北区 東京都 https://t.co/jOvLIYH3a0,2016-10-10 12:50:42,
乗り換え (@ 王子駅前停留場 - @toeikotsu in 北区 東京都) https://t.co/KwKetMfRGR,2016-10-10 12:52:26,
I'm at 王子駅 in 北区 東京都 https://t.co/MA0qmvX30R,2016-10-10 13:39:22,
しぐれちゃん… (@ ?ji Station in 北区 東京都) https://t.co/ziLiwoxapI,2016-10-10 13:45:18,
通過 (@ 王子駅 in 北区 東京都) https://t.co/azlZB2Jqvu,2016-10-10 14:02:52,
I'm at 王子駅 in 北区 東京都 https://t.co/MnveHnxEYH,2016-10-10 17:40:30,
帰路 (@ 王子駅 in 北区 東京都) https://t.co/1aHwlVYVdr,2016-10-10 20:49:49,
I'm at 王子駅 in 北区 東京都 https://t.co/0MggpgNoQn,2016-10-10 21:14:23,
I'm at 王子駅 in 北区 東京都 https://t.co/6dW8g28SVd,2016-10-10 23:32:34,
I'm at 王子駅 in 北区 東京都 https://t.co/5btk9bywf3,2016-10-11 07:04:20,
I'm at 王子駅前停留場 - @toeikotsu in 北区 東京都 https://t.co/VJmfTT9NX7,2016-10-11 07:04:26,
I'm at 王子駅 in 北区 東京都 https://t.co/786SJ8Wc2Z,2016-10-11 09:42:13,
I'm at JR 王子駅 - @jreast_official in 北区 東京都 https://t.co/nHBn6kxkUg,2016-10-11 09:42:13,
#ぽけもんgo 初ゲット??,2016-10-11 10:01:54,
I'm at 王子駅 in 北区 東京都 https://t.co/jBRRKUEYCJ,2016-10-11 11:10:37,
バスで…バス停を通りました?(^^)バス運転手は喉風邪みたい！早く治りますように,2016-10-11 15:51:57,
I'm at 王子駅 in 北区 東京都 https://t.co/5BdjdfjvCu,2016-10-11 16:04:38,
I'm at 王子駅 in 北区 東京都 w/ @8______ss https://t.co/FpdTUqU7N1,2016-10-11 18:59:57,
バスで…を通りました(^_^;)今日(２回目)ｗｗｗ (@ 王子駅 in 北区 東京都) https://t.co/ieRKVCLuXR,2016-10-11 20:53:36,
Good morning! - 並んでいるのが気になりました、なんとなく。今日は早く帰りたいなぁ。。 #flower #sunny @ ?ji Station https://t.co/gfZKGficpg,2016-10-12 08:03:21,
I'm at 王子駅 in 北区 東京都 https://t.co/OWCo7fzLud,2016-10-12 10:02:12,
I'm at 王子駅 in 北区 東京都 https://t.co/zcH8Eg9Zbs,2016-10-12 10:28:15,
I'm at 王子駅 in 北区 東京都 https://t.co/JeTrxJoed0,2016-10-12 11:46:05,
I'm at 王子駅 in 北区 東京都 https://t.co/MzopXUq3PW,2016-10-12 18:56:44,
I'm at 王子駅 in 北区 東京都 https://t.co/qU8P4kMGHL,2016-10-13 10:22:26,
思ってたより栄えてた！ (@ 王子駅 in 北区 東京都) https://t.co/eAcl9vZmIz,2016-10-13 17:15:42,
I'm at 王子駅 in 北区 東京都 https://t.co/QWmVSDDzFJ,2016-10-13 17:18:49,
Just posted a photo @ 都電王子前駅 https://t.co/95SlSkp7nn,2016-10-13 20:27:39,
バスが1次停車しております(〃^ω^〃) (@ 王子駅 in 北区 東京都) https://t.co/YZARwMBJb6,2016-10-13 21:23:10,
I'm at 王子駅 in 北区 東京都 https://t.co/N8QSGalVFm,2016-10-13 23:28:27,
I'm at 王子駅 in 北区 東京都 https://t.co/Bbp1kytYTy,2016-10-14 10:21:53,
I'm at JR 王子駅 in 北区 東京都 https://t.co/KLK2g3CLA6,2016-10-14 17:05:35,
I'm at 王子駅 in 北区 東京都 https://t.co/jxnqdRKaQf,2016-10-14 18:24:23,
I'm at JR 王子駅 - @jreast_official in 北区 東京都 https://t.co/4NPept5O9c,2016-10-14 20:10:57,
I'm at 王子駅 in 北区 東京都 https://t.co/4IL2T0tgoV,2016-10-14 22:49:10,
さーいこうか (@ 王子駅 in 北区 東京都) https://t.co/PY0w8c1FsM,2016-10-15 06:12:28,
おうじ〜 (@ 王子駅 in 北区 東京都) https://t.co/cwkliDhTqY,2016-10-15 08:01:10,
I'm at 王子駅 in 北区 東京都 https://t.co/Lbw1KKsAeL,2016-10-15 08:44:28,
I'm at 王子駅 in 北区 東京都 https://t.co/z7lEWiNvZx,2016-10-15 09:50:18,
I'm at JR 王子駅 - @jreast_official in 北区 東京都 https://t.co/ZyQGtmHJyE,2016-10-15 09:53:19,
I'm at 王子駅 in 北区 東京都 https://t.co/bLKxYjScmZ,2016-10-15 09:59:55,
I'm at 王子駅 in 北区 東京都 https://t.co/RbGXIE74jw,2016-10-15 10:20:03,
I'm at 王子駅 in 北区 東京都 https://t.co/6runmsYkbj,2016-10-15 10:42:08,
ノリノリで乗り換え (@ 王子駅 in 北区 東京都) https://t.co/16oGSPpTfI,2016-10-15 11:00:48,
I'm at 王子駅 in 北区 東京都 https://t.co/kH9mxM8tKE,2016-10-15 13:25:39,
I'm at 王子駅 in 北区 東京都 https://t.co/r2DdCquyhP,2016-10-15 17:15:23,
エピカ、初の日本公演決定 #BARKS https://t.co/N4rZ09nbRE,2016-10-15 18:38:08,
I'm at 王子駅 in 北区 東京都 https://t.co/zUJeGkKK4T,2016-10-15 20:06:20,
I'm at 王子駅 in 北区 東京都 https://t.co/Hc23nvXX68,2016-10-15 21:47:18,
I'm at 王子駅 in 北区 東京都 https://t.co/C0CiMABmiu,2016-10-15 21:55:36,
????? ????? UO 4?? ?? ???? ??? ?? ?? ???,2016-10-15 22:20:27,
I'm at 王子駅 in 北区 東京都 https://t.co/yTZOiUsLz0,2016-10-16 05:02:52,
I'm at JR 王子駅 - @jreast_official in 北区 東京都 https://t.co/phd7jGzBis,2016-10-16 08:51:26,
I'm at JR 王子駅 - @jreast_official in 北区 東京都 https://t.co/vbCXMiUkUJ,2016-10-16 10:20:16,
I'm at 王子駅 in 北区 東京都 https://t.co/1qjuiO92W6,2016-10-16 10:21:15,
I'm at 王子駅前停留場 in 北区 東京都 https://t.co/uRCUFHC1wn,2016-10-16 12:35:03,
I'm at 王子駅 in 北区 東京都 https://t.co/BMWRKuE0ej,2016-10-16 12:46:36,
I'm at 王子駅 in 北区 東京都 https://t.co/LtvhmDFIib,2016-10-16 18:46:39,
I'm at 王子駅 in 北区 東京都 https://t.co/kOAgY8uSMj,2016-10-16 22:46:30,
I'm at 王子駅 in 北区 東京都 https://t.co/BIUZ73GPMd,2016-10-17 00:17:44,
I'm at 王子駅 in 北区 東京都 https://t.co/NSqqWqX7VM,2016-10-17 07:23:34,
I'm at JR 王子駅 - @jreast_official in 北区 東京都 https://t.co/VmuPTG9yQx,2016-10-17 12:14:59,
I'm at 王子駅 in 北区 東京都 https://t.co/YkXclv7e8d,2016-10-17 21:06:40,
I'm at 王子駅 in 北区 東京都 https://t.co/9egxnZSsrH,2016-10-18 00:35:09,
I'm at 王子駅 in 北区 東京都 https://t.co/4YdVLwTYCt,2016-10-18 10:23:53,
I'm at 王子駅 in 北区 東京都 https://t.co/FtQhTMM4vO,2016-10-18 11:21:28,
I'm at JR 王子駅 - @jreast_official in 北区 東京都 https://t.co/17fFPkmVYC,2016-10-18 12:39:56,
I'm at 王子駅 in 北区 東京都 https://t.co/KhXLy7rdQi,2016-10-18 22:18:13,
I'm at 王子駅 in 北区 東京都 https://t.co/UoTtQ8hsyd,2016-10-19 06:58:08,
I'm at 王子駅前停留場 - @toeikotsu in 北区 東京都 https://t.co/9eL7VcGLbS,2016-10-19 06:59:20,
I'm at JR 王子駅 - @jreast_official in 北区 東京都 https://t.co/GZcuUtzQ9s,2016-10-19 09:26:27,
I'm at 王子駅 in 北区 東京都 https://t.co/Iegm6h9MWv,2016-10-19 10:22:48,
I'm at JR 王子駅 - @jreast_official in 北区 東京都 https://t.co/7oIwXqlXvB,2016-10-19 14:22:08,
I'm at 王子駅 in 北区 東京都 https://t.co/0NZuRVlnNH,2016-10-19 14:42:55,
先週に引き続き都営バス撮影ー (@ 王子駅 in 北区 東京都) https://t.co/w1Nf5gj6hD,2016-10-19 14:51:45,
帰ろう (@ 王子駅 in 北区 東京都) https://t.co/Ci41H97kFf,2016-10-19 16:59:53,
I'm at 王子駅 in 北区 東京都 https://t.co/iDykSk6LEr,2016-10-19 22:20:23,
I'm at JR 王子駅 - @jreast_official in 北区 東京都 https://t.co/vZALCsknaD,2016-10-20 06:59:42,
I'm at 王子駅前停留場 - @toeikotsu in 北区 東京都 https://t.co/jxzPEJexBU,2016-10-20 07:00:08,
I'm at 王子駅 in 北区 東京都 https://t.co/3vLjTALZvE,2016-10-20 08:25:52,
I'm at 王子駅 in 北区 東京都 https://t.co/rlDfsmG9jX,2016-10-21 09:36:01,
I'm at JR 王子駅 - @jreast_official in 北区 東京都 https://t.co/fFLsIlXnY4,2016-10-21 21:09:33,
I'm at 王子駅 in 北区 東京都 https://t.co/NbtbYmgcal,2016-10-22 01:00:54,
I'm at 王子駅 in 北区 東京都 https://t.co/KHfon6Kehc,2016-10-22 03:05:14,
I'm at 王子駅 in 北区 東京都 https://t.co/ncrZqp5djM,2016-10-22 08:26:53,
I'm at 王子駅前停留場 - @toeikotsu in 北区 東京都 https://t.co/MoCYx0WUgn https://t.co/zOPUtMxxas,2016-10-22 09:11:59,
ここから南北線に乗り、浦和美園に向かうのん。 (@ 王子駅 in 北区 東京都) https://t.co/LXba5CxZ3r https://t.co/Mr6uEka2Wh,2016-10-22 09:13:32,
I'm at 王子駅 in 北区 東京都 https://t.co/boEvQ3mMaA,2016-10-22 11:08:34,
I'm at JR 王子駅 - @jreast_official in 北区 東京都 https://t.co/bS3YYRYcjM,2016-10-22 12:26:55,
I'm at ?ji Station in 北区 東京都 https://t.co/uNBn2r9dyp,2016-10-22 13:09:29,
I'm at 王子駅 in 北区 東京都 https://t.co/F4ocLg7P8f,2016-10-22 13:18:58,
I'm at 王子駅 in 北区 東京都 https://t.co/Ftw5fdm0Zg,2016-10-22 13:42:16,
I'm at 王子駅 in 北区 東京都 https://t.co/fjJ6vtxdRM,2016-10-22 14:36:27,
I'm at 王子駅 in 北区 東京都 https://t.co/SSXXHIBZUl,2016-10-22 16:11:12,
I'm at 王子駅 in 北区 東京都 https://t.co/4rEZOcuhVm,2016-10-22 17:11:24,
I'm at JR 王子駅 - @jreast_official in 北区 東京都 https://t.co/jjDeLJAawg,2016-10-22 18:27:01,
I'm at JR 王子駅 - @jreast_official in 北区 東京都 https://t.co/jjDeLJAawg,2016-10-22 18:27:01,
I'm at 北海道ラーメン みそ熊 in 北区 東京都 https://t.co/A5l84sF2EI,2016-10-23 02:23:04,
I'm at 王子駅 in 北区 東京都 https://t.co/sH7nfafRSB,2016-10-23 06:58:28,
I'm at 王子駅 in 北区 東京都 https://t.co/1XWn2UB0Ea https://t.co/l1TvKY5m6u,2016-10-23 08:58:30,
I'm at 王子駅 in 北区 東京都 https://t.co/8I0NHVFU5E,2016-10-23 09:57:17,
懐かしすぎる景色。 @ ?ji Station https://t.co/eOMx4i9sjw,2016-10-23 12:25:52,
I'm at 王子駅 in 北区 東京都 https://t.co/wxBIsITbjk,2016-10-23 12:47:13,
I'm at 王子駅 in 北区 東京都 https://t.co/2FSYuYpeGg,2016-10-23 13:25:54,
I'm at JR 王子駅 - @jreast_official in 北区 東京都 https://t.co/5BNCHSm29b,2016-10-23 13:30:54,
I'm at JR 王子駅 - @jreast_official in 北区 東京都 https://t.co/PmUEwJf0Vk,2016-10-23 14:04:14,
I'm at 王子駅 in 北区 東京都 https://t.co/UwcUbXXbh0,2016-10-23 15:44:11,
I'm at 王子駅 in 北区 東京都 https://t.co/cd9DgcwVkA,2016-10-23 16:01:13,
I'm at 王子駅 in 北区 東京都 https://t.co/JSmOMeXd7A,2016-10-23 18:42:24,
I'm at 王子駅 in 北区 東京都 https://t.co/UZZcJfgP1r,2016-10-24 06:57:27,
I'm at JR 王子駅 - @jreast_official in 北区 東京都 https://t.co/XSnHgPouQJ,2016-10-24 06:57:35,
I'm at JR王子駅 中央口改札 in 北区 東京都 https://t.co/4PKcywk1Vn,2016-10-24 06:58:07,
I'm at 王子駅 in 北区 東京都 https://t.co/gW4Mnvt2cj,2016-10-24 15:09:39,
I'm at 王子駅 in 北区 東京都 https://t.co/JK6BQQijUb,2016-10-24 15:19:31,
I'm at 王子駅 in 北区 東京都 https://t.co/DUH01yRB6y,2016-10-24 15:46:10,
I'm at 王子駅 in 北区 東京都 https://t.co/20R9wPb6Ch,2016-10-25 00:18:00,
I'm at 王子駅 in 北区 東京都 https://t.co/SLlJmbDLXL,2016-10-25 07:26:36,
I'm at 王子駅 in 北区 東京都 https://t.co/N0JOnUpfep,2016-10-25 10:23:44,
I'm at 王子駅 in 北区 東京都 https://t.co/Jxy186IjrZ,2016-10-25 10:53:15,
I'm at 王子駅 in 北区 東京都 https://t.co/mCp9bIewo9,2016-10-25 12:43:16,
I'm at 王子駅 in 北区 東京都 https://t.co/WqQDaiDgOw,2016-10-25 13:33:10,
I'm at 王子駅 in 北区 東京都 https://t.co/l1GpC6eeoO,2016-10-25 20:00:01,
I'm at 王子駅 in 北区 東京都 https://t.co/VL6THCGiEY,2016-10-25 22:38:03,
I'm at JR 王子駅 - @jreast_official in 北区 東京都 https://t.co/fBmSaXSdm8,2016-10-26 07:29:57,
I'm at 王子駅前停留場 - @toeikotsu in 北区 東京都 https://t.co/8xKwvBrsY4,2016-10-26 07:31:23,
I'm at 王子駅 in 北区 東京都 https://t.co/Rqa4t7poog,2016-10-26 08:30:48,
I'm at 王子駅 in 北区 東京都 https://t.co/RwMndkVXvB,2016-10-26 09:15:21,
来た (@ 王子駅 in 北区 東京都) https://t.co/rOgqhueCMw,2016-10-26 13:03:15,
,2016-10-26 16:17:50,
I'm at 王子駅 in 北区 東京都 https://t.co/Q9acQo4f1h,2016-10-26 21:37:58,
主役がサプライズをぶち壊したってゆー,2016-10-26 22:15:26,
I'm at 王子駅 in 北区 東京都 https://t.co/VXFWsMQJgi,2016-10-27 07:41:36,
I'm at 王子駅 in 北区 東京都 https://t.co/sYjndet8L7,2016-10-27 10:02:29,
I'm at 王子駅 in 北区 東京都 https://t.co/MIcVCEPs4w,2016-10-27 12:49:07,
なかなか好みの味。美味しい。 @ ?ji Station https://t.co/BjsalWlxss,2016-10-27 23:18:57,
I'm at 王子駅 in 北区 東京都 https://t.co/UavAm6FFmh,2016-10-28 07:36:47,
王子 (@ 王子駅 in 北区 東京都) https://t.co/A8fiFtDxsh,2016-10-28 12:11:35,
I'm at JR 王子駅 in 北区 東京都 https://t.co/2Q67rkLBq2,2016-10-28 14:03:25,
I'm at 王子駅 in 北区 東京都 https://t.co/SMTS702g2D,2016-10-28 16:51:34,
帰宅開始 (@ 王子駅 in 北区 東京都) https://t.co/dyrfNw3bBz,2016-10-28 20:52:52,
I'm at JR 王子駅 - @jreast_official in 北区 東京都 https://t.co/oaFWm0UwtI,2016-10-28 21:33:20,
I'm at 王子駅 in 北区 東京都 https://t.co/jCDRTLCNMY,2016-10-28 22:38:10,
I'm at 王子駅 in 北区 東京都 https://t.co/VjqW9TYJBR,2016-10-28 22:53:44,
I'm at 王子駅 in 北区 東京都 https://t.co/b0mjC6FtGD,2016-10-28 23:20:25,
行きも帰りもここでの人の移動半端ない (@ 王子駅 in 北区 東京都) https://t.co/C8a5zsDAJc,2016-10-28 23:30:37,
動画かよー?? @ ?ji Station https://t.co/U8pKWoDfyC,2016-10-29 03:36:51,
I'm at 王子駅 in 北区 東京都 https://t.co/wmnWj9hvoZ,2016-10-29 07:51:33,
I'm at JR 王子駅 in 北区 東京都 https://t.co/4kflssXz5O,2016-10-29 11:13:49,
I'm at JR 王子駅 - @jreast_official in 北区 東京都 https://t.co/cJpjokR5I1,2016-10-29 11:28:23,
I'm at 王子駅 in 北区 東京都 https://t.co/tOZ7d71KKJ,2016-10-29 12:42:48,
I'm at 王子駅 in 北区 東京都 https://t.co/xnfWeGlfHL,2016-10-29 13:01:40,
結局地元 (@ 王子駅 in 北区 東京都) https://t.co/sBtEUPrDXM,2016-10-29 13:01:53,
I'm at JR 王子駅 - @jreast_official in 北区 東京都 https://t.co/fzfgKx1K5j,2016-10-29 13:21:17,
I'm at 王子駅 in 北区 東京都 https://t.co/q0MfTgq3gG,2016-10-29 16:01:28,
I'm at JR 王子駅 - @jreast_official in 北区 東京都 https://t.co/IkNsdykeDx,2016-10-29 16:33:35,
I'm at 王子駅 in 北区 東京都 https://t.co/lNWqfMHNEi,2016-10-29 19:40:25,
I'm at 王子駅 in 北区 東京都 https://t.co/sMtDT7ldEg,2016-10-29 19:42:29,
I'm at 王子駅 in 北区 東京都 https://t.co/stfKAZ7EFw,2016-10-29 21:26:08,
街の中の音楽、ちょっとの間聴き入る。胸に沁みる声だったなぁ。 @ ?ji Station https://t.co/jJD5UIIgUf,2016-10-29 21:28:55,
I'm at 王子駅 in 北区 東京都 https://t.co/1Ajes0Fcqc,2016-10-29 23:59:24,
I'm at 王子駅 in 北区 東京都 https://t.co/BAs6PDSufG,2016-10-30 00:04:47,
オタクハウス (@ 王子駅 in 北区 東京都) https://t.co/JmpJ0dFqDI,2016-10-30 01:10:17,
I'm at JR 王子駅 - @jreast_official in 北区 東京都 https://t.co/KcsUMAPrr3,2016-10-30 07:38:03,
結局地元 (@ 王子駅 in 北区 東京都) https://t.co/5BSAp7Hnbi,2016-10-30 08:17:43,
I'm at JR 王子駅 - @jreast_official in 北区 東京都 https://t.co/MUoFjI4rFF,2016-10-30 09:05:20,
I'm at JR 王子駅 - @jreast_official in 北区 東京都 https://t.co/5Hn6hMVeyT,2016-10-30 09:16:36,
I'm at JR 王子駅 - @jreast_official in 北区 東京都 https://t.co/I7tz1p9Kxu,2016-10-30 10:50:52,
I'm at JR 王子駅 - @jreast_official in 北区 東京都 https://t.co/wegDfaXFXr,2016-10-30 10:59:25,
I'm at 王子駅 in 北区 東京都 https://t.co/YtWeAYgkqd,2016-10-30 12:09:37,
I'm at 王子駅 in 北区 東京都 https://t.co/LlG5v2Q9bo,2016-10-30 14:39:30,
I'm at 王子駅 in 北区 東京都 https://t.co/gGxdjSm2TQ,2016-10-30 16:12:00,
遠征終了 (@ JR 王子駅 - @jreast_official in 北区 東京都) https://t.co/RGM5vzxqbT,2016-10-30 16:26:30,
I'm at 王子駅 in 北区 東京都 https://t.co/yzHwq5zuLj,2016-10-30 18:23:28,
I'm at 王子駅 in 北区 東京都 https://t.co/m69uZFcQC4,2016-10-31 00:29:17,
I'm at 王子駅 in 北区 東京都 https://t.co/FLVZNYt24l,2016-10-31 08:16:46,
