I'm at 日比谷線 上野駅 - @h_line_info in Tait? T?ky?-to https://t.co/PwMsRV8zSL,2016-08-01 07:16:12,
I'm at 日比谷線 上野駅 - @h_line_info in Tait? T?ky?-to https://t.co/fTx1xX9jJC,2016-08-01 07:24:27,
タジマヤ来てみた (@ 台東区 - @taito_city in 台東区 東京都) https://t.co/EY4qI1uziu https://t.co/2TZ5sx3KQP,2016-08-01 11:55:31,
I'm at 東京メトロ 上野駅 (Ueno Sta.) (G16/H17) in 台東区 東京都 https://t.co/Vn4izopjqM,2016-08-01 12:19:03,
I'm at 台東区 - @taito_city in 台東区 東京都 https://t.co/mxSSOhF2Sv,2016-08-01 12:38:16,
I'm at アトレ上野 in 台東区 東京都 https://t.co/d9S1lfXbbG,2016-08-01 12:41:27,
＝三c⌒っﾟДﾟ)っｽﾞｻﾞｰ (@ 日比谷線 上野駅 - @h_line_info in Tait? T?ky?-to) https://t.co/HiFpztt07p,2016-08-01 18:30:43,
HELLO JAPAN MY NAME IS PAUL… https://t.co/qH0t6iY1OJ,2016-08-01 23:39:33,
I'm at 台東区 - @taito_city in 台東区 東京都 https://t.co/wB1tJLNYbn,2016-08-02 07:05:43,
I'm at 日比谷線 上野駅 - @h_line_info in Tait? T?ky?-to https://t.co/Fgoq6qRQKu,2016-08-02 07:16:21,
I'm at 日比谷線 上野駅 - @h_line_info in Tait? T?ky?-to https://t.co/gXsYnuhAYm,2016-08-02 07:34:37,
Paul Smith展に仕事で行ってきたショーに出てる男の子たち激かわいいポールさん素敵… @ Ueno Station Tokyo Japan https://t.co/VS1nOGRObE,2016-08-02 13:05:25,
I'm at 明正堂書店 アトレ上野店 in 台東区 東京都 https://t.co/XCg9uxUpwN,2016-08-02 13:07:35,
I'm at @Taito_City in 台東区 東京都 https://t.co/O7UIL4x7aj,2016-08-02 14:21:52,
check in (at @Taito_City in 台東区 東京都) https://t.co/qqe9AXbY40,2016-08-02 17:10:17,
等退suica? (@ 上野駅 みどりの窓口 - @jreast_official in 台東区 東京都) https://t.co/p9RWUrZTGD https://t.co/yoAsLgk8cz,2016-08-02 17:32:55,
さようなら東京(*´∀｀*)?(^o^)／ @YOFFY_psychic @imajo_guiter (@ 台東区 - @taito_city in 台東区 東京都) https://t.co/lxZ8TgD2kV https://t.co/AzoBjNXU1j,2016-08-02 18:34:08,
＝三c⌒っﾟДﾟ)っｽﾞｻﾞｰ (@ 日比谷線 上野駅 - @h_line_info in Tait? T?ky?-to) https://t.co/Kbx4zhSSgG,2016-08-02 18:39:05,
I'm at アトレ上野 in 台東区 東京都 https://t.co/mN9eDdEB0k,2016-08-02 20:03:58,
I'm at アトレ上野 in 台東区 東京都 https://t.co/mN9eDdEB0k,2016-08-02 20:03:58,
,2016-08-03 00:36:29,
I'm at 上野駅 中央改札 - @jreast_official in 台東区 東京都 w/ @umineko_st https://t.co/vnh486tJhf,2016-08-03 06:18:17,
I'm at 日比谷線 上野駅 - @h_line_info in Tait? T?ky?-to https://t.co/l2gmehRrVs,2016-08-03 07:17:33,
I'm at @Taito_City in 台東区 東京都 https://t.co/ZxZw4cCrVY,2016-08-03 08:52:45,
いつものとんかつ【かつくら】で、キャベツの千切りと味噌汁を大量におかわりしたった#lunch #beef #meet #ueno #japaneserestaurant @ 名代とんかつ… https://t.co/pywVYkHrHP,2016-08-03 12:43:11,
I'm at 明正堂書店 アトレ上野店 in 台東区 東京都 https://t.co/bPBdUbHLh6,2016-08-03 17:32:24,
I'm at KALDI COFFEE FARM アトレ上野店 in 台東区 東京都 https://t.co/fIhk3NZuWC,2016-08-03 17:42:18,
居酒屋新幹線、仙台まで開店。 @ Jr新幹線上野駅 https://t.co/Rxvgc1V697,2016-08-03 18:05:06,
＝三c⌒っﾟДﾟ)っｽﾞｻﾞｰ (@ 日比谷線 上野駅 - @h_line_info in Tait? T?ky?-to) https://t.co/5VbFqIfj25,2016-08-03 18:28:39,
I'm at 台東区 - @taito_city in 台東区 東京都 https://t.co/jXdNtv3w6h,2016-08-03 19:55:39,
I'm at 日比谷線 上野駅 - @h_line_info in Tait? T?ky?-to https://t.co/cGj7NfkWca,2016-08-04 07:16:35,
I'm at 日比谷線 上野駅 - @h_line_info in Tait? T?ky?-to https://t.co/TvwCCJMxxA,2016-08-04 09:57:32,
ゆげくん遅れた。すまんって 約束なんかしてなかった。( ；´Д｀) (@ ハードロックカフェ 上野駅 in 台東区 東京都) https://t.co/RuQUmoiH23 https://t.co/ccrb7cVGrc,2016-08-04 13:37:28,
I'm at 明正堂書店 アトレ上野店 in 台東区 東京都 https://t.co/ztvb1P58AW,2016-08-04 16:19:30,
Just posted a photo @ 上野駅 https://t.co/tTToefhukl,2016-08-04 17:05:36,
Just posted a photo @ Hard Rock Cafe Ueno https://t.co/oRyylF7Sn4,2016-08-04 18:37:00,
I'm at Hard Rock Cafe in 台東区 東京都 https://t.co/NQZojwCIkH,2016-08-04 18:45:58,
かなり前の上野駅。多分昭和。乗車したはくつるの方向幕が…(笑)これ以上巻けないらしいです,2016-08-04 20:23:13,
はちよん会からの撤収！ (@ 日比谷線 上野駅 - @h_line_info in Tait? T?ky?-to) https://t.co/GwOOI7kh5a https://t.co/fL8xqB46L6,2016-08-04 23:21:18,
今日は上野経由で帰ってみる〜♪ (@ 日比谷線 上野駅 - @h_line_info in Tait? T?ky?-to) https://t.co/yX1UxDfvBb,2016-08-04 23:25:19,
U E N O ?,2016-08-05 07:34:41,
Golden manhole cover in Ueno. Super awesome! #ManholeCover #Ueno #UenoTokyo #ChimotTravelDiary… https://t.co/umqGwqsWli,2016-08-05 07:56:13,
I'm at @Taito_City in 台東区 東京都 https://t.co/Ouv4FVvcD9,2016-08-05 15:04:19,
I'm at @Taito_City in 台東区 東京都 https://t.co/9anPXWqr0q,2016-08-05 15:36:01,
しごおわ (@ 上野駅 中央改札 - @jreast_official in 台東区 東京都) https://t.co/VVom4K3FJY,2016-08-05 22:05:49,
Just posted a photo @ 上野駅 https://t.co/3AclV6l4Za,2016-08-05 22:06:45,
一刻も早くな (@ ハードロックカフェ 上野駅店 in 台東区 東京都) https://t.co/dEUUDOzd9P,2016-08-06 08:27:35,
きたよきたよきたよー！ (@ 上野駅 中央改札 - @jreast_official in 台東区 東京都 w/ @ab_makomo) https://t.co/sYOD24qPYx,2016-08-06 09:35:20,
Follow my long weekend adventure on Instagram Stories! ,2016-08-06 11:06:40,
上野駅でランチ,2016-08-06 12:02:27,
ラプトくんと出向宣伝のお仕事中,2016-08-06 12:57:18,
ラプトくんと福井県観光PRのお仕事中,2016-08-06 13:04:07,
東京到著 @ 上野駅 https://t.co/HFSPlLl38X,2016-08-06 14:17:14,
I'm at 上野駅 中央改札 - @jreast_official in 台東区 東京都 https://t.co/8SvPFOfK34,2016-08-06 15:18:43,
スクーリング終〜了〜！！今日がピークに眠かった(。-ω-)zzz. . . (。ﾟωﾟ)… https://t.co/bk0aWr7YH5,2016-08-06 18:32:57,
のむぞーか (@ 上野駅 中央改札 - @jreast_official in 台東区 東京都) https://t.co/rv8JbHzazK,2016-08-06 21:47:22,
@roseo49 12以下…か,2016-08-06 23:22:08,
D論製本所探しながら本審査を思い返してたら、よくキレなかったなって自分を褒めちぎりたくなってくる。ほんとあんな糞溜めなくなればいいのに。,2016-08-06 23:24:26,
I'm at 台東区 in 台東区 東京都 https://t.co/x4aLgwadNB,2016-08-06 23:28:33,
I'm at 日比谷線 上野駅 - @h_line_info in Tait? T?ky?-to https://t.co/9sJ611ZSMD,2016-08-07 09:05:48,
I'm at Starbucks Coffee アトレ上野店 - @starbucks_j in 台東区 東京都 https://t.co/HmN9EvppTt,2016-08-07 09:10:21,
bye ,2016-08-07 09:38:56,
千駄木今井さん。上親子丼マルハツ入り。超おいしいです(^-^)/ https://t.co/Y5GcSj7UTq,2016-08-07 12:21:44,
I'm at 日比谷線 上野駅 - @h_line_info in Tait? T?ky?-to https://t.co/XuYoy7RkYu,2016-08-07 12:38:19,
I'm at Starbucks Coffee アトレ上野店 - @starbucks_j in 台東区 東京都 https://t.co/5cBussFKjI,2016-08-07 16:09:23,
I'm at 翼の像 in 台東区 東京都 https://t.co/A1QdKIA2vc,2016-08-07 17:18:35,
I'm at 上野駅 中央改札 - @jreast_official in 台東区 東京都 https://t.co/BlseFpeihM,2016-08-07 17:50:21,
I'm at 明正堂書店 アトレ上野店 in 台東区 東京都 https://t.co/cAcHpahmqL,2016-08-07 17:55:48,
I'm at 台東区 - @taito_city in 台東区 東京都 https://t.co/HJUfjJzyJk,2016-08-07 21:08:32,
【 都営バス電車乗り放題】都内ポケモンツアー上野不忍池2周したから、もう精魂尽き果てたので、本日はコレにて終了…&gt;_&lt;…〆は、炭水化物でしょ！♪#PokemonGO  #ポケモンgo… https://t.co/jR5sVxeixM,2016-08-07 22:48:24,
【 都営バス電車乗り放題】都内ポケモンツアーおつわっちん！SUMMER♪♪#PokemonGO  #ポケモンgo @ 古奈屋 上野アトレ店 https://t.co/NNHA3ugv00,2016-08-07 22:51:21,
ちょっとそこまで。お仕事ですけど。 @ 上野駅 https://t.co/tl3vZCUKDg,2016-08-08 08:41:14,
Debout ! (at @Taito_City in 台東区 東京都) https://t.co/lrK6XP1Xj5,2016-08-08 09:00:03,
【 都営バス電車乗り放題】都内ポケモンツアー▼本日の成果ポケモン捕獲時時間:10:00〜21:30ポケモン捕獲数:218ポケモン収集率:63%#PokemonGO… https://t.co/oz3Fmq95zv,2016-08-08 14:54:20,
Willkommen in Japan#germany#deutschland #neviges #japan#hardrockcafe #family#familylove… https://t.co/Cgc0JsEmZx,2016-08-08 15:55:27,
パステルのプリン @ パステル 上野マルイ店 https://t.co/LUfsZ9dVwy,2016-08-08 21:02:37,
北陸新幹線はくたか。初めて乗った。長野県出身でも南の方だから、長野新幹線や北陸新幹線には縁がないのだ。 #新幹線 #はくたか #上野駅 @ Jr新幹線上野駅 https://t.co/1qslizeJfj,2016-08-09 12:18:15,
I'm at ハードロックカフェ 上野駅店 in 台東区 東京都 https://t.co/zYOEw4VYam,2016-08-09 12:48:42,
#TripBarengCK Jepang sementara pendaftarannya ditutup dulu seminggu ini karena sudah over kuota.… https://t.co/q4S7sYXysF,2016-08-09 14:31:43,
さすがにこの暑さのなか上野公園のスポット巡りは行きたくないな… (@ WIRED CAFE アトレ上野店 - @wc_ueno in 台東区 東京都) https://t.co/EKVcxY8r6V https://t.co/72aBWWeX7S,2016-08-09 15:57:18,
シュガーバターの木で土産買いました。 @ JR上野駅 https://t.co/10tNGpFN1D,2016-08-09 17:49:13,
conversJACKPURCELL×stussy発売から時間経ってたけど買えてよかったー。 かかとのロゴが良い感じ！#convers#jackpurcell #stussy#上野マルイ… https://t.co/ELQTwBuHfJ,2016-08-09 23:42:46,
I'm at 日比谷線 上野駅 - @h_line_info in Tait? T?ky?-to https://t.co/Y69KGU6TDP,2016-08-10 07:17:20,
I'm at 日比谷線 上野駅 - @h_line_info in Tait? T?ky?-to https://t.co/h3zNk8MLlc,2016-08-10 07:28:22,
I'm at 上野駅 中央改札 - @jreast_official in 台東区 東京都 https://t.co/NgdsQaIsqY,2016-08-10 14:00:51,
I'm at アトレ上野 in 台東区 東京都 https://t.co/h4ik2l0oV6,2016-08-10 14:01:25,
I'm at 台東区 - @taito_city in 台東区 東京都 https://t.co/8WwBPhUa3N,2016-08-10 14:09:36,
I'm at 日比谷線 上野駅 - @h_line_info in Tait? T?ky?-to https://t.co/WBcFLKcHnY,2016-08-10 14:19:22,
I'm at 台東区 - @taito_city in 台東区 東京都 https://t.co/BzsMARYvaP,2016-08-10 16:17:30,
I'm at アトレ上野 in 台東区 東京都 https://t.co/uR5EA480FI,2016-08-10 17:51:07,
I'm at 上野駅 中央改札 in 台東区 東京都 https://t.co/JhRoxrQlf4,2016-08-10 17:54:44,
I'm at 上野駅 中央改札 - @jreast_official in 台東区 東京都 https://t.co/yYU8wALEw2,2016-08-10 17:57:15,
??8/9 Tueくるみさんとポールスミス展??カラフルでお洒落で素敵だった〜??#上野の森美術館 #ポールスミス展 #paulsmith #art #fashion… https://t.co/L3Tqujuzt0,2016-08-10 18:19:08,
＝三c⌒っﾟДﾟ)っｽﾞｻﾞｰ (@ 日比谷線 上野駅 - @h_line_info in Tait? T?ky?-to) https://t.co/520QDzi6pI,2016-08-10 18:29:52,
. . .2016.08.10ポール･スミス展#ポールスミス展#paulsmith#vsco#vscocam @ 上野の森美術館 https://t.co/WTg54vfWmG,2016-08-10 23:00:00,
I'm at 台東区 - @taito_city in 台東区 東京都 https://t.co/J9790zW2im,2016-08-11 09:09:05,
I'm at 台東区 - @taito_city in 台東区 東京都 https://t.co/zKSQR9u4D1,2016-08-11 09:31:33,
I'm at 台東区 - @taito_city in 台東区 東京都 https://t.co/3HDBeVPcOq,2016-08-11 11:16:35,
デッビール(^o^)/,2016-08-11 11:54:23,
I'm at 上野駅 銀座線2番線ホーム in 台東区 東京都 https://t.co/lvuvZGEpQN,2016-08-11 11:55:24,
Just posted a photo @ 上野駅 https://t.co/SaZjRwouBh,2016-08-11 12:13:59,
I'm at 台東区 - @taito_city in 台東区 東京都 https://t.co/vO0ngPHTz3,2016-08-11 16:51:26,
I'm at 日比谷線 上野駅 - @h_line_info in Tait? T?ky?-to https://t.co/dSIRRpMI7C,2016-08-11 16:56:11,
銀座線のホームドア初めて見た (@ 銀座線 上野駅 - @g_line_info in 台東区 東京都) https://t.co/CGzcohEBp5,2016-10-06 13:36:48,
I'm at @Starbucks_j in 台東区 東京都 https://t.co/DFaUJ7smmw,2016-10-06 15:53:39,
I'm at 日比谷線 上野駅 - @h_line_info in Tait? T?ky?-to https://t.co/mNSAidEX7e,2016-10-06 16:52:51,
＝三c⌒っﾟДﾟ)っｽﾞｻﾞｰ (@ 日比谷線 上野駅 - @h_line_info in Tait? T?ky?-to) https://t.co/BSmFs43TEj,2016-10-06 18:32:54,
I'm at Hard Rock Cafe in 台東区 東京都 https://t.co/Yvw6wbuxyY,2016-10-06 21:14:31,
I'm at 日比谷線 上野駅 - @h_line_info in Tait? T?ky?-to https://t.co/JLtgnrkTmf,2016-10-07 07:17:41,
＝三c⌒っﾟДﾟ)っｽﾞｻﾞｰ (@ 日比谷線 上野駅 - @h_line_info in Tait? T?ky?-to) https://t.co/AX7jPAyGBq,2016-10-07 18:32:15,
さて。どうしよう。 #挙動不審なスーツおじさん @ JR上野駅 https://t.co/DNDHzT3JGU,2016-10-08 07:49:44,
I'm at みずほ銀行 上野支店 上野駅浅草口出張所 in 台東区 東京都 https://t.co/KSqXtNwcmh,2016-10-08 08:04:36,
I'm at 日比谷線 上野駅 - @h_line_info in Tait? T?ky?-to https://t.co/AwyTsGSuo2,2016-10-08 08:04:50,
義弟(妹ダンナ)のご家族と、上野で待ち合わせる。お誘いありがとう、実家の妹夫妻と甥っ子(上下)。これから…スカイツリーとか、いろいろと。 @ Jr新幹線上野駅 https://t.co/zGBTzbTNKc,2016-10-08 11:24:53,
＝三c⌒っﾟДﾟ)っｽﾞｻﾞｰ (@ 日比谷線 上野駅 - @h_line_info in Tait? T?ky?-to) https://t.co/IcEVl97ie4,2016-10-08 12:41:44,
I'm at 銀座線 上野駅 - @g_line_info in 台東区 東京都 https://t.co/jk5Ewty6Fi,2016-10-08 12:50:09,
一応、JR東日本の利用客数ベスト100に入ってるらしい。上野駅の正面玄関口辺りの広場で鉄道グッズを、この3連休販売してるって @ JR上野駅 https://t.co/HTCDRCVJFa,2016-10-08 13:21:10,
I'm at Starbucks Coffee アトレ上野店 - @starbucks_j in 台東区 東京都 https://t.co/izlGEUOIBM,2016-10-08 18:06:38,
日暮里でのショックを引きずって…そばを食べる。 (@ いろり庵きらく 上野店 in 台東区 東京都) https://t.co/nbG5rydKZm https://t.co/hPbQGm0Lr2,2016-10-08 18:50:17,
I'm at のもの 上野店 in 台東区 東京都 https://t.co/DoXFkQ8Uky,2016-10-08 20:17:16,
I'm at 翼の像 in 台東区 東京都 https://t.co/uFJ0IR0Nx5,2016-10-08 20:22:38,
,2016-10-08 21:58:38,
上京したらだいたい食べてる。 (@ GRILL 1930 つばめグリル アトレ上野店 in 台東区 東京都) https://t.co/pucRdgMzgx https://t.co/VvhNc4wlLx,2016-10-09 13:01:45,
I'm at 日比谷線 上野駅 - @h_line_info in Tait? T?ky?-to https://t.co/BXvEOAi4Qm,2016-10-09 13:38:08,
I'm at 上野駅 中央改札 in 台東区 東京都 https://t.co/fpqMzOYzy3,2016-10-09 19:08:28,
初のコロナビール @ ハードロックカフェ上野駅東京 https://t.co/xfoq62vUvl,2016-10-09 22:28:27,
I'm at 日比谷線 上野駅 - @h_line_info in Tait? T?ky?-to https://t.co/n1WV7m9tod,2016-10-10 07:59:03,
I'm at 日比谷線 上野駅 in Tait? T?ky?-to https://t.co/hxByPZsoMz,2016-10-10 09:54:53,
I'm at 銀座線 上野駅 in 台東区 東京都 https://t.co/56WEC4ktFY,2016-10-10 09:55:17,
ハードロックカフェで同期と食事！！Lunch at Hard Rock Cafe with my former colleague!! @ ハードロックカフェ上野駅東京 https://t.co/l6W9Uis5X6,2016-10-10 13:24:13,
夜も昼も仕事ないので、飲み過ぎ注意 (@ ハードロックカフェ 上野駅店 in 台東区 東京都) https://t.co/leKUyDc8uW https://t.co/KETNSbo0Z0,2016-10-10 13:42:23,
東京,2016-10-10 14:11:49,
I'm at ハードロックカフェ 上野駅店 in 台東区 東京都 https://t.co/FhJcUSSHs0,2016-10-10 15:24:17,
I'm at Aoyama Flower Market エキュート上野店 in 台東区 東京都 https://t.co/xnSqPuEFti,2016-10-10 15:25:08,
I'm at ブラッスリー・レカン in 台東区 東京都 https://t.co/Wg4e4pvRrL,2016-10-10 16:42:13,
I'm at Ginza Line Ueno Station - @g_line_info in 台東区 東京都 https://t.co/QTUCNJ2Z2w,2016-10-10 16:53:09,
I'm at いろり庵きらく 上野店 in 台東区 東京都 https://t.co/O0sr6WFX25,2016-10-10 19:01:12,
I'm at 上野駅 中央改札 - @jreast_official in 台東区 東京都 https://t.co/EFeDjmrQOF,2016-10-10 22:51:16,
I'm at Starbucks Coffee アトレ上野店 - @starbucks_j in 台東区 東京都 https://t.co/TxzDTFBLdj,2016-10-10 22:54:11,
ションベン (@ アトレ上野 in 台東区 東京都) https://t.co/0Q5K8dEnyb,2016-10-10 22:54:25,
I'm at 日比谷線 上野駅 - @h_line_info in Tait? T?ky?-to https://t.co/fsh5XpqDfH,2016-10-11 07:20:24,
I'm at 日比谷線 上野駅 - @h_line_info in Tait? T?ky?-to https://t.co/r07DJVcMpf,2016-10-11 07:23:10,
Just posted a photo @ 生蕎麦いろり庵 きらく 上野駅 https://t.co/i2vCoufXo4,2016-10-11 15:08:21,
I'm at 明正堂書店 アトレ上野店 in 台東区 東京都 https://t.co/2L1qxPY6XQ,2016-10-11 16:10:32,
わずか10分くらいの滞在で、30匹は捕まえたΣ（ﾟдﾟlll）なお半分はコイキングで、残りのほとんどはコダックΣ（ﾟдﾟlll）これから新幹線(´･ω･`)ﾉｼ,2016-10-11 18:21:19,
＝三c⌒っﾟДﾟ)っｽﾞｻﾞｰ (@ 日比谷線 上野駅 - @h_line_info in 台東区 T?ky?-to) https://t.co/D9ICpwDvB9,2016-10-11 18:32:29,
I'm at 日比谷線 上野駅 - @h_line_info in 台東区 T?ky?-to https://t.co/t0SwbbAhuv,2016-10-12 07:22:56,
I'm at 日比谷線 上野駅 - @h_line_info in 台東区 T?ky?-to https://t.co/q5QRkjnEj2,2016-10-12 07:25:47,
2016.10.9 13:43 @ まいか?米香?アトレ上野店　?和菜　釜飯とお酒? https://t.co/SBTK9O0VsI,2016-10-12 12:39:23,
こち亀200あった！ (@ 明正堂書店 アトレ上野店 in 台東区 東京都) https://t.co/9keApxZpAr,2016-10-12 19:46:06,
≡⊂⌒っﾟДﾟ)っ (@ 日比谷線 上野駅 - @h_line_info in 台東区 T?ky?-to) https://t.co/w4jZp0Jxm5,2016-10-12 20:09:39,
とりあえず食事 (@ いろり庵きらく 上野店 in 台東区 東京都) https://t.co/eJEA8OTgdi,2016-10-12 21:04:08,
I'm at 日比谷線 上野駅 - @h_line_info in 台東区 T?ky?-to https://t.co/D3T3lUsipT,2016-10-13 07:18:56,
I'm at 日比谷線 上野駅 - @h_line_info in 台東区 T?ky?-to https://t.co/g81T8J5Amx,2016-10-13 07:22:18,
I'm at 日比谷線 上野駅 - @h_line_info in 台東区 T?ky?-to https://t.co/IwdmbG4t6B,2016-10-13 12:40:43,
I'm at 日比谷線 上野駅 - @h_line_info in 台東区 T?ky?-to https://t.co/wI9XCwCATh,2016-10-13 15:16:30,
≡⊂⌒っﾟДﾟ)っ (@ 日比谷線 上野駅 - @h_line_info in 台東区 T?ky?-to) https://t.co/YK0mVODZhl,2016-10-13 18:28:37,
I'm at 日比谷線 上野駅 - @h_line_info in 台東区 T?ky?-to https://t.co/Q2LpVcAqmA,2016-10-13 19:05:36,
今宵の現場やで (@ 銀座線 上野駅 - @g_line_info in 台東区 東京都) https://t.co/sWnnOwKMW9,2016-10-13 22:35:14,
I'm at 日比谷線 上野駅 - @h_line_info in 台東区 T?ky?-to https://t.co/Khf9cplwTo,2016-10-14 07:17:46,
I'm at 日比谷線 上野駅 - @h_line_info in 台東区 T?ky?-to https://t.co/Teahzil9zm,2016-10-14 07:37:59,
I'm at 日比谷線 上野駅 - @h_line_info in 台東区 T?ky?-to https://t.co/hSn0iC0kCw,2016-10-14 11:01:20,
I'm at 日比谷線 上野駅 - @h_line_info in 台東区 T?ky?-to https://t.co/rviTS94ItM,2016-10-14 19:19:31,
≡⊂⌒っﾟДﾟ)っ (@ 日比谷線 上野駅 - @h_line_info in 台東区 T?ky?-to) https://t.co/Y2Ft07VoxO,2016-10-14 21:03:53,
いい出会いだったから帰りは新幹線にする @ Jr新幹線上野駅 https://t.co/nx9HLuIHvP,2016-10-14 21:04:17,
I'm at 銀座線 上野駅 in 台東区 東京都 https://t.co/CYgil2yK7n,2016-10-14 21:52:04,
#imdone #gym #jexer #lesmills #bodycombat #workout #deadlift #barbellbentoverrow #ratpulldown… https://t.co/qeC1IVwqZo,2016-10-14 23:16:47,
I'm at 日比谷線 上野駅 - @h_line_info in 台東区 T?ky?-to https://t.co/8CiuYcKBRE,2016-10-15 09:43:30,
図録も買ったわよ男性は戒めとして買うべき？#クラーナハ https://t.co/sellYwLONa,2016-10-15 12:19:08,
サーモンサラダ https://t.co/ZRLcOyMsJj,2016-10-15 12:22:17,
I'm at @Starbucks_j in 台東区 東京都 https://t.co/nvJXi5SpwX,2016-10-15 12:23:15,
ぬう、ペリカンのパンは四時か… (@ のもの 上野店 in 台東区 東京都) https://t.co/OXBnPdMxwy,2016-10-15 14:26:45,
I'm at 日比谷線 上野駅 - @h_line_info in 台東区 T?ky?-to https://t.co/RwhXjF0Rzc,2016-10-15 14:54:59,
I'm at 銀座線 上野駅 - @g_line_info in 台東区 東京都 https://t.co/YowmKVI9bA,2016-10-15 14:57:34,
I'm at WIRED CAFE アトレ上野店 - @wc_ueno in 台東区 東京都 https://t.co/UBgFZ4PyRl,2016-10-15 17:50:43,
I'm at 日比谷線 上野駅 - @h_line_info in 台東区 T?ky?-to https://t.co/TkcJLrAvlx,2016-10-15 18:09:33,
あんでるせぇえええん！ (@ Andersen in 東京) https://t.co/OQFLBiV3w5,2016-10-15 18:13:37,
I'm at 日比谷線 上野駅 - @h_line_info in 台東区 T?ky?-to https://t.co/ypUZGENUnE,2016-10-15 20:36:53,
I'm at 銀座線 上野駅 - @g_line_info in 台東区 東京都 https://t.co/qCq5KFSckR,2016-10-15 21:56:48,
上野に来てわざわざって言われるかも知れないが、初ハードロックカフェ (@ ハードロックカフェ 上野駅店 in 台東区 東京都) https://t.co/JagV1YA8S4,2016-10-16 08:32:35,
人いっぱい (@ 銀座線 上野駅 - @g_line_info in 台東区 東京都) https://t.co/79BSL7H76Z,2016-10-16 10:29:45,
ギリギリセーフ！ (@ 日比谷線 上野駅 - @h_line_info in 台東区 T?ky?-to) https://t.co/pBelNGvQjE,2016-10-16 12:19:56,
上野駅の銀座線のホームドアにパンダちゃんが居た(  ) ???? ??(  ) @ 銀座線上野駅 https://t.co/xnGTiEq1S4,2016-10-16 18:12:54,
Because we deserve good food always. #sundate @ Hard Rock Cafe 上野駅店 https://t.co/Szp452EESw,2016-10-16 19:29:45,
I'm at 日比谷線 上野駅 - @h_line_info in 台東区 T?ky?-to https://t.co/LdzSkanMoY,2016-10-17 07:18:22,
≡⊂⌒っﾟДﾟ)っ (@ 日比谷線 上野駅 - @h_line_info in 台東区 T?ky?-to) https://t.co/Hn7lPUqdbR,2016-10-17 18:25:03,
I'm at 日比谷線 上野駅 - @h_line_info in 台東区 T?ky?-to w/ @p_aile701 https://t.co/VtqzPgwQcR,2016-10-17 18:38:30,
I'm at 上野駅 銀座線2番線ホーム in 台東区 東京都 https://t.co/CKgpya3mqe,2016-10-17 18:39:48,
I'm at 上野駅 銀座線2番線ホーム in 台東区 東京都 https://t.co/qaMZWHzEQm,2016-10-17 21:12:45,
I'm at 銀座線 上野駅 - @g_line_info in 台東区 東京都 https://t.co/1p6yV5Y1Ed,2016-10-17 21:12:54,
I'm at 日比谷線 上野駅 - @h_line_info in 台東区 T?ky?-to https://t.co/hwWQgPX2KZ,2016-10-18 07:17:10,
I'm at ハードロックカフェ 上野駅店 in 台東区 東京都 https://t.co/9O3xZAKxDd,2016-10-18 16:03:04,
≡⊂⌒っﾟДﾟ)っ (@ 日比谷線 上野駅 - @h_line_info in 台東区 T?ky?-to) https://t.co/HcI2ikyNGZ,2016-10-18 20:03:26,
I'm at 日比谷線 上野駅 - @h_line_info in 台東区 T?ky?-to https://t.co/SmNA6L6ZbT,2016-10-19 07:18:44,
I'm at 日比谷線 上野駅 - @h_line_info in 台東区 T?ky?-to https://t.co/sFLqMgEJuu,2016-10-19 07:37:31,
@X4staff ?(^_^)／わーいぺっぴんさんに優也くん登場して益々面白くなりそう(*^^*),2016-10-19 08:40:20,
上野HardRock cafeと東京都美術館の展示とのコラボメニュー。リンゴとシナモンとアーモンドのケーキ,2016-10-19 18:05:03,
≡⊂⌒っﾟДﾟ)っ (@ 日比谷線 上野駅 - @h_line_info in 台東区 T?ky?-to) https://t.co/fQD7WSLRYl,2016-10-19 19:03:34,
I'm at 日比谷線 上野駅 - @h_line_info in 台東区 T?ky?-to https://t.co/xpiOJJJMQZ,2016-10-20 07:20:20,
I'm at 日比谷線 上野駅 - @h_line_info in 台東区 T?ky?-to https://t.co/dko5TpYKEf,2016-10-20 07:37:17,
来てた,2016-10-20 09:15:09,
カフェメシ。 @ WIRED CAFE　アトレ上野店 https://t.co/BCSCtb25Px,2016-10-20 11:48:32,
ほ〜れ、もう1枚。やっぱりフリージャズは素晴らしい。#けるびん部 @ Jr新幹線上野駅 https://t.co/FVW14GqezL,2016-10-20 12:15:38,
≡⊂⌒っﾟДﾟ)っ (@ 日比谷線 上野駅 - @h_line_info in 台東区 T?ky?-to) https://t.co/zLOQb0IQV1,2016-10-20 18:36:04,
I'm at 日比谷線 上野駅 - @h_line_info in 台東区 T?ky?-to https://t.co/b1K5rLPdcY,2016-10-21 07:18:31,
I'm at 日比谷線 上野駅 - @h_line_info in 台東区 T?ky?-to https://t.co/0viiSqJcwC,2016-10-21 07:41:02,
I'm at 日比谷線 上野駅 in 台東区 T?ky?-to https://t.co/DUxWKSw1zx,2016-10-21 10:19:41,
≡⊂⌒っﾟДﾟ)っ (@ 日比谷線 上野駅 - @h_line_info in 台東区 T?ky?-to) https://t.co/vgbbOnF08o,2016-10-21 19:52:29,
I'm at アトレ上野 in 台東区 東京都 https://t.co/xyVEs0nXIg,2016-10-22 11:15:08,
「香港都有?」 (@ WIRED CAFE アトレ上野店 - @wc_ueno in 台東区 東京都) https://t.co/SG7zy3rJk3 https://t.co/H5Qn9qplcn,2016-10-22 13:14:38,
店を間違えた (@ Brasserie L'ecrin Cafe Space in 台東区 東京都) https://t.co/KkoMsFUsNb https://t.co/bm0UgXYACb,2016-10-22 13:36:42,
I'm at Ginza Line Ueno Station - @g_line_info in 台東区 東京都 https://t.co/Tec5kNFjBX,2016-10-22 15:07:47,
休憩(￣▽￣)。 (@ Starbucks Coffee アトレ上野店 - @starbucks_j in 台東区 東京都) https://t.co/7dEkRefzfM,2016-10-22 15:08:25,
I'm at 銀座線 上野駅 - @g_line_info in 台東区 東京都 https://t.co/6dnfcwbpTd,2016-10-22 15:18:18,
I'm at Starbucks Coffee アトレ上野店 - @starbucks_j in 台東区 東京都 https://t.co/K8HDWKrDrm,2016-10-22 15:18:25,
I'm at 日比谷線 上野駅 in 台東区 T?ky?-to https://t.co/CctjI4KDB7,2016-10-22 16:00:20,
I'm at 日比谷線 上野駅 - @h_line_info in 台東区 T?ky?-to https://t.co/YClCGUICXy https://t.co/JcVZObTUIQ,2016-10-22 17:43:30,
I'm at 銀座線 上野駅 - @g_line_info in 台東区 東京都 https://t.co/AkYHkapiSw,2016-10-22 18:39:07,
I'm at 上野駅 中央改札 - @jreast_official in 台東区 東京都 https://t.co/7FtYMEspcO,2016-10-22 18:45:05,
I'm at ハードロックカフェ 上野駅店 in 台東区 東京都 https://t.co/aDZ51m6mSq https://t.co/yhYd4Du4fu,2016-10-22 20:04:19,
朝ゴパンゲット。 (@ アンデルセン アトレ上野店 in 台東区 東京都) https://t.co/M57sZ8ZdE3,2016-10-22 21:10:07,
電車1本逃した… (@ 日比谷線 上野駅 - @h_line_info in 台東区 T?ky?-to) https://t.co/1DprHDhe5b,2016-10-22 21:25:06,
電車1本逃した… (@ 日比谷線 上野駅 - @h_line_info in 台東区 T?ky?-to) https://t.co/1DprHDhe5b,2016-10-22 21:25:06,
日比谷線から銀座線遠い… (@ 銀座線 上野駅 - @g_line_info in 台東区 東京都) https://t.co/c5apG1AKmx,2016-10-22 23:10:40,
I'm at 銀座線 上野駅 - @g_line_info in 台東区 東京都 https://t.co/n8ziANJL5Q,2016-10-23 09:42:10,
I'm at 日比谷線 上野駅 - @h_line_info in 台東区 T?ky?-to https://t.co/9ZOMPwPMzR,2016-10-23 09:48:20,
I'm at 上野駅 中央改札 - @jreast_official in 台東区 東京都 https://t.co/qNSpk8qdWg,2016-10-23 10:27:13,
I'm at 古奈屋 アトレ上野店 in 台東区 東京都 https://t.co/IbfeOeDige,2016-10-23 12:26:53,
I'm at 銀座線 上野駅 - @g_line_info in 台東区 東京都 https://t.co/Wns23HRAET,2016-10-23 14:59:20,
芸術の秋の後は食欲の秋。ランチは久々にタイ料理(*´ω`*) @ Mango tree cafe 上野atre https://t.co/jeLQwbuPmQ,2016-10-23 16:32:28,
#love #anplified #hardrockcafe #healsfoundation @ Hard Rock Cafe Ueno https://t.co/UlqzAkgXJ1,2016-10-23 16:43:04,
Just posted a photo @ Hard Rock Cafe Ueno https://t.co/OEPVwma0yi,2016-10-23 16:47:07,
I'm at Hard Rock Cafe in 台東区 東京都 https://t.co/eWaM6hFMnA,2016-10-23 17:33:32,
I'm at 銀座線 上野駅 - @g_line_info in 台東区 東京都 https://t.co/JB3cps4OPO,2016-10-23 21:41:11,
I'm at 日比谷線 上野駅 - @h_line_info in 台東区 T?ky?-to https://t.co/5lNFeVuXFF,2016-10-24 07:17:55,
I'm at 日比谷線 上野駅 - @h_line_info in 台東区 T?ky?-to https://t.co/2mqDbuFwYf,2016-10-24 07:25:50,
I'm at Starbucks Coffee アトレ上野店 - @starbucks_j in 台東区 東京都 https://t.co/1VBwsQzi7k,2016-10-24 09:30:12,
I'm at 銀座線 上野駅 - @g_line_info in 台東区 東京都 https://t.co/jIPkFqG5GN,2016-10-24 15:51:23,
I'm at Hard Rock Shop Tokyo in Roppongi https://t.co/lqPdD0nJkn,2016-10-24 16:02:59,
≡⊂⌒っﾟДﾟ)っ (@ 日比谷線 上野駅 - @h_line_info in 台東区 T?ky?-to) https://t.co/WvUFYXseFP,2016-10-24 18:30:49,
*今日はオカンと大ちゃんと3人でランチしてきた,2016-10-24 18:33:38,
I'm at 上野駅 銀座線2番線ホーム in 台東区 東京都 https://t.co/ZKLu04iMRe,2016-10-25 00:07:06,
#上野公園#ダビデ#地獄の門 上野公園にある地獄の門。この彫刻も耐震されているのですよね。 @ 上野公園 https://t.co/Iczo4nOopr,2016-10-25 07:00:44,
I'm at 日比谷線 上野駅 - @h_line_info in 台東区 T?ky?-to https://t.co/fDmsrlQzTp,2016-10-25 07:21:00,
I'm at 銀座線 上野駅 in 台東区 東京都 https://t.co/QxSn2lBcpA,2016-10-25 08:16:23,
I'm at 上野駅 中央改札 in 台東区 東京都 https://t.co/9J03oJWDiQ https://t.co/KLI2PsDRc5,2016-10-25 10:39:14,
I'm at 明正堂書店 アトレ上野店 in 台東区 東京都 https://t.co/c8HFjEuZZ8 https://t.co/DBvk3qsgz4,2016-10-25 12:37:20,
I'm at 日比谷線 上野駅 - @h_line_info in 台東区 T?ky?-to https://t.co/RT3hur98Uj,2016-10-25 14:22:48,
I'm at 日比谷線 上野駅 - @h_line_info in 台東区 T?ky?-to https://t.co/E2aiAZnwyh,2016-10-25 16:44:32,
I'm at 銀座線 上野駅 - @g_line_info in 台東区 東京都 https://t.co/AVATmpt79g,2016-10-25 16:48:12,
≡⊂⌒っﾟДﾟ)っ (@ 日比谷線 上野駅 - @h_line_info in 台東区 T?ky?-to) https://t.co/7jR8x4AprB,2016-10-25 18:25:14,
≡⊂⌒っﾟДﾟ)っ (@ 日比谷線 上野駅 - @h_line_info in 台東区 T?ky?-to) https://t.co/zlGzufDpNE,2016-10-25 18:25:36,
I'm at 銀座線 上野駅 in 台東区 東京都 https://t.co/E7wfnSo5LS,2016-10-25 18:45:39,
I'm at のもの 上野店 in 台東区 東京都 https://t.co/8iKNW3kTyb,2016-10-25 19:43:55,
中央改札繁盛なう。 (@ 上野駅 中央改札 in 台東区 東京都) https://t.co/adwxQOTJ0c https://t.co/dOPjsHQqjw,2016-10-25 21:41:50,
裸アート。 (@ 翼の像 in 台東区 東京都) https://t.co/RdNf2IFecl https://t.co/oMOwp6JlQJ,2016-10-25 21:46:08,
I'm at 日比谷線 上野駅 - @h_line_info in 台東区 T?ky?-to https://t.co/MY5Xz6ukt1,2016-10-26 07:24:17,
I'm at 日比谷線 上野駅 - @h_line_info in 台東区 T?ky?-to https://t.co/OltCIuFOq4,2016-10-26 07:43:49,
I'm at @Starbucks_j in 台東区 東京都 https://t.co/j68Jx3tClb,2016-10-26 10:51:53,
今日のランチは、サーモンクリームパスタw (@ ハードロックカフェ 上野駅店 in 台東区 東京都) https://t.co/lgkFSdOtNs https://t.co/RUif8ITDrl,2016-10-26 12:48:01,
乗り換え (@ 銀座線 上野駅 - @g_line_info in 台東区 東京都) https://t.co/bdP66dzOq9,2016-10-26 18:05:27,
≡⊂⌒っﾟДﾟ)っ (@ 日比谷線 上野駅 - @h_line_info in 台東区 T?ky?-to) https://t.co/S1FjbR12yk,2016-10-26 18:28:32,
SoftBank iPhone 7 plus上越新幹線上野駅地下内で、下り51.52Mbpsと快適レベル,2016-10-26 22:28:13,
I'm at 日比谷線 上野駅 - @h_line_info in 台東区 T?ky?-to https://t.co/BYNO9YIhsN,2016-10-26 22:47:46,
I'm at 日比谷線 上野駅 - @h_line_info in 台東区 T?ky?-to https://t.co/hgf1AnLVuZ,2016-10-27 07:11:30,
I'm at 日比谷線 上野駅 - @h_line_info in 台東区 T?ky?-to https://t.co/67L1EDgx3a,2016-10-27 07:16:49,
I'm at 日比谷線 上野駅 - @h_line_info in 台東区 T?ky?-to https://t.co/TSiGoc0kGm,2016-10-27 07:25:12,
旅立ちます?( 'ω' )? @ Jr新幹線上野駅 https://t.co/J8YtbBn5fC,2016-10-27 16:11:25,
I'm at 日比谷線 上野駅 - @h_line_info in 台東区 T?ky?-to https://t.co/xT5p8SVVxv,2016-10-27 16:14:50,
上野から表参道まで一本で行ける事に驚く南の島民…便利やん… (@ 銀座線 上野駅 in 台東区 東京都) https://t.co/bm6hTqOznH,2016-10-27 16:58:24,
お買い物?(´ー｀)ノ (@ ザ・ガーデン自由が丘 上野店 in 台東区 東京都) https://t.co/xXSiwL9RSh https://t.co/z9pxB1XRQT,2016-10-27 19:06:23,
≡⊂⌒っﾟДﾟ)っ (@ 日比谷線 上野駅 - @h_line_info in 台東区 T?ky?-to) https://t.co/jlmyJQoXNz,2016-10-27 20:12:39,
I'm at 日比谷線 上野駅 - @h_line_info in 台東区 T?ky?-to https://t.co/2Fe1nuuZsQ,2016-10-27 23:18:20,
I'm at @Starbucks_j in 台東区 東京都 https://t.co/QdQfluPtI9,2016-10-28 14:04:35,
I'm at 上野駅 銀座線2番線ホーム in 台東区 東京都 https://t.co/3Crs3mrWDl,2016-10-29 00:16:31,
I'm at 銀座線 上野駅 - @g_line_info in 台東区 東京都 https://t.co/VZ9lPWmG5I,2016-10-29 08:07:16,
ベタな柄ですなあ〜。 (@ 銀座線 上野駅 - @g_line_info in 台東区 東京都) https://t.co/tslFdV5JP0 https://t.co/gVP9wVNUGV,2016-10-29 10:50:13,
酔いが覚めたから、青山の夜練行ってくる。 (@ 銀座線 上野駅 - @g_line_info in 台東区 東京都) https://t.co/aKTMB7HGoG https://t.co/ikFcBe15B2,2016-10-29 16:46:53,
まっくら (@ 銀座線 上野駅 - @g_line_info in 台東区 東京都) https://t.co/yPTEgoJf9F,2016-10-29 17:23:08,
なんかシュール @ Jr新幹線上野駅 https://t.co/vGgwRJGAAX,2016-10-29 18:18:28,
I'm at ハードロックカフェ 上野駅店 in 台東区 東京都 https://t.co/1vEFfYLZCm https://t.co/uqKRHvrERW,2016-10-29 18:32:03,
fbへの書き込みに夢中になっていたら、乗るはずの電車が行ってしまった。でも新幹線でよかったよ。飛行機じゃなくてよかったw @ Jr新幹線上野駅 https://t.co/jH5mrX3wcN,2016-10-29 18:49:00,
早くも筋肉痛が… (@ 銀座線 上野駅 - @g_line_info in 台東区 東京都) https://t.co/RwSi5pXgDf https://t.co/AxRRVtyldw,2016-10-29 20:17:54,
もうこんな季節 (@ 上野駅 中央改札 - @jreast_official in 台東区 東京都) https://t.co/EqIc9hwD3M https://t.co/mFMc89Dy8T,2016-10-29 20:21:22,
I'm at KALDI COFFEE FARM アトレ上野店 in 台東区 東京都 https://t.co/oqjk5l8FOf,2016-10-29 20:52:44,
I'm at 銀座線 上野駅 - @g_line_info in 台東区 東京都 https://t.co/1ZCA8PHtuI,2016-10-30 05:40:57,
I'm at GRILL 1930 つばめグリル アトレ上野店 in 台東区 東京都 https://t.co/g2ZDWzyMwK,2016-10-30 18:07:33,
I'm at ハードロックカフェ 上野駅店 in 台東区 東京都 https://t.co/IiBDkk6WeJ https://t.co/CQQHnHSnty,2016-10-30 18:14:24,
銀座線てこんなに狭かったっけ?!?! (@ 銀座線 上野駅 - @g_line_info in 台東区 東京都) https://t.co/WLw0htT630,2016-10-30 19:14:42,
I'm at Ginza Line Ueno Station - @g_line_info in 台東区 東京都 https://t.co/QpD31dW5jy,2016-10-30 21:18:27,
I'm at Starbucks Coffee アトレ上野店 - @starbucks_j in 台東区 東京都 https://t.co/Onh54UIgoE,2016-10-30 21:57:10,
I'm at 日比谷線 上野駅 - @h_line_info in 台東区 T?ky?-to https://t.co/7dt2EvYKJL,2016-10-31 07:17:31,
I'm at 日比谷線 上野駅 - @h_line_info in 台東区 T?ky?-to https://t.co/opAm4HlAIl,2016-10-31 07:23:59,
I'm at 銀座線 上野駅 - @g_line_info in 台東区 東京都 https://t.co/pJFNYdClsY,2016-10-31 08:44:26,
#jr #jrpass #tokyo #japan #jrtrup2016 @ Jr新幹線上野駅 https://t.co/SAAVSGaOdP,2016-10-31 11:10:13,
I'm at Hard Rock Cafe in 台東区 東京都 https://t.co/4heG261mhB,2016-10-31 14:13:04,
????????????? H O M E L E S S ???????????????????????… https://t.co/lO5oz79bYL,2016-10-31 14:58:53,
≡⊂⌒っﾟДﾟ)っ (@ 日比谷線 上野駅 - @h_line_info in 台東区 T?ky?-to) https://t.co/ub7faL80ib,2016-10-31 18:26:06,
