I'm at 宿河原駅 ドラえもん像 in 川崎市 神奈川県 https://t.co/mlarPMpjOp,2016-08-03 18:15:25,
このままだとまた寝休日になりそうなんで強引にお出か,2016-08-05 12:27:59,
I'm at 宿河原駅 in 川崎市 神奈川県 https://t.co/aMWYVkPsam,2016-08-08 09:44:43,
I'm at 宿河原駅 in 川崎市 神奈川県 https://t.co/fUPpXauOsi,2016-08-08 13:05:47,
ジムドラえもんは雨遭ってないらしい (@ 宿河原駅 ドラえもん像 in 川崎市 神奈川県) https://t.co/II5NN1mXe5 https://t.co/FvtuiBA1Pu,2016-08-10 20:58:12,
I'm at 宿河原駅 in 川崎市 神奈川県 https://t.co/B9NJbslmf4,2016-10-07 16:32:45,
I'm at 宿河原駅 in 川崎市 神奈川県 https://t.co/6R267uT5Jp,2016-10-07 20:13:49,
I'm at 宿河原駅 in 川崎市 神奈川県 https://t.co/W03Aky1LnW,2016-10-07 22:36:59,
かちくよりしゃちく (@ 宿河原駅 in 川崎市 神奈川県) https://t.co/b3XB084jdB,2016-10-08 09:30:08,
I'm at 宿河原駅 in 川崎市 神奈川県 https://t.co/GU6qQ0vkfx,2016-10-12 08:27:55,
I'm at 宿河原駅 in 川崎市 神奈川県 https://t.co/YO85sZyRU7,2016-10-12 11:19:24,
この写真撮ってたら電車に乗り遅れそうになってしまった。なんとか間に合いましたが(汗) @ Shukugawara Station https://t.co/NLAuxFAdKX,2016-10-12 13:27:33,
I'm at 宿河原駅 in 川崎市 神奈川県 https://t.co/Umee9K26qQ https://t.co/TjeJyMiGb9,2016-10-12 19:04:42,
I'm at 宿河原駅 in 川崎市 神奈川県 https://t.co/9RvHIODrtT,2016-10-13 08:07:42,
この時間に電車がほぼ通ってないの大変そうだ（お布団の中から (at Shukugawara Station (宿河原駅)) ? https://t.co/gC34PKgcnW,2016-10-14 06:25:57,
宿河原駅 @ Shukugawara Station https://t.co/4cpJ6JjG7y,2016-10-15 16:35:48,
パーツ見繕いに行こうそうしよう (@ 宿河原駅 in 川崎市 神奈川県) https://t.co/uveFndJdMi https://t.co/gP3nAaLOul,2016-10-21 10:09:36,
