I'm at 中野島駅 - @jreast_official in 川崎市 神奈川県 https://t.co/pPqlJIYWN0,2016-08-01 09:39:40,
I'm at 中野島駅 - @jreast_official in 川崎市 神奈川県 https://t.co/Xjx3AfKzV8,2016-08-01 17:08:03,
I'm at 中野島駅 - @jreast_official in 川崎市 神奈川県 https://t.co/6d5y3DpLmh,2016-08-02 07:32:26,
I'm at 中野島駅 - @jreast_official in 川崎市 神奈川県 https://t.co/rhCFDqtfca,2016-08-02 17:15:37,
I'm at 中野島駅 - @jreast_official in 川崎市 神奈川県 https://t.co/BaI8RqKm0q,2016-08-03 07:32:12,
I'm at 中野島駅 - @jreast_official in 川崎市 神奈川県 https://t.co/W4exneDxrG,2016-08-04 07:27:54,
I'm at 中野島駅 - @jreast_official in 川崎市 神奈川県 https://t.co/pnTM2uFKIo,2016-08-05 07:44:41,
I'm at 中野島駅 - @jreast_official in 川崎市 神奈川県 https://t.co/saWP8oSLBU,2016-08-05 16:37:12,
I'm at 中野島駅 - @jreast_official in 川崎市 神奈川県 https://t.co/cHceWZgrKT,2016-08-06 15:22:10,
I'm at 中野島駅 - @jreast_official in 川崎市 神奈川県 https://t.co/59njaCpTv9,2016-08-08 17:09:41,
I'm at 中野島駅 - @jreast_official in 川崎市 神奈川県 https://t.co/KsaI6XdgqW,2016-08-09 07:44:09,
I'm at 中野島駅 - @jreast_official in 川崎市 神奈川県 https://t.co/VNs9tLeNPU,2016-08-10 07:29:13,
I'm at 中野島駅 - @jreast_official in 川崎市 神奈川県 https://t.co/Dc4yaeVltD,2016-10-06 20:01:06,
I'm at 中野島駅 - @jreast_official in 川崎市 神奈川県 https://t.co/v9J8DdUdcw,2016-10-07 16:28:14,
I'm at 中野島駅 - @jreast_official in 川崎市 神奈川県 https://t.co/gZS3hmG5fp,2016-10-07 18:30:35,
I'm at 中野島駅 - @jreast_official in 川崎市 神奈川県 https://t.co/2pIy7bRZ2D,2016-10-07 20:09:33,
I'm at 中野島駅 - @jreast_official in 川崎市 神奈川県 https://t.co/H6I3yfrj1E,2016-10-07 22:42:19,
I'm at 中野島駅 - @jreast_official in 川崎市 神奈川県 https://t.co/UuN4x3gDqp,2016-10-10 20:58:16,
I'm at 中野島駅 - @jreast_official in 川崎市 神奈川県 https://t.co/fnhmGBUQ67,2016-10-19 18:31:45,
@hatahata134  ありがとうございます☆病院の薬で咳は少し楽になりました。bayfmは準備万端です♪(^-^)v,2016-10-19 18:49:41,
tequila,2016-10-24 22:27:23,
開発環境を整えよう！,2016-10-26 20:56:40,
SQLが使えるサーバがいいな,2016-10-26 20:57:15,
