I'm at 秋川駅 in あきる野市 東京都 https://t.co/WqW1Fydefr,2016-08-03 17:37:04,
I'm at 秋川駅 in あきる野市 東京都 https://t.co/5bhC3DTrQJ,2016-08-05 17:10:36,
I'm at 秋川駅 in あきる野市 東京都 https://t.co/GRqkyE5ukN,2016-08-06 15:33:56,
I'm at 秋川駅 in あきる野市 東京都 https://t.co/6tiOrwmdZ3,2016-08-08 10:59:57,
I'm at 秋川駅 in あきる野市 東京都 https://t.co/YDjWQ511jo,2016-08-08 16:46:05,
つらい。電車間違えた (@ 秋川駅 in あきる野市 東京都) https://t.co/9wRMg32SwX,2016-08-09 20:41:30,
せっかく早く家を出たのに五日市線に乗ってた。引き返したいのだが電車こないな〜 (@ 秋川駅 in あきる野市 東京都) https://t.co/VZ7n4Q6cBd https://t.co/E97uAdRWqX,2016-08-10 08:12:46,
I'm at 秋川駅 in あきる野市 東京都 https://t.co/TJHXllL6Nj,2016-08-10 08:46:32,
I'm at 秋川駅 in あきる野市 東京都 https://t.co/NtQRewNTVI,2016-08-11 11:15:23,
I'm at 秋川駅 in あきる野市 東京都 https://t.co/aTqgYscSIH,2016-08-11 12:11:26,
I'm at 秋川駅 in あきる野市 東京都 https://t.co/k0JUeNnwF1,2016-08-11 12:39:27,
I'm at 秋川駅 in あきる野市 東京都 https://t.co/PZSwuKoHPo,2016-10-08 07:12:57,
I'm at 秋川駅 in あきる野市 東京都 https://t.co/vQPwsPGEQW,2016-10-13 11:44:44,
#お礼肥 #元肥 #来年もいいブルーベリーを @ 青梅総合高校 https://t.co/LKr1xK1Vhl,2016-10-15 05:58:34,
I'm at 秋川駅 in あきる野市 東京都 https://t.co/KdGkypOe8K,2016-10-15 11:24:32,
I'm at 秋川駅 in あきる野市 東京都 https://t.co/TWFDg1VVWH,2016-10-18 16:03:06,
定期 (@ 秋川駅 in あきる野市 東京都) https://t.co/qFpEfRGgc5,2016-10-19 16:26:18,
I'm at 秋川駅 in あきる野市 東京都 https://t.co/4HtnZaiU5d,2016-10-20 15:18:45,
I'm at 秋川駅 in あきる野市 東京都 https://t.co/qWlT2XRcCX,2016-10-22 07:33:48,
秋川駅★初めて?何故、此処に居るのでしょう,2016-10-22 15:14:05,
やっと逢えた??高橋ヒコさん?,2016-10-22 15:28:52,
ごっそり乗ってきた！ (@ Akigawa Station in あきる野市 東京都) https://t.co/nm1FunipFc,2016-10-23 17:03:40,
I'm at 秋川駅 in あきる野市 東京都 https://t.co/UglyTxazjv,2016-10-26 10:36:16,
I'm at 秋川駅 in あきる野市 東京都 https://t.co/9YFeJG0aij,2016-10-26 11:14:49,
定期 (@ 秋川駅 in あきる野市 東京都) https://t.co/hz4WyfGmKJ,2016-10-26 16:34:37,
I'm at 秋川駅 in あきる野市 東京都 https://t.co/yHWH9uLv3m,2016-10-26 18:00:00,
I'm at 秋川駅 in あきる野市 東京都 https://t.co/QHsbT5g7ug,2016-10-29 12:44:50,
定期 (@ 秋川駅 in あきる野市 東京都) https://t.co/uhEK5dGZOi,2016-10-29 16:39:17,
