I'm at NEWDAYS 新川崎 - @newdays_jp in 川崎市 神奈川県 https://t.co/rntakxEgSP,2016-08-01 09:29:15,
I'm at 新川崎駅 - @jreast_official in 川崎市 神奈川県 https://t.co/x5lM2t8VrD,2016-08-01 09:29:24,
I'm at 新川崎駅 - @jreast_official in 川崎市 神奈川県 w/ @iriyann https://t.co/517r6PDuJi,2016-08-01 20:59:56,
帰る (@ 新川崎駅 - @jreast_official in 川崎市 神奈川県) https://t.co/eDl7IisgS5,2016-08-02 00:14:47,
I'm at 新川崎駅 - @jreast_official in 川崎市 神奈川県 https://t.co/Ev1d4o0UgU,2016-08-02 06:26:51,
I'm at 新川崎駅 - @jreast_official in 川崎市 神奈川県 https://t.co/7spFBAcEIS,2016-08-02 16:33:21,
学割ゲット (@ 新川崎駅 - @jreast_official in 川崎市 神奈川県) https://t.co/JEHmBrc06j,2016-08-02 18:21:02,
I'm at 新川崎駅 - @jreast_official in 川崎市 神奈川県 https://t.co/7pdMuXDFBv,2016-08-03 11:10:55,
I'm at 新川崎駅 - @jreast_official in 川崎市 神奈川県 https://t.co/66gOEjeS3f,2016-08-03 15:32:43,
I'm at 新川崎駅 - @jreast_official in 川崎市 神奈川県 https://t.co/9n5uX4dX7z,2016-08-03 17:12:26,
I'm at 新川崎駅 - @jreast_official in 川崎市 神奈川県 https://t.co/CuVz68P2Fd,2016-08-04 06:23:29,
East-iE行っちゃった… (@ 新川崎駅 - @jreast_official in 川崎市 神奈川県) https://t.co/tIRAfkUqQc,2016-08-04 09:44:03,
I'm at 新川崎駅 - @jreast_official in 川崎市 神奈川県 https://t.co/IzZzlmx7wh,2016-08-04 14:15:45,
I'm at Shin-Kawasaki Station - @jreast_official in 川崎市 神奈川県 https://t.co/fAW9RXt9tH,2016-08-04 16:54:31,
I'm at 新川崎駅 - @jreast_official in 川崎市 神奈川県 https://t.co/6SFN4MwY41,2016-08-04 16:57:54,
I'm at 新川崎駅 - @jreast_official in 川崎市 神奈川県 https://t.co/F3gOMOmFg2,2016-08-04 23:39:55,
I'm at 新川崎駅 - @jreast_official in 川崎市 神奈川県 https://t.co/VcjKqbcbRb,2016-08-04 23:56:50,
I'm at 新川崎駅 - @jreast_official in 川崎市 神奈川県 https://t.co/OPbARzH1Lg,2016-08-05 08:12:40,
I'm at 新川崎駅 - @jreast_official in 川崎市 神奈川県 w/ @iriyann https://t.co/ror2qbMuJF,2016-08-05 22:42:14,
I'm at 新川崎駅 - @jreast_official in 川崎市 神奈川県 https://t.co/WLrJbTyORp,2016-08-06 06:55:57,
真川崎 (@ 新川崎駅 - @jreast_official in 川崎市 神奈川県) https://t.co/L1Dqus7iqx,2016-08-06 08:40:12,
I'm at 新川崎駅 - @jreast_official in 川崎市 神奈川県 https://t.co/hZ7F0fS63X,2016-08-06 09:04:14,
I'm at 新川崎駅 - @jreast_official in 川崎市 神奈川県 https://t.co/2Kmr00tFJr,2016-08-06 16:05:39,
I'm at 新川崎駅 - @jreast_official in 川崎市 神奈川県 https://t.co/y1GY3DjBkj,2016-08-07 06:11:02,
ノイエ川崎 (@ 新川崎駅 - @jreast_official in 川崎市 神奈川県) https://t.co/SVbGP4w0VX,2016-08-07 11:08:50,
それでは、宇都宮へ行って来ます。 (@ 新川崎駅 - @jreast_official in 川崎市 神奈川県) https://t.co/JpI04QwbSi,2016-08-07 12:08:22,
I'm at 新川崎駅 - @jreast_official in 川崎市 神奈川県 https://t.co/AOVqlELQtu,2016-08-07 13:34:07,
I'm at NEWDAYS 新川崎 - @newdays_jp in 川崎市 神奈川県 https://t.co/k83Db85MCv,2016-08-07 16:52:10,
I'm at 新川崎駅 - @jreast_official in 川崎市 神奈川県 https://t.co/2ORzFZEmO8,2016-08-07 16:52:17,
I'm at 新川崎駅 - @jreast_official in 川崎市 神奈川県 https://t.co/I0j9bqzUF0,2016-08-07 22:42:11,
I'm at 新川崎駅 - @jreast_official in 川崎市 神奈川県 https://t.co/KHrkK3y3eO,2016-08-08 00:12:37,
I'm at 新川崎駅 in 川崎市 神奈川県 https://t.co/fyXukmCdCs,2016-08-08 09:15:52,
あぢー。タクシー使いたいけどガマン,2016-08-08 13:31:50,
,2016-08-08 14:49:31,
I'm at 新川崎駅 - @jreast_official in 川崎市 神奈川県 w/ @iriyann https://t.co/VnmxyHgNQk,2016-08-08 22:51:40,
I'm at NEWDAYS 新川崎 - @newdays_jp in 川崎市 神奈川県 https://t.co/XvDuuBnnq4,2016-08-09 18:14:54,
I'm at 新川崎駅 - @jreast_official in 川崎市 神奈川県 https://t.co/w5BmLiFkyU,2016-08-09 18:15:03,
I'm at 新川崎駅 - @jreast_official in 川崎市 神奈川県 https://t.co/mpmKMsRTmV,2016-08-09 21:22:17,
I'm at 新川崎駅 in 川崎市 神奈川県 https://t.co/Qc7otRx2QQ,2016-08-10 12:33:26,
I'm at 新川崎駅 - @jreast_official in 川崎市 神奈川県 w/ @iriyann https://t.co/7xsLgK18Ce,2016-10-06 21:59:26,
I'm at 新川崎駅 - @jreast_official in 川崎市 神奈川県 https://t.co/u3NuoZXEmQ,2016-10-07 08:12:31,
I'm at 新川崎駅 - @jreast_official in 川崎市 神奈川県 https://t.co/bnTCLxAuWg,2016-10-07 16:59:09,
真川崎 (@ 新川崎駅 - @jreast_official in 川崎市 神奈川県) https://t.co/fdWStrUC1X,2016-10-07 18:41:51,
真川崎 (@ 新川崎駅 - @jreast_official in 川崎市 神奈川県) https://t.co/hrWD0FnHHn,2016-10-08 08:19:11,
I'm at 新川崎駅 - @jreast_official in 川崎市 神奈川県 https://t.co/JeC9YSkRxt,2016-10-08 16:52:17,
I'm at 新川崎駅 - @jreast_official in 川崎市 神奈川県 https://t.co/VURvX5X8yA,2016-10-09 00:12:26,
I'm at 新川崎駅 - @jreast_official in 川崎市 神奈川県 https://t.co/EAifMv7wQm,2016-10-09 06:55:09,
I'm at 新川崎駅 - @jreast_official in 川崎市 神奈川県 https://t.co/T9fdyqh0wG,2016-10-09 23:57:40,
I'm at 新川崎駅 - @jreast_official in 川崎市 神奈川県 https://t.co/I1HSEWoHct,2016-10-10 07:00:21,
I'm at 新川崎駅 - @jreast_official in 川崎市 神奈川県 https://t.co/UvyEhA2DCD,2016-10-10 11:43:24,
真川崎 (@ 新川崎駅 - @jreast_official in 川崎市 神奈川県) https://t.co/vosUDNcxUN,2016-10-10 15:02:44,
何故か新川崎に (@ 新川崎駅 - @jreast_official in 川崎市 神奈川県) https://t.co/qSB1XS69SK,2016-10-10 20:26:05,
I'm at 新川崎駅 - @jreast_official in 川崎市 神奈川県 https://t.co/ivYScUQeK1,2016-10-10 22:53:27,
I'm at 新川崎駅 - @jreast_official in 川崎市 神奈川県 https://t.co/6h4XUIB9ab,2016-10-11 14:03:20,
運転抑止かよ!! #横須賀線 #新川崎駅 (@ Shin-Kawasaki Station - @jreast_official in 川崎市 神奈川県) https://t.co/UEKNQw9ogj,2016-10-11 19:12:10,
I'm at 新川崎駅 - @jreast_official in 川崎市 神奈川県 https://t.co/vrOQab5fZv,2016-10-13 11:51:23,
I'm at 新川崎駅 - @jreast_official in 川崎市 神奈川県 w/ @iriyann https://t.co/Ucyyzpswgp,2016-10-13 22:18:39,
I'm at 新川崎駅 - @jreast_official in 川崎市 神奈川県 https://t.co/vpLVKSps0P,2016-10-14 07:09:50,
本日横須賀線人身のため臨時停車 (@ 新川崎駅 - @jreast_official in 川崎市 神奈川県) https://t.co/zlM816XiKG,2016-10-14 12:25:33,
I'm at 新川崎駅 - @jreast_official in 川崎市 神奈川県 https://t.co/F7kSNHQWVR,2016-10-14 14:24:08,
I'm at 新川崎駅 - @jreast_official in 川崎市 神奈川県 https://t.co/V6HQnfYd7e,2016-10-15 19:51:50,
I'm at 新川崎駅 - @jreast_official in 川崎市 神奈川県 https://t.co/WROFmNbL8N,2016-10-16 11:33:26,
I'm at 新川崎駅 - @jreast_official in 川崎市 神奈川県 https://t.co/GOD4mN1JJs,2016-10-18 06:35:09,
I'm at 新川崎駅 in 川崎市 神奈川県 https://t.co/3Mrjqj2NGZ,2016-10-18 09:36:42,
I'm at 新川崎駅 - @jreast_official in 川崎市 神奈川県 https://t.co/kBi0sCwxLk,2016-10-18 15:11:31,
I'm at 新川崎駅 - @jreast_official in 川崎市 神奈川県 https://t.co/jxChbFuZ4D,2016-10-18 15:18:56,
I'm at 新川崎駅 - @jreast_official in 川崎市 神奈川県 https://t.co/81J9agmAME,2016-10-18 17:56:35,
I'm at 新川崎駅 - @jreast_official in 川崎市 神奈川県 https://t.co/H6oGyWzbJx,2016-10-19 14:14:51,
I'm at 新川崎駅 - @jreast_official in 川崎市 神奈川県 https://t.co/MwqYoFmObk,2016-10-19 20:39:20,
I'm at 新川崎駅 - @jreast_official in 川崎市 神奈川県 https://t.co/mWKw2t60Qt,2016-10-20 19:10:49,
I'm at 新川崎駅 - @jreast_official in 川崎市 神奈川県 https://t.co/DQIPIViotm,2016-10-21 07:09:57,
I'm at 新川崎駅 - @jreast_official in 川崎市 神奈川県 https://t.co/nDrgXWFoRa,2016-10-21 13:46:23,
I'm at 新川崎駅 - @jreast_official in 川崎市 神奈川県 https://t.co/wRhDBZZiV3,2016-10-21 19:11:56,
I'm at 新川崎駅 - @jreast_official in 川崎市 神奈川県 https://t.co/TC0oDO3Tg4,2016-10-22 10:11:06,
I'm at 新川崎駅 - @jreast_official in 川崎市 神奈川県 https://t.co/rYMvxaiBkf,2016-10-23 16:10:54,
I'm at 新川崎駅 - @jreast_official in 川崎市 神奈川県 https://t.co/FkbZ1weaQ3,2016-10-24 00:12:39,
I'm at 新川崎駅 - @jreast_official in 川崎市 神奈川県 https://t.co/UQiqUGo1Ns,2016-10-24 23:12:01,
I'm at 新川崎駅 - @jreast_official in 川崎市 神奈川県 https://t.co/pCiUHoCLDD,2016-10-26 21:44:27,
I'm at 新川崎駅 - @jreast_official in 川崎市 神奈川県 https://t.co/aYLPRqaxfh,2016-10-27 18:10:55,
I'm at 新川崎駅 - @jreast_official in 川崎市 神奈川県 https://t.co/yXWjBQLTy7,2016-10-28 07:09:24,
I'm at 新川崎駅 - @jreast_official in 川崎市 神奈川県 https://t.co/t99boqQE10,2016-10-28 13:58:55,
今日は精神保健福祉士協会の委員会。いつもと違って、東京駅の近くで開催されるため、これから向かう。 (@ 新川崎駅 - @jreast_official in 川崎市 神奈川県) https://t.co/5D8mRy648W,2016-10-29 11:22:52,
I'm at Shin-Kawasaki Station - @jreast_official in 川崎市 神奈川県 https://t.co/V6hNskn6KN,2016-10-29 12:52:31,
I'm at 新川崎駅 - @jreast_official in 川崎市 神奈川県 https://t.co/FXaVABu0Wh,2016-10-29 13:14:16,
I'm at 新川崎駅 - @jreast_official in 川崎市 神奈川県 https://t.co/IUJH8jeWDY,2016-10-29 13:45:25,
ふじたあくしろ (@ 新川崎駅 - @jreast_official in 川崎市 神奈川県) https://t.co/xGOI8rzVE0,2016-10-29 20:46:26,
きやのん襲撃 (@ 新川崎駅 - @jreast_official in 川崎市 神奈川県) https://t.co/WAUmFaA4qo,2016-10-30 11:39:41,
I'm at 新川崎駅 - @jreast_official in 川崎市 神奈川県 https://t.co/8cCgNoYeU7,2016-10-31 15:56:54,
