I'm at 新浦安駅 in 浦安市 千葉県 https://t.co/baAfpejrzu,2016-08-01 00:24:59,
I'm at NEWDAYS 新浦安 - @newdays_jp in 浦安市 千葉県 https://t.co/TLazfvgWzI,2016-08-01 08:20:12,
I'm at 新浦安駅 in 浦安市 千葉県 https://t.co/hBE3WexHKE,2016-08-01 08:20:18,
I'm at 新浦安駅 in 浦安市 千葉県 https://t.co/dETgr7GtTd,2016-08-01 15:45:17,
I'm at 新浦安駅 in 浦安市 千葉県 https://t.co/A8XZ5SvaDt,2016-08-01 18:19:44,
I'm at アトレ新浦安 in 浦安市 千葉県 https://t.co/QJkDJJwtrS,2016-08-01 19:18:34,
虹と雷雨 @ 新浦安駅付近 https://t.co/D6SYtHKPsD,2016-08-02 05:51:39,
I'm at NEWDAYS 新浦安 - @newdays_jp in 浦安市 千葉県 https://t.co/hUBHf7WXHY,2016-08-02 08:19:07,
I'm at 新浦安駅 in 浦安市 千葉県 https://t.co/aRrCaPx7hl,2016-08-02 08:19:13,
I'm at 新浦安駅 in 浦安市 千葉県 https://t.co/oaBHLnvL1s,2016-08-02 11:00:17,
チェックイン忘れ (@ 新浦安駅 in 浦安市 千葉県) https://t.co/voeOLlqw1z,2016-08-02 13:31:30,
I'm at 新浦安駅 in 浦安市 千葉県 https://t.co/jZzZmUWk80,2016-08-02 16:21:59,
I'm at 新浦安駅 in 浦安市 千葉県 https://t.co/5JlbOOw39L,2016-08-02 18:37:23,
I'm at NEWDAYS 新浦安 - @newdays_jp in 浦安市 千葉県 https://t.co/H5x0xfqLxz,2016-08-03 08:20:09,
I'm at 新浦安駅 in 浦安市 千葉県 https://t.co/Tbm5y3YnF5,2016-08-03 08:20:16,
少ない大型店舗だし寄らずにいられないのよね。 (@ セリア モナ新浦安店 in 浦安市 千葉県) https://t.co/r8UOzJfKfA,2016-08-03 14:07:45,
おクスリー。 (@ ココカラファイン薬局 新浦安店 in Urayasu Chiba) https://t.co/804N3DncX1,2016-08-03 15:40:53,
I'm at 新浦安駅 in 浦安市 千葉県 https://t.co/9FIGTwTQNG,2016-08-03 15:52:02,
全身痛いンだから、サッサと切り上げりゃイイのにね、と自分でも想うよ……でも月イチだからついつい長居しちゃうのよね。膝から下、足裏とか結構痛みキてるケド、座れなそうだなァ……(ｰ ｰ;) (@ 新浦安駅 in 浦安市 千葉県) https://t.co/P1qFs1WsGY,2016-08-03 16:12:52,
I'm at アトレ新浦安 in 浦安市 千葉県 https://t.co/h73sfKoKkE,2016-08-03 20:40:39,
I'm at 新浦安駅 in 浦安市 千葉県 https://t.co/aWUxSIGRxM,2016-08-04 01:00:27,
I'm at NEWDAYS 新浦安 - @newdays_jp in 浦安市 千葉県 https://t.co/TYhut83MYu,2016-08-04 08:19:11,
I'm at 新浦安駅 in 浦安市 千葉県 https://t.co/AkT8FaeV9r,2016-08-04 08:19:18,
I'm at Shin-Urayasu Station in 浦安市 千葉県 https://t.co/rHFsnBijYC,2016-08-04 10:11:53,
全くチェックインしてなかった件 (@ 新浦安駅 in 浦安市 千葉県) https://t.co/fR6grWZpcG,2016-08-04 13:03:15,
I'm at NEWDAYS 新浦安 - @newdays_jp in 浦安市 千葉県 https://t.co/k9yzI7cwX8,2016-08-05 08:27:17,
I'm at 新浦安駅 in 浦安市 千葉県 https://t.co/jJAHJ7msIP,2016-08-05 08:27:26,
駐輪 (@ 新浦安駅 in 浦安市 千葉県) https://t.co/GGCrQKAm51,2016-08-05 10:46:57,
I'm at 新浦安駅 in 浦安市 千葉県 https://t.co/NJDNDYSHHX,2016-08-05 12:21:17,
#いまどこみやうら (@ 新浦安駅 in 浦安市 千葉県) https://t.co/JiDKt5esxh,2016-08-05 17:46:44,
I'm at 新浦安駅 in 浦安市 千葉県 https://t.co/P2YfeBvmT3,2016-08-05 18:25:59,
I'm at 新浦安駅 in 浦安市 千葉県 https://t.co/BJx7imC1JB,2016-08-05 18:29:50,
I'm at 新浦安駅 in 浦安市 千葉県 https://t.co/ZBc0dxlJAf,2016-08-05 22:32:43,
始発で舞浜駅へ〜〜 (@ 新浦安駅 in 浦安市 千葉県) https://t.co/wBG29aNjjt,2016-08-06 05:09:16,
I'm at 新浦安駅 in 浦安市 千葉県 https://t.co/4aNH8Q6yWs,2016-08-06 05:16:17,
I'm at 新浦安駅 in 浦安市 千葉県 https://t.co/BNNidkTVUL,2016-08-06 05:54:11,
I'm at 新浦安駅 in 浦安市 千葉県 https://t.co/2NZFHefuRJ,2016-08-06 06:59:11,
(@ ドトールコーヒーショップ アトレ新浦安店 in 浦安市 千葉県) https://t.co/3OsyvBnBhN,2016-08-06 07:09:41,
I'm at 新浦安駅 in 浦安市 千葉県 https://t.co/VT3aXmSmqT,2016-08-06 07:26:12,
I'm at 新浦安駅 in 浦安市 千葉県 https://t.co/wz2eqylaeA,2016-08-06 07:27:24,
隣駅まで (@ 新浦安駅 in 浦安市 千葉県) https://t.co/tlMW6tPmFY,2016-08-06 10:19:41,
I'm at NEWDAYS 新浦安 - @newdays_jp in 浦安市 千葉県 https://t.co/s85CYMkROv,2016-08-06 10:49:00,
I'm at 新浦安駅 in 浦安市 千葉県 https://t.co/Z7j136CuP2,2016-08-06 10:49:07,
I'm at 新浦安駅 in 浦安市 千葉県 https://t.co/j7fl1bTukm,2016-08-06 14:30:48,
I'm at 新浦安駅 in 浦安市 千葉県 https://t.co/SHmSZjnhjw,2016-08-06 17:27:29,
I'm at 新浦安駅 in 浦安市 千葉県 https://t.co/gSXEkwcqFI,2016-08-06 17:50:45,
I'm at 新浦安駅 in 浦安市 千葉県 https://t.co/Zoy6vs3flN,2016-08-06 20:47:45,
I'm at 新浦安駅 in 浦安市 千葉県 https://t.co/TXrFWVUdp5,2016-08-06 21:37:20,
帰るぅぅぅ (@ 新浦安駅 in 浦安市 千葉県) https://t.co/mHfUGsWJPD,2016-08-06 22:27:00,
あっつい、家に帰らんと (@ 新浦安駅 in 浦安市 千葉県) https://t.co/FVhJ9XC9Ms,2016-08-07 08:25:44,
I'm at 新浦安駅 in 浦安市 千葉県 https://t.co/yWUdLUZ5uo,2016-08-07 09:04:39,
I'm at 新浦安駅 in 浦安市 千葉県 https://t.co/Wtsmh8fDhd,2016-08-07 09:11:49,
I'm at NEWDAYS 新浦安 - @newdays_jp in 浦安市 千葉県 https://t.co/yk7yVuqkF6,2016-08-07 10:37:23,
I'm at 新浦安駅 in 浦安市 千葉県 https://t.co/vuj5fcqvhv,2016-08-07 10:37:28,
I'm at 新浦安駅 in 浦安市 千葉県 https://t.co/DJgUZOJbYJ,2016-08-07 11:03:06,
I'm at 新浦安駅 in 浦安市 千葉県 https://t.co/QzroR7sIqg,2016-08-07 11:28:09,
I'm at アトレ新浦安 in 浦安市 千葉県 https://t.co/eqV5FQuKTf,2016-08-07 16:26:27,
I'm at NEWDAYS 新浦安 - @newdays_jp in 浦安市 千葉県 https://t.co/8Cl0EjwB5C,2016-08-08 08:18:39,
I'm at 新浦安駅 in 浦安市 千葉県 https://t.co/8B80jJxYid,2016-08-08 08:18:45,
I'm at 新浦安駅 in 浦安市 千葉県 https://t.co/rb0o32CdnN,2016-08-08 09:05:49,
I'm at 新浦安駅 in 浦安市 千葉県 https://t.co/kCoNG2k0s2,2016-08-08 13:10:52,
I'm at 新浦安駅 in 浦安市 千葉県 https://t.co/gx1yT3lq7D,2016-08-08 15:29:40,
3日ぶりの食事です (@ コメダ珈琲店 新浦安店 - @komedaofficial in 浦安市 千葉県) https://t.co/CPvvSdNWg9,2016-08-08 16:27:28,
I'm at 新浦安駅 in 浦安市 千葉県 https://t.co/r2sO8ioQVb,2016-08-08 19:09:40,
ディズニーランド！！！！！とにかく楽しかったもう楽しすぎた明日はディズニーシーーーーー！！！#disneyland#instagood#instalike#l4l @… https://t.co/d4XykSFD7R,2016-08-08 21:01:30,
ディズニーランド！！！！！とにかく楽しかったもう楽しすぎた明日はディズニーシーーーーー！！！ #disneyland#instagood#instalike#l4l#nikon1j5… https://t.co/d4XykSFD7R,2016-08-08 22:05:13,
I'm at 新浦安駅 in 浦安市 千葉県 https://t.co/zLG3tikwni,2016-08-08 22:18:24,
もう本当に今日の醍醐味。彩涼華舞。なぜ鑑賞エリアの最前が当たったのか奇跡としか言えないそしてこの楽しみよう悲鳴ようなキンキン声むしろ悲鳴笑完全防備なつーおどーりーみやびけんらん… https://t.co/2LiyVvY6ub,2016-08-08 23:42:59,
I'm at 新浦安駅 in 浦安市 千葉県 https://t.co/HBZ7zu1lao,2016-08-09 00:10:35,
I'm at NEWDAYS 新浦安 - @newdays_jp in 浦安市 千葉県 https://t.co/SSo97be9GP,2016-08-09 08:23:02,
I'm at 新浦安駅 in 浦安市 千葉県 https://t.co/4wDaj4ec2n,2016-08-09 08:23:11,
#ディズニーリゾートライン 待ってまで撮ってたのは俺だけw @ 東京ディズニーランド（Tokyo Disneyland） https://t.co/jdcCKELYbn,2016-08-09 11:38:07,
I'm at 新浦安駅 in 浦安市 千葉県 https://t.co/rRxNgQa2E9,2016-08-09 12:16:25,
京葉線界隈来たら恒例 (@ 新浦安駅 in 浦安市 千葉県) https://t.co/GQ1j9y0gMy,2016-08-09 15:15:50,
.2016.8.9#ディズニーランド#きょうも閉園まで#ドナルドコーデ#だいすき#たのしい#あと1日#,2016-08-10 01:02:47,
I'm at 新浦安駅 in 浦安市 千葉県 https://t.co/clIj63RCj0,2016-08-10 06:02:14,
I'm at NEWDAYS 新浦安 - @newdays_jp in 浦安市 千葉県 https://t.co/9cYuuMTSey,2016-08-10 08:18:10,
I'm at 新浦安駅 in 浦安市 千葉県 https://t.co/bgjR2gyPQf,2016-08-10 08:18:16,
住みたい街、液状化の街 (@ 新浦安駅 in 浦安市 千葉県) https://t.co/4dC2NbvAnM,2016-08-10 16:25:35,
I'm at 新浦安駅 in 浦安市 千葉県 https://t.co/ZffgNRQUZe,2016-08-10 17:12:17,
I'm at 新浦安駅 in 浦安市 千葉県 https://t.co/8AR2drCDS0,2016-08-10 18:29:54,
I'm at アトレ新浦安 in 浦安市 千葉県 https://t.co/NmAYIGireX,2016-08-10 18:38:54,
I'm at 新浦安駅 in 浦安市 千葉県 https://t.co/Mb2vUqBR1G,2016-08-10 23:05:37,
快速待ち (@ 新浦安駅 in 浦安市 千葉県) https://t.co/jXA1QT2BJy,2016-08-11 12:48:13,
I'm at NEWDAYS 新浦安 - @newdays_jp in 浦安市 千葉県 https://t.co/Zgl20vXFyY,2016-08-11 12:55:04,
I'm at 新浦安駅 in 浦安市 千葉県 https://t.co/fC2yllon7b,2016-08-11 12:55:10,
駐輪 (@ 新浦安駅 in 浦安市 千葉県) https://t.co/qqo6NXX9M6,2016-08-11 14:24:41,
I'm at アトレ新浦安 in 浦安市 千葉県 https://t.co/MFjHJpNbgH,2016-08-11 14:24:50,
I'm at ドトールコーヒーショップ アトレ新浦安店 in 浦安市 千葉県 https://t.co/7zrYKD7kCC,2016-08-11 14:24:58,
本日2杯めの?レッツ冷コー！／ @ ドトールコーヒー新浦安アトレ店 https://t.co/S0An9TSBNb,2016-08-11 14:26:15,
I'm at 新浦安駅 in 浦安市 千葉県 https://t.co/U4NbHsn0by,2016-08-11 14:34:49,
I'm at 新浦安駅 in 浦安市 千葉県 https://t.co/BUbnTFCyFU,2016-08-11 14:45:44,
I'm at 新浦安駅 in 浦安市 千葉県 https://t.co/MAECglvXhA,2016-08-11 15:30:05,
I'm at 新浦安駅 in 浦安市 千葉県 https://t.co/NUsgiPnWio,2016-08-11 16:02:02,
I'm at 新浦安駅 in 浦安市 千葉県 https://t.co/HNUPtuXg2L,2016-08-11 16:18:10,
【 #ソフモヒ 風】癖毛なら短髪にして #ジェル で固めちゃえば解決♪#gel #短髪 #pomade #gross #hairdresserlife #barber… https://t.co/0AUduO76L1,2016-10-06 12:51:06,
I'm at 新浦安駅 in 浦安市 千葉県 https://t.co/Ex3lQoLZ2L,2016-10-06 15:19:54,
I'm at 新浦安駅 in 浦安市 千葉県 https://t.co/YjATG6m6rZ,2016-10-06 16:35:58,
I'm at 新浦安駅 3-4番線ホーム in 浦安市 千葉県 https://t.co/vjxHvBM22n,2016-10-06 16:36:04,
【 #Barber #style 】#ソフト 系プロダクトをオン。粗めのコームでフィニッシュ。#美容師 #美容室 #taka #barbers #barbershop… https://t.co/lHZijWmkl5,2016-10-06 16:37:33,
武蔵野線 乗 (@ 新浦安駅 in 浦安市 千葉県) https://t.co/OsOB6m12O2,2016-10-06 17:39:10,
I'm at 新浦安駅 in 浦安市 千葉県 https://t.co/3aMDCalnfX,2016-10-06 19:15:06,
I'm at 新浦安駅 1-2番線ホーム in 浦安市 千葉県 https://t.co/HaRTNFd1s7,2016-10-06 21:02:16,
楽しい時間はあっという間,2016-10-06 22:44:56,
〜アップグレード〜#2人だけどトリプル,2016-10-06 22:59:14,
〜懐かしい〜#顔ぶれ#大会に参加すると懐かしいかお @ 浦安ブライトンホテル https://t.co/nFQ1PisXNg,2016-10-06 23:03:32,
ディズニー行かないのに、ディズニーのホテルで内定式とか辛い,2016-10-06 23:10:12,
〜懐かしい〜#顔ぶれに逢えるのも楽しみ,2016-10-07 00:12:01,
〜第2部〜#パーティ,2016-10-07 00:46:02,
I'm at NEWDAYS 新浦安 - @newdays_jp in 浦安市 千葉県 https://t.co/pU1JyqNJ68,2016-10-07 08:22:51,
I'm at 新浦安駅 in 浦安市 千葉県 https://t.co/5o3jtEfu3U,2016-10-07 08:23:01,
I'm at 新浦安駅 in 浦安市 千葉県 https://t.co/3CFTmRjwbA,2016-10-07 10:15:29,
I'm at 新浦安駅 in 浦安市 千葉県 https://t.co/jkiS8aHHst,2016-10-07 11:56:55,
I'm at 新浦安駅 1-2番線ホーム in 浦安市 千葉県 https://t.co/8FNyB2K8Uq,2016-10-07 13:25:58,
I'm at 新浦安駅 in 浦安市 千葉県 https://t.co/cb7H8XPBRj,2016-10-07 13:26:03,
I'm at 新浦安駅 in 浦安市 千葉県 https://t.co/SRPKe8stHZ,2016-10-07 16:30:50,
I'm at 新浦安駅 in 浦安市 千葉県 https://t.co/HydScOrt1N,2016-10-07 17:11:43,
I'm at 新浦安駅 3-4番線ホーム in 浦安市 千葉県 https://t.co/qjvdxzQUCV,2016-10-07 17:11:54,
I'm at 新浦安駅 in 浦安市 千葉県 https://t.co/8v6Q9oIv6q,2016-10-07 17:13:08,
涼しいから徒歩帰宅再開 (@ 新浦安駅 in 浦安市 千葉県) https://t.co/uu5D8SJpEG,2016-10-07 18:35:07,
モーニングセットmogmog (@ ドトールコーヒーショップ アトレ新浦安店 in 浦安市 千葉県) https://t.co/n8SDuSqowm,2016-10-08 07:08:32,
I'm at 新浦安駅 in 浦安市 千葉県 https://t.co/cPiheKyAhM,2016-10-08 12:19:25,
I'm at 新浦安駅 in 浦安市 千葉県 https://t.co/cPWpROpowO,2016-10-08 13:45:13,
I'm at 新浦安駅 in 浦安市 千葉県 https://t.co/QqqwPZ7fCA,2016-10-08 19:14:25,
I'm at 新浦安駅 in 浦安市 千葉県 https://t.co/1aXtTxYHVu,2016-10-08 21:37:10,
I'm at 新浦安駅 in 浦安市 千葉県 https://t.co/s3EZu5c2Et,2016-10-09 19:15:22,
ねりゅ (@ 新浦安駅 in 浦安市 千葉県) https://t.co/fzezzhKgqZ,2016-10-09 20:09:10,
｢新｣浦安。ちなみに浦安は地下鉄の方。#九尾の房総紀行another (@ 新浦安駅 in 浦安市 千葉県) https://t.co/LAG5lCvlCr,2016-10-09 20:49:56,
I'm at 新浦安駅 3-4番線ホーム in 浦安市 千葉県 https://t.co/FzSroPPqQk,2016-10-10 10:15:11,
I'm at 新浦安駅 in 浦安市 千葉県 https://t.co/aGxKldbHkJ,2016-10-10 10:15:18,
I'm at 新浦安駅 in 浦安市 千葉県 https://t.co/Fw5FA9H9lv,2016-10-10 16:38:39,
I'm at 新浦安駅 3-4番線ホーム in 浦安市 千葉県 https://t.co/p6Gp1UZQ4t,2016-10-10 16:53:16,
I'm at NEWDAYS 新浦安 - @newdays_jp in 浦安市 千葉県 https://t.co/uTI0uVLr3B,2016-10-10 18:42:14,
I'm at 新浦安駅 in 浦安市 千葉県 https://t.co/DIwylVX3TT,2016-10-10 18:42:21,
I'm at アトレ新浦安 in 浦安市 千葉県 https://t.co/3cHVyKgEDd,2016-10-10 18:42:28,
歓送迎会なう。 (@ 月の坊 新浦安店 in Urayasu 千葉県) https://t.co/NFJ0oqlqFh,2016-10-10 21:50:24,
I'm at 新浦安駅 in 浦安市 千葉県 https://t.co/Gt3LcCPkvo,2016-10-11 05:53:53,
I'm at NEWDAYS 新浦安 - @newdays_jp in 浦安市 千葉県 https://t.co/NuG394Uddq,2016-10-11 08:25:20,
I'm at 新浦安駅 in 浦安市 千葉県 https://t.co/JYBeyZo7RI,2016-10-11 08:25:27,
I'm at みずほ銀行 新浦安支店 in Urayasu 千葉県 https://t.co/GF4WT59myb,2016-10-11 13:07:39,
I'm at 新浦安駅 3-4番線ホーム in 浦安市 千葉県 https://t.co/FlAmwayY9q,2016-10-11 13:19:02,
I'm at 新浦安駅 in 浦安市 千葉県 https://t.co/E2LdLcixkH,2016-10-11 13:19:07,
I'm at 新浦安駅 in 浦安市 千葉県 https://t.co/T5aBqof5pJ,2016-10-11 17:25:52,
I'm at 新浦安駅 3-4番線ホーム in 浦安市 千葉県 https://t.co/Of4BOybr4l,2016-10-11 17:26:04,
大沢木家はどこですか？ (@ 新浦安駅 in 浦安市 千葉県) https://t.co/xCsXYcftF4,2016-10-11 18:25:28,
I'm at 新浦安駅 1-2番線ホーム in 浦安市 千葉県 https://t.co/b6wQvQkpaz,2016-10-12 10:18:51,
I'm at 新浦安駅 in 浦安市 千葉県 https://t.co/C220Wuaq8x,2016-10-12 10:18:58,
I'm at 新浦安駅 in 浦安市 千葉県 https://t.co/Y1PSkaKOfE,2016-10-12 16:28:10,
I'm at 新浦安駅 3-4番線ホーム in 浦安市 千葉県 https://t.co/jwnrpwDYnj,2016-10-12 16:28:26,
I'm at NEWDAYS 新浦安 - @newdays_jp in 浦安市 千葉県 https://t.co/z93Y6ZWX1c,2016-10-12 20:02:20,
I'm at 新浦安駅 in 浦安市 千葉県 https://t.co/kiBdoeU80R,2016-10-12 20:02:25,
I'm at 新浦安駅 in 浦安市 千葉県 https://t.co/ngHdvnyIL0,2016-10-12 23:03:13,
I'm at NEWDAYS 新浦安 - @newdays_jp in 浦安市 千葉県 https://t.co/mZuaeVtBWU,2016-10-13 08:20:33,
I'm at 新浦安駅 in 浦安市 千葉県 https://t.co/nmzrt006kp,2016-10-13 08:20:40,
I'm at 新浦安駅 1-2番線ホーム in 浦安市 千葉県 https://t.co/w8D3XBGgqx,2016-10-13 08:57:11,
I'm at 新浦安駅 in 浦安市 千葉県 https://t.co/zJjQJSZD55,2016-10-13 08:57:18,
I'm at 新浦安駅 in 浦安市 千葉県 https://t.co/25GtteySIm,2016-10-13 16:29:49,
I'm at 新浦安駅 3-4番線ホーム in 浦安市 千葉県 https://t.co/DVJnNLYliY,2016-10-13 16:30:03,
I'm at 新浦安駅 in 浦安市 千葉県 https://t.co/ZaZ35m5LQX,2016-10-13 18:53:18,
I'm at 新浦安駅 in 浦安市 千葉県 https://t.co/tLy40i8hZF,2016-10-14 05:53:53,
I'm at NEWDAYS 新浦安 - @newdays_jp in 浦安市 千葉県 https://t.co/fI1VjAernV,2016-10-14 09:50:50,
I'm at 新浦安駅 in 浦安市 千葉県 https://t.co/e5BhaNkbul,2016-10-14 09:50:56,
I'm at サイゼリヤ アトレ新浦安店 in 浦安市 千葉県 https://t.co/XWTqgS6daa,2016-10-14 11:44:47,
I'm at 新浦安駅 in 浦安市 千葉県 https://t.co/6wLYvF3maZ,2016-10-14 13:13:55,
I'm at 新浦安駅 in 浦安市 千葉県 https://t.co/CchSh5WWai,2016-10-14 16:35:58,
I'm at 新浦安駅 3-4番線ホーム in 浦安市 千葉県 https://t.co/0V8hRAywV6,2016-10-14 16:36:07,
I'm at 新浦安駅 in 浦安市 千葉県 https://t.co/13jdgXZ7fj,2016-10-14 19:18:45,
Just posted a photo @ アトレ新浦安 https://t.co/D4uJvaGH9r,2016-10-15 11:26:44,
I'm at 新浦安駅 in 浦安市 千葉県 https://t.co/egf7vE7mnx,2016-10-15 12:02:28,
ルンチ ♪ (@ コメダ珈琲店 新浦安店 - @komedaofficial in 浦安市 千葉県) https://t.co/dIKQybhxt7,2016-10-15 12:21:52,
I'm at 新浦安駅 in 浦安市 千葉県 https://t.co/sqisGxOt7A,2016-10-15 12:49:02,
I'm at NEWDAYS 新浦安 - @newdays_jp in 浦安市 千葉県 https://t.co/pLky7CoJxG,2016-10-15 15:41:55,
I'm at 新浦安駅 in 浦安市 千葉県 https://t.co/gFVORVIZo4,2016-10-15 15:42:01,
I'm at 新浦安駅 in 浦安市 千葉県 https://t.co/3ouK4wgkzt,2016-10-15 17:50:40,
I'm at 新浦安駅 in 浦安市 千葉県 https://t.co/iob6gGwneS,2016-10-15 19:36:22,
I'm at コメダ珈琲店 新浦安店 in 浦安市 千葉県 https://t.co/j2WLaw8RTp,2016-10-16 07:37:11,
I'm at NEWDAYS 新浦安 - @newdays_jp in 浦安市 千葉県 https://t.co/l6m1N85Ijv,2016-10-16 10:50:32,
I'm at 新浦安駅 in 浦安市 千葉県 https://t.co/pvAxkybSvw,2016-10-16 10:50:38,
駐輪 (@ 新浦安駅 in 浦安市 千葉県) https://t.co/pySgcayyLO,2016-10-16 11:13:47,
I'm at 新浦安駅 in 浦安市 千葉県 https://t.co/PtpRSLmz6m,2016-10-16 11:20:31,
あれこれ。100均ではカード使えない (@ セリア モナ新浦安店 in 浦安市 千葉県) https://t.co/w7T1XWqsXo,2016-10-16 11:54:11,
I'm at 新浦安駅 in 浦安市 千葉県 https://t.co/puTSIbzqwi,2016-10-16 18:20:34,
【 ネオ #クラシカル 】真新しさを出すのに軽い動きを♪I made new classic style. Just plus movement for square… https://t.co/4cYnfC53Ly,2016-10-16 19:44:10,
I'm at 新浦安駅 in 浦安市 千葉県 https://t.co/2DpnmXSN2r,2016-10-16 21:10:38,
I'm at NEWDAYS 新浦安 - @newdays_jp in 浦安市 千葉県 https://t.co/SyblhByiCG,2016-10-17 08:25:31,
I'm at 新浦安駅 in 浦安市 千葉県 https://t.co/8rqGsblu62,2016-10-17 08:25:37,
I'm at 新浦安駅 3-4番線ホーム in 浦安市 千葉県 https://t.co/KIb3Dl6jcX,2016-10-17 10:24:04,
I'm at 新浦安駅 in 浦安市 千葉県 https://t.co/Ig5B3XarRE,2016-10-17 10:24:09,
I'm at 新浦安駅 in 浦安市 千葉県 https://t.co/AaJmo8Lm0O,2016-10-17 17:47:37,
I'm at 新浦安駅 3-4番線ホーム in 浦安市 千葉県 https://t.co/S3LEnLTTMf,2016-10-17 17:47:43,
へ？あ、今朝の人？www,2016-10-17 18:31:33,
I'm at NEWDAYS 新浦安 - @newdays_jp in 浦安市 千葉県 https://t.co/eHbnRvKd9n,2016-10-18 08:25:21,
I'm at 新浦安駅 in 浦安市 千葉県 https://t.co/Sun2WnA6Xp,2016-10-18 08:25:27,
I'm at 新浦安駅 1-2番線ホーム in 浦安市 千葉県 https://t.co/gwWD04HTpV,2016-10-18 10:05:06,
I'm at 新浦安駅 in 浦安市 千葉県 https://t.co/oWA3pJcqWv,2016-10-18 10:05:14,
でかけますよ (@ 新浦安駅 in 浦安市 千葉県) https://t.co/msIEbr52w8,2016-10-18 15:22:29,
【 #束感 #ショート 】This is a famous for #Japanese young men.簡単な束感カット♪#tokyo #hairstyle #menshair… https://t.co/MRAPNfgPeW,2016-10-18 15:52:46,
I'm at コメダ珈琲店 新浦安店 - @komedaofficial in 浦安市 千葉県 https://t.co/8wMcHD9nW2,2016-10-18 17:11:22,
|///|ヽ(ﾟДﾟ )ﾉ|///|ﾀﾀﾞｲﾏｰ (@ 新浦安駅 in 浦安市 千葉県) https://t.co/9HQkOpVGs4,2016-10-18 17:35:08,
I'm at 新浦安駅 in 浦安市 千葉県 https://t.co/q4G9HSumO7,2016-10-18 17:40:53,
I'm at 新浦安駅 3-4番線ホーム in 浦安市 千葉県 https://t.co/8hzOzBJ02o,2016-10-18 17:41:02,
I'm at 新浦安駅 in 浦安市 千葉県 https://t.co/aNkGDqBTCG,2016-10-18 18:26:15,
I'm at 新浦安駅 in 浦安市 千葉県 https://t.co/tkIl9UPy4J,2016-10-18 20:11:00,
I'm at 新浦安駅 in 浦安市 千葉県 https://t.co/3RoeopjlSd,2016-10-18 22:26:07,
I'm at NEWDAYS 新浦安 - @newdays_jp in 浦安市 千葉県 https://t.co/8JoAsgmxiy,2016-10-19 08:24:54,
I'm at 新浦安駅 in 浦安市 千葉県 https://t.co/qLk0rhQMr2,2016-10-19 08:25:03,
I'm at 新浦安駅 1-2番線ホーム in 浦安市 千葉県 https://t.co/H3hkohxI5o,2016-10-19 12:50:07,
I'm at 新浦安駅 in 浦安市 千葉県 https://t.co/QqKLHLn5ro,2016-10-19 12:50:12,
I'm at 新浦安駅 in 浦安市 千葉県 https://t.co/lUS9qj7P7M,2016-10-19 17:12:28,
I'm at 新浦安駅 3-4番線ホーム in 浦安市 千葉県 https://t.co/yOkPkkxFMm,2016-10-19 17:12:37,
I'm at 新浦安駅 in 浦安市 千葉県 https://t.co/V7Fqcr0rcl,2016-10-19 22:50:58,
I'm at NEWDAYS 新浦安 - @newdays_jp in 浦安市 千葉県 https://t.co/rt4RWmrnFh,2016-10-20 08:25:16,
I'm at 新浦安駅 in 浦安市 千葉県 https://t.co/oQ4h5Nkl4J,2016-10-20 08:25:23,
東京TDLに向かう声優さんがいるのでは？という思いだけで毎日頑張ってます (@ 新浦安駅 in 浦安市 千葉県) https://t.co/39PkVRcrrz,2016-10-20 08:49:46,
I'm at 新浦安駅 in 浦安市 千葉県 https://t.co/Xgjemvns6i,2016-10-20 09:21:49,
I'm at 新浦安駅 1-2番線ホーム in 浦安市 千葉県 https://t.co/P1RQhWfV1i,2016-10-20 09:32:43,
I'm at 新浦安駅 in 浦安市 千葉県 https://t.co/wAnmpOb5x4,2016-10-20 09:32:57,
定期券の更新へ (@ 新浦安駅 in 浦安市 千葉県) https://t.co/U8g4UQQOol,2016-10-20 11:06:43,
I'm at 新浦安駅 in 浦安市 千葉県 https://t.co/ULeefhcrWO,2016-10-20 16:58:24,
I'm at 新浦安駅 3-4番線ホーム in 浦安市 千葉県 https://t.co/Z2niRmvRll,2016-10-20 16:58:31,
I'm at 新浦安駅 in 浦安市 千葉県 https://t.co/QUJ9Yjojcq,2016-10-21 07:19:42,
I'm at NEWDAYS 新浦安 - @newdays_jp in 浦安市 千葉県 https://t.co/z7TrcfpeVU,2016-10-21 08:22:45,
I'm at 新浦安駅 in 浦安市 千葉県 https://t.co/0sqDGPxSMg,2016-10-21 08:22:51,
I'm at 新浦安駅 in 浦安市 千葉県 https://t.co/jdSnBa8j0j,2016-10-21 09:55:27,
I'm at 新浦安駅 3-4番線ホーム in 浦安市 千葉県 https://t.co/uF7RnWswXX,2016-10-21 12:52:46,
I'm at 新浦安駅 3-4番線ホーム in 浦安市 千葉県 https://t.co/LNrdyz9bBN,2016-10-21 14:24:29,
チェックイン忘れ (@ 新浦安駅 in 浦安市 千葉県) https://t.co/exzrhb2bt4,2016-10-21 14:24:55,
I'm at 新浦安駅 in 浦安市 千葉県 https://t.co/RSaOSdZNOm,2016-10-21 16:30:56,
I'm at 新浦安駅 3-4番線ホーム in 浦安市 千葉県 https://t.co/MHocDnnz6K,2016-10-21 16:51:28,
I'm at 新浦安駅 in 浦安市 千葉県 https://t.co/WQJf2Hlkeg,2016-10-21 18:01:41,
快速待ち合わせ (@ 新浦安駅 in 浦安市 千葉県) https://t.co/ZgKRz5izSp,2016-10-22 07:00:38,
I'm at 新浦安駅 in 浦安市 千葉県 https://t.co/Qdgu67YCn9,2016-10-22 09:16:33,
I'm at 新浦安駅 in 浦安市 千葉県 https://t.co/avJWhdl7Fc,2016-10-22 11:01:24,
I'm at NEWDAYS 新浦安 - @newdays_jp in 浦安市 千葉県 https://t.co/RIVfNeJlSP,2016-10-22 11:40:34,
I'm at 新浦安駅 in 浦安市 千葉県 https://t.co/SCUns70TbI,2016-10-22 11:40:41,
I'm at 新浦安駅 in 浦安市 千葉県 https://t.co/ZV0z7lCPPJ,2016-10-22 13:36:54,
I'm at アトレ新浦安 in 浦安市 千葉県 https://t.co/h7DN9iqXCw,2016-10-22 14:39:40,
I'm at 新浦安駅 in 浦安市 千葉県 https://t.co/JYOzMZAQmL,2016-10-22 14:46:35,
I'm at 新浦安駅 in 浦安市 千葉県 https://t.co/z3x06cyc5A,2016-10-22 15:27:08,
I'm at 野田屋のおむすび アトレ新浦安店 in Urayasu 千葉県 https://t.co/3eIaHav7jv,2016-10-22 15:31:34,
ATOS化後、初の下車。 (@ 新浦安駅 in 浦安市 千葉県) https://t.co/dcKDT3NsOu,2016-10-22 17:04:02,
早くも反省会？w (@ コメダ珈琲店 新浦安店 - @komedaofficial in 浦安市 千葉県) https://t.co/adoTiUSWoh,2016-10-23 08:56:39,
スムーズ進みすぎたし仮眠とろっと (@ 新浦安駅 in 浦安市 千葉県) https://t.co/HlXzDJR0Ua,2016-10-23 09:33:38,
I'm at コメダ珈琲店 新浦安店 - @komedaofficial in 浦安市 千葉県 w/ @takeshi_shiva @masuyan_1975_13 https://t.co/xGGMs8k2Ec,2016-10-23 09:39:14,
じゃあの (@ 新浦安駅 in 浦安市 千葉県) https://t.co/RneBnee1ky,2016-10-23 09:46:30,
I'm at NEWDAYS 新浦安 - @newdays_jp in 浦安市 千葉県 https://t.co/c8SvwGFwCk,2016-10-23 13:37:32,
I'm at 新浦安駅 in 浦安市 千葉県 https://t.co/XY0Xk4D8uS,2016-10-23 13:37:42,
I'm at 新浦安駅 in 浦安市 千葉県 https://t.co/f1byuajtmE,2016-10-23 16:01:34,
#ニルニル芋煮ハロウィン！ 楽しかったです?次もあるようなので楽しみ…！最後まで人見知りのソロ参戦でしたが笑、皆様ありがとうございました,2016-10-23 17:13:24,
I'm at 新浦安駅 in 浦安市 千葉県 https://t.co/n8jxIsIm8P,2016-10-23 17:17:37,
|///|ヽ(ﾟДﾟ )ﾉ|///|ﾀﾀﾞｲﾏｰ (@ 新浦安駅 in 浦安市 千葉県) https://t.co/h0VaEjdekX,2016-10-23 17:39:28,
I'm at 新浦安駅 in 浦安市 千葉県 https://t.co/7xN3anQ86w,2016-10-23 18:04:22,
I'm at 新浦安駅 in 浦安市 千葉県 https://t.co/80BYQUj6fW,2016-10-24 01:00:16,
I'm at NEWDAYS 新浦安 - @newdays_jp in 浦安市 千葉県 https://t.co/hy6XJlcKoN,2016-10-24 08:27:02,
I'm at 新浦安駅 in 浦安市 千葉県 https://t.co/JoEoreN4Y6,2016-10-24 08:27:09,
I'm at 新浦安駅 in 浦安市 千葉県 https://t.co/VH5FsqAc5y,2016-10-24 09:10:05,
I'm at 新浦安駅 1-2番線ホーム in 浦安市 千葉県 https://t.co/ROSxzU91bE,2016-10-24 10:13:13,
I'm at 新浦安駅 in 浦安市 千葉県 https://t.co/ERpnmio85Q,2016-10-24 10:13:30,
I'm at アトレ新浦安 in 浦安市 千葉県 https://t.co/nvpnviiHAO,2016-10-24 16:36:58,
I'm at 新浦安駅 in 浦安市 千葉県 https://t.co/Zn51E6yZpT,2016-10-24 16:50:43,
I'm at 新浦安駅 3-4番線ホーム in 浦安市 千葉県 https://t.co/eqqknqjs7n,2016-10-24 16:50:52,
I'm at 新浦安駅 in 浦安市 千葉県 https://t.co/xpmaA9dDgf,2016-10-24 18:25:33,
I'm at NEWDAYS 新浦安 - @newdays_jp in 浦安市 千葉県 https://t.co/tZJ9ggPYnw,2016-10-25 08:25:38,
I'm at 新浦安駅 in 浦安市 千葉県 https://t.co/MG2k60B2pd,2016-10-25 08:25:43,
I'm at Shin-Urayasu Station in 浦安市 千葉県 https://t.co/yiE7CwBIIi,2016-10-25 09:23:43,
I'm at 新浦安駅 1-2番線ホーム in 浦安市 千葉県 https://t.co/xygKEGVYSa,2016-10-25 10:06:37,
I'm at 新浦安駅 in 浦安市 千葉県 https://t.co/YZ69SjBzNW,2016-10-25 10:06:43,
I'm at 新浦安駅 in 浦安市 千葉県 https://t.co/KhusfrhPeA,2016-10-25 16:23:02,
I'm at 新浦安駅 in 浦安市 千葉県 https://t.co/f6pimOgvcK,2016-10-25 16:34:55,
I'm at 新浦安駅 3-4番線ホーム in 浦安市 千葉県 https://t.co/TiUCJZRGiZ,2016-10-25 16:35:04,
I'm at 新浦安駅 in 浦安市 千葉県 https://t.co/e0TSloIYgH,2016-10-25 18:20:20,
I'm at NEWDAYS 新浦安 - @newdays_jp in 浦安市 千葉県 https://t.co/7v0mH62o2U,2016-10-26 08:25:01,
I'm at 新浦安駅 in 浦安市 千葉県 https://t.co/vBGOapkbk8,2016-10-26 08:25:09,
I'm at 新浦安駅 1-2番線ホーム in 浦安市 千葉県 https://t.co/1STcQ71GA2,2016-10-26 10:16:37,
I'm at 新浦安駅 in 浦安市 千葉県 https://t.co/GzvDagF6ut,2016-10-26 11:49:50,
I'm at 新浦安駅 in 浦安市 千葉県 https://t.co/wG7h2z083O,2016-10-26 16:27:16,
I'm at 新浦安駅 3-4番線ホーム in 浦安市 千葉県 https://t.co/qVbwzGUkC6,2016-10-26 16:27:23,
I'm at 新浦安駅 in 浦安市 千葉県 https://t.co/woJjqZ3pzJ,2016-10-26 19:08:50,
I'm at アトレ新浦安 in 浦安市 千葉県 https://t.co/vvtxRFM0go,2016-10-26 20:16:51,
修学旅行４日目 ??,2016-10-26 21:59:43,
I'm at NEWDAYS 新浦安 - @newdays_jp in 浦安市 千葉県 https://t.co/DZHvrhj68V,2016-10-27 08:25:58,
I'm at 新浦安駅 in 浦安市 千葉県 https://t.co/KNVK8sQXbq,2016-10-27 08:26:03,
I'm at 新浦安駅 1-2番線ホーム in 浦安市 千葉県 https://t.co/kqdyFdH4tb,2016-10-27 08:40:27,
I'm at 新浦安駅 in 浦安市 千葉県 https://t.co/NT11COJENH,2016-10-27 08:40:33,
I'm at 新浦安駅 in 浦安市 千葉県 https://t.co/alyVAJ1VR1,2016-10-27 09:14:34,
I'm at 新浦安駅 in 浦安市 千葉県 https://t.co/51E29rtAXA,2016-10-27 14:45:13,
I'm at 新浦安駅 in 浦安市 千葉県 https://t.co/JhiUL9Sdp2,2016-10-27 18:13:54,
I'm at 新浦安駅 3-4番線ホーム in 浦安市 千葉県 https://t.co/kOezL9HRBP,2016-10-27 18:14:05,
I'm at 新浦安駅 in 浦安市 千葉県 https://t.co/JBqayTuJwe,2016-10-27 18:51:28,
先ほど稲毛海岸駅で人身事故発生とのこと。電車はしばらくここで停車…(^^;; (@ 新浦安駅 1-2番線ホーム in 浦安市 千葉県) https://t.co/mClSs6RCai,2016-10-27 20:04:37,
I'm at 新浦安駅 3-4番線ホーム in 浦安市 千葉県 https://t.co/3RAVcNctIp,2016-10-28 12:27:49,
I'm at 新浦安駅 1-2番線ホーム in 浦安市 千葉県 https://t.co/lVpMqk5OcQ,2016-10-28 12:28:02,
I'm at 新浦安駅 in 浦安市 千葉県 https://t.co/YvN8lgC3f2,2016-10-28 12:28:14,
I'm at NEWDAYS 新浦安 - @newdays_jp in 浦安市 千葉県 https://t.co/am7vq8YzfB,2016-10-28 14:56:04,
I'm at 新浦安駅 in 浦安市 千葉県 https://t.co/7dSURZRYB8,2016-10-28 14:56:11,
他店ヘルプで一仕事して来よか,2016-10-28 17:27:21,
I'm at 新浦安駅 in 浦安市 千葉県 https://t.co/VM9rBx7OTi,2016-10-28 19:23:15,
I'm at 新浦安駅 3-4番線ホーム in 浦安市 千葉県 https://t.co/QTC8bjmzuZ,2016-10-28 19:23:27,
I'm at アトレ新浦安 in 浦安市 千葉県 https://t.co/6g0HNx1TQO,2016-10-28 19:55:13,
I'm at 新浦安駅 in 浦安市 千葉県 https://t.co/WaZE9z3dL3,2016-10-29 00:26:31,
モーニングセットmogmog (@ ドトールコーヒーショップ アトレ新浦安店 in 浦安市 千葉県) https://t.co/ozAWa88OtH,2016-10-29 07:04:58,
I'm at NEWDAYS 新浦安 - @newdays_jp in 浦安市 千葉県 https://t.co/F0Kafna2MM,2016-10-29 07:05:36,
I'm at 新浦安駅 in 浦安市 千葉県 https://t.co/OzF8f2grON,2016-10-29 07:05:43,
I'm at 新浦安駅 in 浦安市 千葉県 w/ @kounomiei https://t.co/cOWEXA0O73,2016-10-29 07:59:24,
I'm at 新浦安駅 in 浦安市 千葉県 https://t.co/jbsuiGTSbR,2016-10-29 12:52:44,
I'm at ドトールコーヒーショップ アトレ新浦安店 in 浦安市 千葉県 https://t.co/dTRrjy5Jxa,2016-10-29 13:38:08,
I'm at 新浦安駅 in 浦安市 千葉県 https://t.co/XxqLLKnvXk,2016-10-29 18:10:26,
金沢行く前に一仕事。。 (@ アトレ新浦安 in 浦安市 千葉県) https://t.co/dw15M72qDD,2016-10-29 18:11:22,
中学生の遠征が多いな。 (@ 新浦安駅 1-2番線ホーム in 浦安市 千葉県) https://t.co/UBbzGBIHuy,2016-10-30 06:51:41,
I'm at 新浦安駅 in 浦安市 千葉県 https://t.co/1VUi1E4WO3,2016-10-30 11:06:46,
I'm at 新浦安駅 in 浦安市 千葉県 https://t.co/LQalVg9XuW,2016-10-30 15:08:38,
|///|ヽ(ﾟДﾟ )ﾉ|///|ﾀﾀﾞｲﾏｰ (@ 新浦安駅 in 浦安市 千葉県) https://t.co/vf9izmF1ga,2016-10-30 18:36:03,
買出しまん (@ アトレ新浦安 in 浦安市 千葉県) https://t.co/kG0INoUXNX,2016-10-30 18:37:30,
I'm at 新浦安駅 in 浦安市 千葉県 https://t.co/MMb5yCvLkp,2016-10-30 21:48:24,
I'm at NEWDAYS 新浦安 - @newdays_jp in 浦安市 千葉県 https://t.co/1dPRnSSQON,2016-10-30 21:48:34,
新浦安から乗ってきた、少し白髪の混じる髪をしっかりポマードでキメてる450代リーマンさん。赤いJVCのイヤホンに目を奪われて眺めてたら、その先に繋がってるのスマホでもwalkmanでもなく、CDプレーヤー！だった！！！,2016-10-30 22:03:34,
,2016-10-31 00:55:48,
I'm at NEWDAYS 新浦安 - @newdays_jp in 浦安市 千葉県 https://t.co/xAng2OXUss,2016-10-31 08:25:33,
I'm at 新浦安駅 in 浦安市 千葉県 https://t.co/5uqRyfdb4r,2016-10-31 08:25:46,
I'm at 新浦安駅 1-2番線ホーム in 浦安市 千葉県 https://t.co/FQxhdj4llZ,2016-10-31 10:06:04,
I'm at 新浦安駅 in 浦安市 千葉県 https://t.co/RKyvoC9JVF,2016-10-31 10:06:10,
#ボブ ボブボブ。#barbetlife #hairdresserLife #tokyo #mylife #bob #circle #haircut #hairstyle… https://t.co/4khTsjDZ2p,2016-10-31 11:44:17,
#ボブ ボブボブ。#barberlife #hairstylist #haircut #hairdresserLife #vancouver #newyork #london #paris… https://t.co/xdDraqNlzJ,2016-10-31 12:05:38,
I'm at 新浦安駅 in 浦安市 千葉県 https://t.co/P4W5XB0Vfn,2016-10-31 18:08:19,
I'm at 新浦安駅 3-4番線ホーム in 浦安市 千葉県 https://t.co/AIVIlS3CMl,2016-10-31 18:08:30,
I'm at 新浦安駅 in 浦安市 千葉県 https://t.co/VZxAatoLn4,2016-10-31 21:45:21,
