ケヨ34編成 (@ 市川塩浜駅 in 市川市 千葉県) https://t.co/qnjYk0CF3Q https://t.co/CSw9WW2Qfu,2016-08-01 14:46:14,
ケヨ34編成 (@ 市川塩浜駅 in 市川市 千葉県) https://t.co/qnjYk0CF3Q https://t.co/zRlRbvL0kB,2016-08-01 14:46:16,
I'm at 市川塩浜駅 in 市川市 千葉県 https://t.co/3vylGuTvYe,2016-08-01 18:24:53,
I'm at 市川塩浜駅 in 市川市 千葉県 https://t.co/tWQ1jYeKW5,2016-08-02 18:22:51,
I'm at 市川塩浜駅 in 市川市 千葉県 https://t.co/ijvbyPm9J9,2016-08-04 18:24:12,
潮の香りがする (@ 市川塩浜駅 in 市川市 千葉県) https://t.co/dk0Jx6Pa4Z,2016-08-05 16:29:54,
I'm at 市川塩浜駅 in 市川市 千葉県 https://t.co/YpLITLJJBz,2016-08-05 18:25:49,
I'm at 市川塩浜駅 in 市川市 千葉県 https://t.co/sBnLe5LcF7,2016-08-06 07:19:40,
I'm at 市川塩浜駅 in 市川市 千葉県 https://t.co/CDhyx8J9vV,2016-08-06 08:19:34,
I'm at 市川塩浜駅 in 市川市 千葉県 https://t.co/Ofl4Wnx5YC,2016-08-06 19:56:39,
まだ千葉を出ていない (@ 市川塩浜駅 in 市川市 千葉県) https://t.co/hfC2Awcoxa,2016-08-06 21:23:12,
I'm at 市川塩浜駅 in 市川市 千葉県 https://t.co/2rZ0cAXzF2,2016-08-07 07:18:04,
I'm at 市川塩浜駅 in 市川市 千葉県 https://t.co/z97Teh4htZ,2016-08-07 10:00:37,
ハーフパイプだけという(TOT) https://t.co/SZnobK0L1G,2016-08-07 15:29:21,
#単独ライブに行ったことあるアーティストを晒せ　じんP　T.M.Revolution CHAGE&amp;ASKA ASKA 郷ひろみ　きゃりーぱみゅぱみゅ　B'z　桂文枝(独演会)　あと忘れた(^_^;),2016-08-07 15:34:03,
I'm at 市川塩浜駅 in 市川市 千葉県 https://t.co/9Ugb7006vd,2016-08-07 17:46:09,
I'm at 市川塩浜駅 in 市川市 千葉県 https://t.co/R9CF1yStL5,2016-08-08 07:58:23,
野良も暑さでくたばっとる(ちゃんと息してる) @ Ichikawa-Shiohama Station https://t.co/vO9aN3Yesi,2016-08-08 17:55:10,
I'm at 市川塩浜駅 in 市川市 千葉県 https://t.co/WskiQiRVFG,2016-08-08 18:27:34,
今日もバテ気味のご様子 @ Ichikawa-Shiohama Station https://t.co/3DRvbf92rs,2016-08-09 17:59:56,
I'm at 市川塩浜駅 in 市川市 千葉県 https://t.co/9iOQj3W8Na,2016-08-09 18:25:07,
I'm at 市川塩浜駅 in 市川市 千葉県 https://t.co/KKT4udyFrd,2016-08-10 18:20:40,
電車こないな,2016-08-11 10:07:26,
I'm at 市川塩浜駅 in 市川市 千葉県 https://t.co/STFNionIU1,2016-10-07 18:23:45,
I'm at 市川塩浜駅 in 市川市 千葉県 https://t.co/qAj8KLFkBg,2016-10-10 17:41:22,
I'm at 市川塩浜駅 in 市川市 千葉県 https://t.co/VTFC6Zdhjy,2016-10-11 18:23:20,
I'm at 市川塩浜駅 in 市川市 千葉県 https://t.co/QX0KBHAe32,2016-10-12 18:21:05,
I'm at 市川塩浜駅 in 市川市 千葉県 https://t.co/U8oVv7jrUH,2016-10-13 18:20:03,
I'm at 市川塩浜駅 in 市川市 千葉県 https://t.co/DgeypPwUtP,2016-10-14 20:19:44,
ATOSが響く〜 (@ 市川塩浜駅 in 市川市 千葉県) https://t.co/gKqTh7VLep,2016-10-15 16:56:27,
I'm at 市川塩浜駅 in 市川市 千葉県 https://t.co/tTtO1Xbf1D,2016-10-15 17:39:34,
I'm at 市川塩浜駅 in 市川市 千葉県 https://t.co/CD8FLnnf1c,2016-10-15 19:39:04,
I'm at 市川塩浜駅 in 市川市 千葉県 https://t.co/Unjoi9sj8o,2016-10-16 10:52:15,
夜勤 (@ 市川塩浜駅 in 市川市 千葉県) https://t.co/6YAyyZCQDk,2016-10-16 19:19:16,
I'm at 市川塩浜駅 in 市川市 千葉県 https://t.co/111bCikC56,2016-10-16 23:16:23,
とんでもなく遠くに来てしまった。 (@ 市川塩浜駅 in 市川市 千葉県) https://t.co/a3prdxqf9v,2016-10-17 08:21:16,
I'm at 市川塩浜駅 in 市川市 千葉県 https://t.co/Al40ET9HTS,2016-10-17 18:27:21,
I'm at 市川塩浜駅 in 市川市 千葉県 https://t.co/R9CltBcY3v,2016-10-17 23:44:15,
I'm at 市川塩浜駅 in 市川市 千葉県 https://t.co/GvomHVeDjK,2016-10-18 12:58:10,
I'm at 市川塩浜駅 in 市川市 千葉県 https://t.co/UMwjCzEuaE,2016-10-19 18:26:43,
I'm at 市川塩浜駅 in 市川市 千葉県 https://t.co/AaUkbtEUYF,2016-10-20 18:26:19,
I'm at 市川塩浜駅 in 市川市 千葉県 https://t.co/DRmtFMGik5,2016-10-21 18:23:57,
I'm at 市川塩浜駅 in 市川市 千葉県 https://t.co/7Z4AiGpGYI,2016-10-22 17:37:18,
I'm at 市川塩浜駅 in 市川市 千葉県 https://t.co/4zG4LrELzB,2016-10-23 09:39:53,
I'm at 市川塩浜駅 in 市川市 千葉県 https://t.co/JpNfcG3wHY,2016-10-24 11:30:36,
I'm at 市川塩浜駅 in 市川市 千葉県 https://t.co/I9XAZyZGm7,2016-10-24 18:25:03,
I'm at 市川塩浜駅 in 市川市 千葉県 https://t.co/2rKO7m8NQB,2016-10-25 18:25:49,
I'm at 市川塩浜駅 in 市川市 千葉県 https://t.co/7qkWCbctKf,2016-10-27 18:28:00,
I'm at 市川塩浜駅 in 市川市 千葉県 https://t.co/cykTey7onx,2016-10-28 18:26:21,
I'm at 市川塩浜駅 in 市川市 千葉県 https://t.co/w2MyD8wGm5,2016-10-29 17:38:48,
I'm at 市川塩浜駅 in 市川市 千葉県 https://t.co/BEG7VSlcvY,2016-10-29 20:10:16,
I'm at 市川塩浜駅 in 市川市 千葉県 https://t.co/UxbVMjmlHr,2016-10-31 18:25:05,
