I'm at Kita-Hachi?ji Station in 八王子市 東京都 https://t.co/0rene9fAP4,2016-08-01 16:28:41,
I'm at 北八王子駅 in 八王子市 東京都 https://t.co/1KWywtAKga,2016-08-02 07:49:29,
I'm at Kita-Hachi?ji Station in 八王子市 東京都 https://t.co/eVgmBSOu4X,2016-08-02 10:22:06,
I'm at Kita-Hachi?ji Station in 八王子市 東京都 https://t.co/8oTVShXMbP,2016-08-02 19:52:21,
I'm at Kita-Hachi?ji Station in 八王子市 東京都 https://t.co/hphXivg6Aq,2016-08-03 19:29:02,
I'm at Kita-Hachi?ji Station in 八王子市 東京都 https://t.co/S38y482Xxc,2016-08-08 21:41:49,
#DAWNOFTHENORTHEIGHTPRINCE #HACHIOJI #TOKYO @ JR North Eight Prince https://t.co/IS8EYViuVv,2016-08-09 02:11:51,
I'm at Kita-Hachi?ji Station in 八王子市 東京都 https://t.co/92iQWk3oSy,2016-08-10 10:53:30,
ほえ？やっぱりさ雨男だよね（笑）私が行く町田Thisoneいつも雨くれるよね私が雨女なんかと勘違いしちゃうw#Thisone,2016-08-10 19:11:22,
I'm at Kita-Hachi?ji Station in 八王子市 東京都 https://t.co/YkR0FMpmu2,2016-08-10 20:41:51,
I'm at 北八王子駅 in 八王子市 東京都 https://t.co/sLPNyjpMqb,2016-08-10 22:10:56,
I'm at Kita-Hachi?ji Station in 八王子市 東京都 https://t.co/l5GpwzROUs,2016-10-06 20:49:04,
I'm at 北八王子駅 in 八王子市 東京都 https://t.co/bH7Z0XFzHu,2016-10-07 07:35:04,
I'm at 北八王子駅 in 八王子市 東京都 https://t.co/6errSMX4SB,2016-10-07 18:55:51,
I'm at Kita-Hachi?ji Station in 八王子市 東京都 https://t.co/OSHtm2gNSI,2016-10-07 19:56:39,
I'm at 北八王子駅 in 八王子市 東京都 https://t.co/Uct4WYun9P,2016-10-08 08:04:10,
I'm at お食事処 宝勝 https://t.co/brsR7DoMKj,2016-10-12 18:01:48,
I'm at Kita-Hachi?ji Station in 八王子市 東京都 https://t.co/EbXstMQyOL,2016-10-12 20:36:35,
I'm at Kita-Hachi?ji Station in 八王子市 東京都 https://t.co/ax1JiNcMzR,2016-10-13 20:58:58,
I'm at お食事処 宝勝 https://t.co/UKI2ObUHB3,2016-10-14 18:06:54,
I'm at Kita-Hachi?ji Station in 八王子市 東京都 https://t.co/eQYpBDmopa,2016-10-17 10:28:18,
I'm at 八王子市立 第一中学校 in Hachi?ji 東京都 https://t.co/3n4AuDUblm https://t.co/0ovv5DafbV,2016-10-17 18:27:23,
I'm at Kita-Hachi?ji Station in 八王子市 東京都 https://t.co/P23c5Luumr,2016-10-17 20:20:08,
I'm at Kita-Hachi?ji Station in 八王子市 東京都 https://t.co/iO2wm0lNni,2016-10-18 10:22:04,
I'm at お食事処 宝勝 https://t.co/LKqE5ixMFx,2016-10-18 18:39:45,
I'm at Kita-Hachi?ji Station in 八王子市 東京都 https://t.co/3X1CKIzoDo,2016-10-19 10:22:49,
I'm at お食事処 宝勝 https://t.co/1ziAiUvz8q,2016-10-19 17:57:39,
I'm at Kita-Hachi?ji Station in 八王子市 東京都 https://t.co/ILydhWAla3,2016-10-19 19:53:07,
I'm at Kita-Hachi?ji Station in 八王子市 東京都 https://t.co/qa1D9skGBQ,2016-10-20 10:22:01,
I'm at Kita-Hachi?ji Station in 八王子市 東京都 https://t.co/PekORRR8Pg,2016-10-20 19:15:45,
I'm at Kita-Hachi?ji Station in 八王子市 東京都 https://t.co/iH8dI74LpT,2016-10-21 10:21:26,
I'm at お食事処 宝勝 https://t.co/Dn1kU9o6Oi,2016-10-21 18:05:08,
I'm at Kita-Hachi?ji Station in 八王子市 東京都 https://t.co/1PFoojJ3mk,2016-10-21 19:10:19,
I'm at Kita-Hachi?ji Station in 八王子市 東京都 https://t.co/VkZL6gkg4c,2016-10-24 10:22:51,
I'm at Kita-Hachi?ji Station in 八王子市 東京都 https://t.co/YakGEXivkG,2016-10-24 20:32:37,
I'm at Kita-Hachi?ji Station in 八王子市 東京都 https://t.co/CjyH8iWcnu,2016-10-25 10:21:44,
（＾ω＾） (@ 北八王子駅 in 八王子市 東京都) https://t.co/wxJapNtuJ7,2016-10-25 14:11:48,
I'm at Kita-Hachi?ji Station in 八王子市 東京都 https://t.co/1h6u16YBCN,2016-10-25 20:18:15,
I'm at Kita-Hachi?ji Station in 八王子市 東京都 https://t.co/pevsfQdGq7,2016-10-26 10:21:59,
初見です。 (@ 北八王子駅 in 八王子市 東京都) https://t.co/apiWhbSQGC,2016-10-26 16:04:45,
I'm at Kita-Hachi?ji Station in 八王子市 東京都 https://t.co/A04Yy0fAdc,2016-10-26 22:29:54,
I'm at 北八王子駅 in 八王子市 東京都 https://t.co/4vCoTVbu3D,2016-10-28 13:07:58,
I'm at 北八王子駅 in 八王子市 東京都 https://t.co/9MmId3IJSn,2016-10-29 17:38:30,
I'm at Kita-Hachi?ji Station in 八王子市 東京都 https://t.co/lymW6j3sTY,2016-10-31 13:00:01,
あれ？まだ休業中だ。Twitter復活記念に食べようと思ったのに。 (@ お食事処 宝勝) https://t.co/7Z5YbbGCZc,2016-10-31 17:58:23,
I'm at Kita-Hachi?ji Station in 八王子市 東京都 https://t.co/BfrbYzMlvY,2016-10-31 20:15:59,
