I'm at 高麗川駅 - @jreast_official in 日高市 埼玉県 https://t.co/BZgKE5jIoC,2016-08-01 00:35:15,
うわー！この感じの電車うわーっ！！！！ (@ 高麗川駅 - @jreast_official in 日高市 埼玉県) https://t.co/cpOo4Fv3kL https://t.co/t3u6B90oJi,2016-08-01 05:28:03,
I'm at 高麗川駅 - @jreast_official in 日高市 埼玉県 https://t.co/2t5rDqio1u,2016-08-01 07:46:10,
I'm at 高麗川駅 - @jreast_official in 日高市 埼玉県 https://t.co/adoWOqhXyT,2016-08-01 11:56:39,
川越線へ (@ 高麗川駅 - @jreast_official in 日高市 埼玉県) https://t.co/AEFOkx3yl8,2016-08-01 17:38:14,
退勤 (@ 高麗川駅 - @jreast_official in 日高市 埼玉県) https://t.co/pNb0ajXqsR,2016-08-01 19:28:58,
I'm at 高麗川駅 - @jreast_official in 日高市 埼玉県 https://t.co/Wy7Q8W5mAN,2016-08-01 21:25:33,
I'm at 高麗川駅 - @jreast_official in 日高市 埼玉県 https://t.co/gBoIwP3Hau,2016-08-02 07:47:17,
退勤 (@ 高麗川駅 - @jreast_official in 日高市 埼玉県) https://t.co/hpxHZswehk,2016-08-02 19:05:06,
I'm at 高麗川駅 - @jreast_official in 日高市 埼玉県 https://t.co/OHIf7VQTPX,2016-08-02 20:32:11,
退勤 (@ 高麗川駅 - @jreast_official in 日高市 埼玉県) https://t.co/Bysrs2O9dB,2016-08-03 19:05:57,
I'm at 高麗川駅 - @jreast_official in 日高市 埼玉県 https://t.co/tI27MaNB7d,2016-08-04 08:00:51,
I'm at 高麗川駅 in 日高市 埼玉県 https://t.co/4SrWB9RakA,2016-08-04 08:16:54,
体力の限界 (@ 高麗川駅 - @jreast_official in 日高市 埼玉県) https://t.co/y2uMsDQtY3,2016-08-04 19:52:11,
I'm at 高麗川駅 - @jreast_official in 日高市 埼玉県 https://t.co/a2jwDhRsCx,2016-08-05 07:46:04,
退勤 (@ 高麗川駅 - @jreast_official in 日高市 埼玉県) https://t.co/gwk1hVDY9A,2016-08-05 19:57:13,
I'm at 高麗川駅 - @jreast_official in 日高市 埼玉県 https://t.co/5R3oC1DVwu,2016-08-05 20:30:15,
のりかえ (@ 高麗川駅 - @jreast_official in 日高市 埼玉県) https://t.co/kxiR3pgUal,2016-08-06 07:42:22,
I'm at Komagawa Station - @jreast_official in 日高市 埼玉県 https://t.co/tZ8UtjLXqQ,2016-08-06 08:32:15,
I'm at 高麗川駅 2-3番線ホーム - @jreast_official in 日高市 埼玉県 https://t.co/NcLDZjyMYp,2016-08-07 16:03:58,
I'm at 高麗川駅 - @jreast_official in 日高市 埼玉県 https://t.co/VT6BvH630w,2016-08-07 16:04:05,
八高線コンプなり (@ 高麗川駅 - @jreast_official in 日高市 埼玉県) https://t.co/S9sKk5cyRQ,2016-08-07 18:52:16,
こうらいかわー?( ･?･)? (@ 高麗川駅 - @jreast_official in 日高市 埼玉県) https://t.co/3eqI5VCWyV,2016-08-07 18:58:18,
ｲﾏｺｺ! L:埼玉県日高市原宿 #imacoconow [ImacocoNow! Android],2016-08-07 19:03:58,
I'm at 高麗川駅 - @jreast_official in 日高市 埼玉県 https://t.co/i3kcS8JO79,2016-08-07 21:20:15,
I'm at 高麗川駅 in 日高市 埼玉県 https://t.co/beMc0leqal,2016-08-07 21:22:32,
I'm at 高麗川駅 2-3番線ホーム in 日高市 埼玉県 https://t.co/27zhUHP9pA,2016-08-07 21:22:40,
まさか八高線でE233系に乗ることになるとは。 (@ 高麗川駅 in 日高市 埼玉県) https://t.co/8rsOYiMRCk https://t.co/v9tP7abjcU,2016-08-07 21:24:10,
I'm at 高麗川駅 - @jreast_official in 日高市 埼玉県 https://t.co/gGjCNBrCto,2016-08-07 23:10:04,
I'm at 高麗川駅 in 日高市 埼玉県 https://t.co/wSoW5ZtJ1j,2016-08-08 11:22:48,
I'm at 高麗川駅 - @jreast_official in 日高市 埼玉県 https://t.co/BrS3AEgeje,2016-08-08 13:05:21,
北へ向かいます。 (@ Komagawa Station - @jreast_official in 日高市 埼玉県) https://t.co/CKtFDUZTRp,2016-08-08 13:59:53,
I'm at 高麗川駅 in 日高市 埼玉県 https://t.co/DYemMG6n4K,2016-08-08 19:14:46,
I'm at 高麗川駅 - @jreast_official in 日高市 埼玉県 https://t.co/jaQo1Nq18C,2016-08-09 07:25:09,
I'm at 高麗川駅 - @jreast_official in 日高市 埼玉県 https://t.co/68um2mRgCO,2016-08-09 14:50:31,
退勤 (@ 高麗川駅 - @jreast_official in 日高市 埼玉県) https://t.co/Q10tdtsMmx,2016-08-09 20:19:04,
I'm at 高麗川駅 - @jreast_official in 日高市 埼玉県 https://t.co/9FdHDfcLQY,2016-08-09 22:08:35,
I'm at 高麗川駅 - @jreast_official in 日高市 埼玉県 https://t.co/WXoyxOd7qK,2016-08-10 07:10:10,
I'm at 高麗川駅 2-3番線ホーム - @jreast_official in 日高市 埼玉県 https://t.co/t0buqMkaJG,2016-08-10 09:24:19,
I'm at 高麗川駅 - @jreast_official in 日高市 埼玉県 https://t.co/GnedN1harr,2016-08-10 09:24:33,
I'm at 高麗川駅 - @jreast_official in 日高市 埼玉県 https://t.co/ugod2lQ2cm,2016-08-10 10:03:53,
そうか高麗川ー高崎間は非電化区間か！(この前相方に聞いた気がする) (@ 高麗川駅 - @jreast_official in 日高市 埼玉県) https://t.co/bKlg9FE3IP,2016-08-10 15:40:33,
退勤 (@ 高麗川駅 - @jreast_official in 日高市 埼玉県) https://t.co/Pod1hg4lqR,2016-08-10 19:52:00,
たのしい八高線南側の旅、おわり (@ 高麗川駅 - @jreast_official in 日高市 埼玉県) https://t.co/daLaoMbyH8,2016-08-10 23:00:07,
高崎行きに乗車。 (@ 高麗川駅 2-3番線ホーム - @jreast_official in 日高市 埼玉県) https://t.co/xlrovp8nlR,2016-08-11 05:29:54,
I'm at 高麗川駅 - @jreast_official in 日高市 埼玉県 https://t.co/ijZl30XZAx,2016-08-11 09:38:06,
I'm at 高麗川駅 - @jreast_official in 日高市 埼玉県 https://t.co/qyJAZABrhJ,2016-08-11 13:22:01,
?????? ?? (@ 高麗川駅 - @jreast_official in 日高市 埼玉県) https://t.co/gRhvLqll7Z https://t.co/CIqgFwzC7R,2016-08-11 14:24:31,
I'm at 高麗川駅 - @jreast_official in 日高市 埼玉県 https://t.co/TKtIJ5Eqkb,2016-10-06 20:04:16,
I'm at 高麗川駅 - @jreast_official in 日高市 埼玉県 https://t.co/D8kDrKNyGB,2016-10-07 07:47:24,
退勤 (@ 高麗川駅 - @jreast_official in 日高市 埼玉県) https://t.co/StcAadz7sM,2016-10-07 18:43:38,
にせもののどようび (@ 高麗川駅 - @jreast_official in 日高市 埼玉県) https://t.co/WyLWBVYUPD,2016-10-08 07:49:56,
退勤（成田へ） (@ 高麗川駅 - @jreast_official in 日高市 埼玉県) https://t.co/GQaa9cZzJB,2016-10-08 18:04:25,
I'm at 高麗川駅 - @jreast_official in 日高市 埼玉県 https://t.co/XLNAveZi8u,2016-10-09 06:44:05,
I'm at 高麗川駅 in 日高市 埼玉県 https://t.co/eWNi2ddeDN,2016-10-09 06:56:33,
降ってきた…(^｡^; (@ Komagawa Station - @jreast_official in 日高市 埼玉県) https://t.co/NI7TzqcaTk,2016-10-09 06:58:02,
I'm at 高麗川駅 - @jreast_official in 日高市 埼玉県 w/ @kazu_hiro_k @mizutama_sasa @ryomakaka https://t.co/pTrJWjfAFX,2016-10-09 07:12:23,
寒いな (@ 高麗川駅 in 日高市 埼玉県) https://t.co/wwc3L7LgCw,2016-10-10 10:11:27,
I'm at 高麗川駅 - @jreast_official in 日高市 埼玉県 https://t.co/NS0VH6p2Sv,2016-10-10 11:22:26,
さあ、帰ろう。 (@ 高麗川駅 in 日高市 埼玉県) https://t.co/NfZPcYYxRX,2016-10-10 13:38:44,
I'm at 高麗川駅 - @jreast_official in 日高市 埼玉県 https://t.co/OQtM67Sp9h,2016-10-10 17:10:56,
停車なげーーー (@ 高麗川駅 - @jreast_official in 日高市 埼玉県) https://t.co/bxIjR6uTEk,2016-10-10 21:56:53,
帰りたい (@ 高麗川駅 - @jreast_official in 日高市 埼玉県) https://t.co/iQDxDHXFz3,2016-10-11 07:46:06,
I'm at 高麗川駅 - @jreast_official in 日高市 埼玉県 https://t.co/OJCD9LMUAo,2016-10-11 07:56:39,
I'm at 高麗川駅 - @jreast_official in 日高市 埼玉県 https://t.co/CsSLTzhilC,2016-10-11 13:21:56,
退勤 (@ 高麗川駅 - @jreast_official in 日高市 埼玉県) https://t.co/5GJzKMrbd1,2016-10-11 19:29:43,
I'm at 高麗川駅 - @jreast_official in 日高市 埼玉県 https://t.co/3tlfWF68YH,2016-10-12 07:47:05,
退勤 (@ 高麗川駅 - @jreast_official in 日高市 埼玉県) https://t.co/Fx1mLn5g9K,2016-10-12 15:51:53,
I'm at 高麗川駅 - @jreast_official in 日高市 埼玉県 https://t.co/q5sZ0rTYzW,2016-10-12 15:52:40,
I'm at 高麗川駅 - @jreast_official in 日高市 埼玉県 https://t.co/AusSUTzc0L,2016-10-13 07:45:53,
I'm at 高麗川駅 - @jreast_official in 日高市 埼玉県 https://t.co/tzkF6x46Xv,2016-10-13 15:59:01,
(´つヮ⊂)ｳｵｫｫｗｗｗｗ (@ 高麗川駅 - @jreast_official in 日高市 埼玉県) https://t.co/CIvNcBilVz,2016-10-13 16:55:40,
退勤 (@ 高麗川駅 - @jreast_official in 日高市 埼玉県) https://t.co/hprP1jC9GI,2016-10-13 19:06:30,
退勤 (@ 高麗川駅 - @jreast_official in 日高市 埼玉県) https://t.co/Q4qkkx9izr,2016-10-14 18:39:45,
にせもののどようび (@ 高麗川駅 - @jreast_official in 日高市 埼玉県) https://t.co/NWePgLfELu,2016-10-15 07:48:27,
I'm at 高麗川駅 - @jreast_official in 日高市 埼玉県 https://t.co/rfXGo8o1fv,2016-10-15 10:53:40,
ディーゼルカーの旅 (@ 高麗川駅 - @jreast_official in 日高市 埼玉県) https://t.co/qATYt9rIqS https://t.co/VJjVP8JDBr,2016-10-15 11:17:11,
I'm at 高麗川駅 - @jreast_official in 日高市 埼玉県 https://t.co/xR8VXbll78,2016-10-15 14:22:12,
乗り換え (@ 高麗川駅 - @jreast_official in 日高市 埼玉県) https://t.co/1copOeIRwu,2016-10-15 16:03:50,
I'm at 高麗川駅 - @jreast_official in 日高市 埼玉県 https://t.co/T7DnLyE1Xm,2016-10-15 17:42:36,
行く当てもなく電車で移動してる。家出してるみたいw (@ Komagawa Station - @jreast_official in 日高市 埼玉県) https://t.co/BI3GfX2USV,2016-10-15 18:37:53,
I'm at 高麗川駅 - @jreast_official in 日高市 埼玉県 https://t.co/bC3ymR9448,2016-10-16 08:58:20,
（＾ω＾） (@ 高麗川駅 - @jreast_official in 日高市 埼玉県) https://t.co/WhxLUihHSf,2016-10-16 09:32:21,
I'm at 高麗川駅 - @jreast_official in 日高市 埼玉県 https://t.co/O3mEyBwwML,2016-10-16 19:21:44,
I'm at 高麗川駅 - @jreast_official in 日高市 埼玉県 https://t.co/esuZs0Z6eD,2016-10-17 00:02:41,
I'm at 高麗川駅 - @jreast_official in 日高市 埼玉県 https://t.co/UgQMYHkj6J,2016-10-17 07:51:31,
（＾ω＾） (@ 高麗川駅 - @jreast_official in 日高市 埼玉県) https://t.co/2cbvYfTX4r,2016-10-17 10:02:52,
I'm at 高麗川駅 - @jreast_official in 日高市 埼玉県 https://t.co/TJ1uhgcTpr,2016-10-18 07:24:25,
退勤 (@ 高麗川駅 - @jreast_official in 日高市 埼玉県) https://t.co/QCC21r80La,2016-10-18 18:41:05,
I'm at 高麗川駅 - @jreast_official in 日高市 埼玉県 https://t.co/ZXre06LpM4,2016-10-18 19:28:51,
I'm at 高麗川駅 - @jreast_official in 日高市 埼玉県 https://t.co/jsEeYOEjBJ,2016-10-19 15:09:33,
I'm at 高麗川駅 - @jreast_official in 日高市 埼玉県 https://t.co/PJ4uEWx1Kk,2016-10-19 18:33:05,
I'm at 高麗川駅 - @jreast_official in 日高市 埼玉県 https://t.co/8tDfcvZE5t,2016-10-19 20:30:32,
この列車は1番線に停車なんだ（初めて (@ 高麗川駅 - @jreast_official in 日高市 埼玉県) https://t.co/NUWNsE0FbG,2016-10-20 06:27:30,
I'm at 高麗川駅 - @jreast_official in 日高市 埼玉県 https://t.co/vFPgPKPfWc,2016-10-20 07:46:06,
退勤レッドブル (@ 高麗川駅 - @jreast_official in 日高市 埼玉県) https://t.co/SY5qlrmxQ9,2016-10-20 19:23:16,
（＾ω＾） (@ 高麗川駅 - @jreast_official in 日高市 埼玉県) https://t.co/ZOoHd48KFC,2016-10-21 06:09:57,
乗り換え。キハ110系。 (@ 高麗川駅 2-3番線ホーム - @jreast_official in 日高市 埼玉県) https://t.co/W1EtJpH6j8,2016-10-21 07:25:15,
I'm at 高麗川駅 - @jreast_official in 日高市 埼玉県 https://t.co/vSN04h5Esj,2016-10-21 07:46:44,
I'm at 高麗川駅 1番線ホーム in 日高市 埼玉県 https://t.co/BY4RYxbl5I,2016-10-21 12:59:19,
I'm at 高麗川駅 2-3番線ホーム - @jreast_official in 日高市 埼玉県 https://t.co/JYVQGHs2Vp,2016-10-21 12:59:36,
I'm at 高麗川駅 - @jreast_official in 日高市 埼玉県 https://t.co/aaPSFN8dWQ,2016-10-21 18:18:42,
I'm at 高麗川駅 in 日高市 埼玉県 https://t.co/EEZlkTw8y5,2016-10-22 11:02:07,
#八高線 (#HachikoLine) @ Komagawa Station https://t.co/ocBTx2Q0F6,2016-10-22 15:46:08,
ヽ(･ω´･ゞ)  のりかえるんるん！  (ﾉ･`ω･)ﾉﾞ (@ 高麗川駅 - @jreast_official in 日高市 埼玉県) https://t.co/nlqLjJ8are,2016-10-23 07:28:13,
I'm at 高麗川駅 - @jreast_official in 日高市 埼玉県 https://t.co/v4JBrntTJw,2016-10-23 10:29:49,
I'm at 高麗川駅 - @jreast_official in 日高市 埼玉県 https://t.co/nf0wDzcQit,2016-10-23 15:25:40,
I'm at 高麗川駅 - @jreast_official in 日高市 埼玉県 https://t.co/CqwBGn8VBZ,2016-10-23 21:00:06,
最終の高崎行きの誘惑がつらい (@ 高麗川駅 - @jreast_official in 日高市 埼玉県) https://t.co/CJ7SGBWfa6,2016-10-23 21:14:08,
I'm at 高麗川駅 - @jreast_official in 日高市 埼玉県 https://t.co/Lpn8scyu1a,2016-10-24 07:46:47,
退勤 (@ 高麗川駅 - @jreast_official in 日高市 埼玉県) https://t.co/5oMrN9m5vA,2016-10-24 19:29:35,
I'm at 高麗川駅 - @jreast_official in 日高市 埼玉県 https://t.co/Lz7zqELaMC,2016-10-25 07:45:54,
I'm at 高麗川駅 - @jreast_official in 日高市 埼玉県 https://t.co/mP8IIZ1ER1,2016-10-25 09:52:39,
I'm at 高麗川駅 - @jreast_official in 日高市 埼玉県 https://t.co/Zaq6zrFflA,2016-10-25 12:45:47,
この八高の片隅に (@ 高麗川駅 - @jreast_official in 日高市 埼玉県) https://t.co/XnMDDJKUom,2016-10-26 07:46:50,
たたた退勤 (@ 高麗川駅 - @jreast_official in 日高市 埼玉県) https://t.co/lxXZjVcmF5,2016-10-26 17:37:58,
I'm at 高麗川駅 - @jreast_official in 日高市 埼玉県 https://t.co/Qox1Q0hLsg,2016-10-27 07:45:44,
I'm at 高麗川駅 - @jreast_official in 日高市 埼玉県 https://t.co/BUjv5gADGx,2016-10-27 08:51:18,
I'm at 高麗川駅 - @jreast_official in 日高市 埼玉県 https://t.co/J0XuCFStaz,2016-10-27 08:51:18,
I'm at 高麗川駅 - @jreast_official in 日高市 埼玉県 https://t.co/t0kSDZk41j,2016-10-27 09:36:07,
（＾ω＾） (@ 高麗川駅 - @jreast_official in 日高市 埼玉県) https://t.co/A3YfUKe01z,2016-10-27 14:56:58,
退勤 (@ 高麗川駅 - @jreast_official in 日高市 埼玉県) https://t.co/hoE7qvqeUf,2016-10-27 19:05:20,
I'm at 高麗川駅 - @jreast_official in 日高市 埼玉県 https://t.co/WnVHE3t2g2,2016-10-28 07:09:57,
ヌッ (@ 高麗川駅 - @jreast_official in 日高市 埼玉県) https://t.co/R67HyCXKdM,2016-10-28 16:24:42,
夜勤明け先輩 (@ 高麗川駅 - @jreast_official in 日高市 埼玉県) https://t.co/AZK5jvD9G0,2016-10-29 07:48:34,
（＾ω＾） (@ 高麗川駅 - @jreast_official in 日高市 埼玉県) https://t.co/JXK7FsBdYq,2016-10-29 16:03:29,
退勤 (@ 高麗川駅 - @jreast_official in 日高市 埼玉県) https://t.co/fBaezZsjkm,2016-10-29 18:25:05,
I'm at 高麗川駅 - @jreast_official in 日高市 埼玉県 https://t.co/NXqf5yN6qP,2016-10-30 05:27:59,
I'm at 高麗川駅 - @jreast_official in 日高市 埼玉県 https://t.co/VJRSnp2ons,2016-10-30 21:23:25,
I'm at 高麗川駅 - @jreast_official in 日高市 埼玉県 https://t.co/HbGY1LaTvi,2016-10-31 07:47:32,
退勤二郎 (@ 高麗川駅 - @jreast_official in 日高市 埼玉県) https://t.co/0KJS57lTgk,2016-10-31 19:03:33,
