I'm at セブンイレブン 横浜鴨居駅前店 - @711sej in 横浜市 神奈川県 https://t.co/xpcV7Yw3e7,2016-08-01 06:10:23,
I'm at 鴨居駅 - @jreast_official in Yokohama 神奈川県 https://t.co/KBhKYhxnLw,2016-08-01 06:10:33,
I'm at すき家 鴨居駅北口店 - @sukiya_cp in 横浜市 神奈川県 https://t.co/v7IraHbblH,2016-08-01 09:09:04,
I'm at 鴨居駅 - @jreast_official in Yokohama 神奈川県 https://t.co/ZHpvat4HVX,2016-08-01 11:09:21,
I'm at 鴨居駅 - @jreast_official in Yokohama 神奈川県 https://t.co/YSLR4bK6wd,2016-08-01 12:02:01,
I'm at 鴨居駅 - @jreast_official in Yokohama 神奈川県 https://t.co/pLCmO6uaqL,2016-08-01 14:25:49,
I'm at 鴨居駅 - @jreast_official in Yokohama 神奈川県 https://t.co/wZnApcbvEa,2016-08-01 19:09:55,
I'm at セブンイレブン 横浜鴨居駅前店 - @711sej in 横浜市 神奈川県 https://t.co/ESjdcEnLXi,2016-08-01 19:10:05,
I'm at 鴨居駅 - @jreast_official in Yokohama 神奈川県 https://t.co/ghDK03AyQW,2016-08-01 19:47:46,
I'm at 横浜家系ラーメン 大岡家 in 横浜市 神奈川県 https://t.co/L8tY70CX8X,2016-08-01 21:33:16,
ご馳走様でした (@ すき家 鴨居駅北口店 - @sukiya_cp in 横浜市 神奈川県) https://t.co/bY4poDw3tA,2016-08-01 22:29:14,
I'm at セブンイレブン 横浜鴨居駅前店 - @711sej in 横浜市 神奈川県 https://t.co/CY5IYkk8q3,2016-08-02 06:10:24,
I'm at 鴨居駅 - @jreast_official in Yokohama 神奈川県 https://t.co/RXm1Lep0ZL,2016-08-02 06:10:36,
I'm at 鴨居駅 - @jreast_official in Yokohama 神奈川県 https://t.co/fXZOCK9LCi,2016-08-02 08:47:51,
I'm at 鴨居駅 - @jreast_official in Yokohama 神奈川県 https://t.co/ayloQEnTGK,2016-08-02 12:00:45,
I'm at 鴨居駅 - @jreast_official in Yokohama 神奈川県 https://t.co/vkcToXX5RG,2016-08-02 19:22:42,
I'm at セブンイレブン 横浜鴨居駅前店 - @711sej in 横浜市 神奈川県 https://t.co/cCG60jgBB6,2016-08-02 19:23:03,
I'm at セブンイレブン 横浜鴨居駅前店 - @711sej in 横浜市 神奈川県 https://t.co/glL6KeT1cf,2016-08-03 06:10:34,
I'm at 鴨居駅 - @jreast_official in Yokohama 神奈川県 https://t.co/cHb8Tfpcbw,2016-08-03 06:10:45,
I'm at 鴨居駅 - @jreast_official in Yokohama 神奈川県 https://t.co/8wbExVwp0D,2016-08-03 07:02:04,
I'm at 鴨居駅 - @jreast_official in Yokohama 神奈川県 https://t.co/ZVGcJKC90r,2016-08-03 09:41:59,
I'm at 鴨居駅 - @jreast_official in Yokohama 神奈川県 https://t.co/nWOjL0s9vM,2016-08-03 16:07:50,
I'm at 鴨居駅 - @jreast_official in Yokohama 神奈川県 https://t.co/aTgEB3QyC6,2016-08-03 17:57:06,
I'm at 鴨居駅 - @jreast_official in Yokohama 神奈川県 https://t.co/A6XkiYqYVK,2016-08-03 19:09:19,
I'm at セブンイレブン 横浜鴨居駅前店 - @711sej in 横浜市 神奈川県 https://t.co/aDbYyrnp3b,2016-08-03 19:09:48,
I'm at 鴨居駅 - @jreast_official in Yokohama 神奈川県 https://t.co/KkhdRYCvvp,2016-08-03 20:55:52,
I'm at 鴨居駅 - @jreast_official in Yokohama 神奈川県 https://t.co/yG0UGzCsoM,2016-08-04 00:44:21,
I'm at セブンイレブン 横浜鴨居駅前店 - @711sej in 横浜市 神奈川県 https://t.co/kYLPB16bwb,2016-08-04 06:09:40,
I'm at 鴨居駅 - @jreast_official in Yokohama 神奈川県 https://t.co/c3iZdFJezs,2016-08-04 06:09:50,
I'm at 鴨居駅 - @jreast_official in Yokohama 神奈川県 https://t.co/WlPGk5ceZ3,2016-08-04 10:13:12,
I'm at 鴨居駅 - @jreast_official in Yokohama 神奈川県 https://t.co/cBEjP0LW2t,2016-08-04 19:10:05,
I'm at セブンイレブン 横浜鴨居駅前店 - @711sej in 横浜市 神奈川県 w/ @_0_zero https://t.co/g4hpimbhla,2016-08-04 19:10:25,
仕事の山を越えたので卵をつけよう (@ すき家 鴨居駅北口店 - @sukiya_cp in 横浜市 神奈川県) https://t.co/59sCwoMV0H,2016-08-04 20:50:37,
I'm at セブンイレブン 横浜鴨居駅前店 - @711sej in 横浜市 神奈川県 https://t.co/UMC1PVOaQI,2016-08-05 06:09:21,
I'm at 鴨居駅 - @jreast_official in Yokohama 神奈川県 https://t.co/r9P8f1jupV,2016-08-05 06:09:33,
さて帰る (@ 鴨居駅 - @jreast_official in Yokohama 神奈川県) https://t.co/SrFbKmD0zx,2016-08-05 11:54:14,
I'm at 鴨居駅 - @jreast_official in Yokohama 神奈川県 https://t.co/RAEEgZngsY,2016-08-05 15:26:18,
I'm at 鴨居駅 - @jreast_official in Yokohama 神奈川県 https://t.co/7CcIgMXNDi,2016-08-05 19:09:14,
I'm at セブンイレブン 横浜鴨居駅前店 - @711sej in 横浜市 神奈川県 https://t.co/UQ4CnhO7Gi,2016-08-05 19:09:33,
牛丼豚汁おしんこセットに卵つけてください (@ すき家 鴨居駅北口店 - @sukiya_cp in 横浜市 神奈川県) https://t.co/LLvWBUggOc,2016-08-05 21:32:22,
I'm at 鴨居駅 - @jreast_official in Yokohama 神奈川県 https://t.co/hlNFMC3BzO,2016-08-05 21:54:10,
I'm at 鴨居駅 - @jreast_official in Yokohama 神奈川県 https://t.co/iEjRkLEazB,2016-08-05 23:34:14,
I'm at 鴨居駅 - @jreast_official in Yokohama 神奈川県 https://t.co/InHSKod5Fb,2016-08-06 08:46:49,
I'm at 鴨居駅 - @jreast_official in Yokohama 神奈川県 https://t.co/MkYnel3dXc,2016-08-06 10:48:58,
のりかえる (@ 鴨居駅 - @jreast_official in Yokohama 神奈川県) https://t.co/xUWAc7orxi,2016-08-06 11:24:41,
I'm at 鴨居駅 - @jreast_official in Yokohama 神奈川県 https://t.co/FnbnGRDXbt https://t.co/XfABwff6HH,2016-08-06 15:30:57,
I'm at セブンイレブン 横浜鴨居駅前店 - @711sej in 横浜市 神奈川県 https://t.co/4k4Nlvkn4B https://t.co/gp0TUgmVNc,2016-08-06 15:33:16,
撮影会終わり?汗だく…,2016-08-06 17:30:02,
ファストフードとしてスピード失格。オレがバイトでいた店ならこんなスピードじゃもういい金返せと言われる。 (@ マクドナルド 鴨居店 - @mcdonaldsjapan in 横浜市 神奈川県) https://t.co/QmMEHylzIO,2016-08-07 09:32:06,
I'm at セブンイレブン 横浜鴨居駅前店 - @711sej in 横浜市 神奈川県 https://t.co/wGPYenNG17,2016-08-07 10:28:58,
I'm at 鴨居駅 - @jreast_official in Yokohama 神奈川県 https://t.co/aqOn06ORiz,2016-08-07 10:29:10,
I'm at 鴨居駅 - @jreast_official in Yokohama 神奈川県 https://t.co/xQUsMLky7a,2016-08-07 15:32:10,
I'm at セブンイレブン 横浜鴨居駅前店 - @711sej in 横浜市 神奈川県 https://t.co/LQfmlE4Cx5,2016-08-07 15:32:48,
I'm at Kamoi Station - @jreast_official in Yokohama 神奈川県 https://t.co/skbvxLSjoS,2016-08-07 21:41:22,
I'm at 鴨居駅 - @jreast_official in Yokohama 神奈川県 https://t.co/FnR1JtQfjp,2016-08-07 22:29:35,
I'm at セブンイレブン 横浜鴨居駅前店 - @711sej in 横浜市 神奈川県 https://t.co/lmRJBykVbX,2016-08-08 06:10:58,
I'm at 鴨居駅 - @jreast_official in Yokohama 神奈川県 https://t.co/y78n2xtINB,2016-08-08 06:11:10,
I'm at すき家 鴨居駅北口店 - @sukiya_cp in 横浜市 神奈川県 https://t.co/8SWw6UNsqM,2016-08-08 08:32:22,
今日は１日打ち合わせだ (@ 鴨居駅 - @jreast_official in Yokohama 神奈川県) https://t.co/BID4Sb3sfh,2016-08-08 09:24:40,
いや暑すぎ (@ 鴨居駅 - @jreast_official in Yokohama 神奈川県) https://t.co/2m5oEoiM0H,2016-08-08 09:40:35,
I'm at 鴨居駅 - @jreast_official in Yokohama 神奈川県 https://t.co/p9UDQhdWTh,2016-08-08 11:24:29,
I'm at 横浜家系ラーメン 大岡家 in 横浜市 神奈川県 https://t.co/P2p4L03aG0,2016-08-08 16:14:17,
I'm at 鴨居駅 - @jreast_official in Yokohama 神奈川県 https://t.co/lKbqf1ZBWb,2016-08-08 17:49:55,
こんな時間に夕飯食べてバチ当たらんだろうか(社畜 (@ すき家 鴨居駅北口店 - @sukiya_cp in 横浜市 神奈川県) https://t.co/t48YCz3Xmg,2016-08-08 18:02:37,
I'm at 華星 in 横浜市 神奈川県 https://t.co/wX2yP3JA6O,2016-08-08 18:12:02,
I'm at 鴨居駅 - @jreast_official in Yokohama 神奈川県 https://t.co/9hxrzYl8nb,2016-08-08 19:09:28,
I'm at セブンイレブン 横浜鴨居駅前店 - @711sej in 横浜市 神奈川県 https://t.co/xQ8NiRPwFu,2016-08-08 19:09:49,
I'm at 鴨居駅 - @jreast_official in Yokohama 神奈川県 https://t.co/GfGDWpbwHj,2016-08-08 19:44:07,
I'm at 鴨居駅 - @jreast_official in Yokohama 神奈川県 https://t.co/cD3c30ji5J,2016-08-08 22:48:38,
I'm at セブンイレブン 横浜鴨居駅前店 - @711sej in 横浜市 神奈川県 https://t.co/Ck7DtR4Hhc,2016-08-09 06:10:05,
I'm at 鴨居駅 - @jreast_official in Yokohama 神奈川県 https://t.co/VvrlworQU2,2016-08-09 06:10:15,
I'm at 鴨居駅 - @jreast_official in Yokohama 神奈川県 https://t.co/pktUTc5YLJ,2016-08-09 09:54:38,
I'm at 鴨居駅 - @jreast_official in Yokohama 神奈川県 w/ @yasumumi https://t.co/lbaMJPkJZV,2016-08-09 09:57:43,
I'm at 松屋 鴨居店 in 横浜市 神奈川県 https://t.co/WXS6FrOrBA,2016-08-09 13:14:52,
鴨居でモイモイ (@ 鴨居駅 - @jreast_official in Yokohama 神奈川県) https://t.co/sKw1Fqtn6Z,2016-08-09 15:25:13,
I'm at 鴨居駅 - @jreast_official in Yokohama 神奈川県 https://t.co/ycBFqNlDR0,2016-08-09 18:08:17,
I'm at セブンイレブン 横浜鴨居駅前店 - @711sej in 横浜市 神奈川県 https://t.co/wpNDw2HRal,2016-08-09 18:08:26,
I'm at 鴨居駅 - @jreast_official in Yokohama 神奈川県 https://t.co/v8H8MrU8PU,2016-08-09 19:30:35,
I'm at 鴨居駅 - @jreast_official in Yokohama 神奈川県 w/ @yasumumi https://t.co/S8UfVMPv67,2016-08-09 19:35:38,
セミわしゃわしゃしてるにゃ‥ (@ 鴨居駅 - @jreast_official in Yokohama 神奈川県) https://t.co/sO7LTQ95OX,2016-08-10 05:50:49,
I'm at セブンイレブン 横浜鴨居駅前店 - @711sej in 横浜市 神奈川県 https://t.co/AmUrvlwD9D,2016-08-10 06:09:52,
I'm at 鴨居駅 - @jreast_official in Yokohama 神奈川県 https://t.co/Ef1BrJpUXd,2016-08-10 06:10:03,
I'm at 鴨居駅 - @jreast_official in Yokohama 神奈川県 https://t.co/YtI9nlfC7Q,2016-08-10 08:01:27,
I'm at 鴨居駅 - @jreast_official in Yokohama 神奈川県 w/ @yasumumi https://t.co/uZRE4zJiYK,2016-08-10 08:03:36,
I'm at 鴨居駅 - @jreast_official in Yokohama 神奈川県 https://t.co/OQbGH7CLyT,2016-08-10 09:14:10,
I'm at 鴨居駅 - @jreast_official in Yokohama 神奈川県 https://t.co/GFfjmKYXkQ,2016-08-10 10:23:50,
I'm at 鴨居駅 - @jreast_official in Yokohama 神奈川県 https://t.co/rA2hB8t6fo,2016-08-10 19:12:22,
I'm at セブンイレブン 横浜鴨居駅前店 - @711sej in 横浜市 神奈川県 https://t.co/mQZVb6HQnx,2016-08-10 19:12:34,
I'm at 鴨居駅 - @jreast_official in Yokohama 神奈川県 https://t.co/MkvgtBZUdd,2016-08-10 21:16:47,
I'm at 松屋 鴨居店 in 横浜市 神奈川県 https://t.co/JUrl64nK2B,2016-08-11 05:55:22,
I'm at 鴨居駅 - @jreast_official in Yokohama 神奈川県 https://t.co/dfHJxQgSqu,2016-08-11 12:25:49,
I'm at 鴨居駅 - @jreast_official in Yokohama 神奈川県 https://t.co/qDMoseHpAi,2016-08-11 15:17:05,
I'm at NEWDAYS 鴨居 - @newdays_jp in Yokohama 神奈川県 https://t.co/zs25r7E06p,2016-08-11 15:17:20,
I'm at セブンイレブン 横浜鴨居駅前店 - @711sej in 横浜市 神奈川県 https://t.co/dgO4OZiuLV,2016-08-11 15:17:33,
I'm at 鴨居駅 - @jreast_official in Yokohama 神奈川県 https://t.co/knUQEUdM0D,2016-10-06 19:08:42,
I'm at セブンイレブン 横浜鴨居駅前店 - @711sej in 横浜市 神奈川県 https://t.co/zUPkRxZ2Tk,2016-10-06 19:08:59,
I'm at セブンイレブン 横浜鴨居駅前店 - @711sej in 横浜市 神奈川県 https://t.co/g0aE7Erf5Y,2016-10-07 06:26:03,
I'm at 鴨居駅 - @jreast_official in Yokohama 神奈川県 https://t.co/trpvvAAXSA,2016-10-07 06:26:16,
,2016-10-07 08:58:58,
I'm at 鴨居駅 - @jreast_official in Yokohama 神奈川県 https://t.co/3wvsdmOhry,2016-10-07 10:41:27,
I'm at 鴨居駅 - @jreast_official in Yokohama 神奈川県 https://t.co/cYpoexamPw,2016-10-07 17:58:43,
I'm at 鴨居駅 - @jreast_official in Yokohama 神奈川県 https://t.co/3amv3JCif0,2016-10-07 18:03:36,
「大切ななにかを忘れてきていませんか...？」ってことでとうちゃーく！ (@ 鴨居駅 - @jreast_official in Yokohama 神奈川県) https://t.co/qDkrwDZDuc https://t.co/ad7g7GqNbt,2016-10-07 19:06:13,
I'm at 鴨居駅 - @jreast_official in Yokohama 神奈川県 https://t.co/QmXyxQ5Bns,2016-10-07 19:14:51,
I'm at セブンイレブン 横浜鴨居駅前店 - @711sej in 横浜市 神奈川県 https://t.co/OpJXPAvZ4Y,2016-10-07 19:15:12,
着いた！ (@ 鴨居駅 - @jreast_official in Yokohama 神奈川県) https://t.co/S2GODZDVDS,2016-10-07 19:35:12,
あっ…（察し (@ サークルK 鴨居店 in 横浜市 神奈川県) https://t.co/wtmKZS397C https://t.co/yws46tBjjL,2016-10-07 19:41:49,
I'm at 鴨居駅 - @jreast_official in Yokohama 神奈川県 https://t.co/yvgGAX3yIM,2016-10-07 22:33:02,
さあかえろう。担当はE233系クラH003編成。 (@ 鴨居駅 - @jreast_official in Yokohama 神奈川県) https://t.co/YuxAg7JJ3s,2016-10-07 22:38:16,
さあかえろう。担当はE233系クラH003編成。 (@ 鴨居駅 in Yokohama 神奈川県) https://t.co/IPKdxnLzJw https://t.co/62YPRksbaA,2016-10-07 23:15:55,
さあかえろう。担当はE233系クラH003編成。 (@ 鴨居駅 in Yokohama 神奈川県) https://t.co/IPKdxnLzJw https://t.co/0zXJGlpxpP,2016-10-07 23:16:02,
I'm at 鴨居駅 - @jreast_official in Yokohama 神奈川県 https://t.co/nnbOOifwiI,2016-10-08 06:42:55,
オリジナルカレーとプレミアム牛皿。?(?´o｀?)? @ 松屋 https://t.co/jBVTjjUPYO,2016-10-08 11:16:54,
I'm at 鴨居駅 - @jreast_official in Yokohama 神奈川県 https://t.co/h2weNi1zb2,2016-10-08 11:29:00,
I'm at セブンイレブン 横浜鴨居駅前店 - @711sej in 横浜市 神奈川県 https://t.co/J2glcw4lxf,2016-10-08 11:29:11,
I'm at マクドナルド 鴨居店 - @mcdonaldsjapan in 横浜市 神奈川県 https://t.co/ExIEXJc36a https://t.co/NDZtFQrFqj,2016-10-08 11:41:49,
今週3度目の通過 (@ 鴨居駅 - @jreast_official in Yokohama 神奈川県) https://t.co/O3mJa4jsM5,2016-10-08 15:00:25,
帰りも通過！！ (@ 鴨居駅 - @jreast_official in Yokohama 神奈川県) https://t.co/jzGZQ8Ymzy,2016-10-08 19:57:11,
I'm at 鴨居駅 - @jreast_official in Yokohama 神奈川県 https://t.co/V59XtTz6j1,2016-10-08 23:46:53,
I'm at セブンイレブン 横浜鴨居駅前店 - @711sej in 横浜市 神奈川県 https://t.co/n0YywX886O,2016-10-09 10:32:36,
I'm at 鴨居駅 - @jreast_official in Yokohama 神奈川県 https://t.co/UjvxgJsayq,2016-10-09 10:32:46,
I'm at 鴨居駅 - @jreast_official in Yokohama 神奈川県 https://t.co/YHQTMAEt77,2016-10-09 11:55:13,
I'm at 鴨居駅 - @jreast_official in Yokohama 神奈川県 https://t.co/rfWA8KtQcx,2016-10-09 23:47:09,
BBQだ (@ 鴨居駅 - @jreast_official in Yokohama 神奈川県) https://t.co/XRtVtwPcDH,2016-10-10 13:05:45,
I'm at 鴨居駅 - @jreast_official in Yokohama 神奈川県 w/ @_0_zero https://t.co/3f6j1T80nk,2016-10-10 15:18:53,
I'm at セブンイレブン 横浜鴨居駅前店 - @711sej in 横浜市 神奈川県 https://t.co/T3276fDn42,2016-10-10 15:19:05,
I'm at マクドナルド 鴨居店 - @mcdonaldsjapan in 横浜市 神奈川県 https://t.co/09ff3SUN8e https://t.co/fZbrP3qkx5,2016-10-10 15:21:25,
I'm at 鴨居駅 - @jreast_official in Yokohama 神奈川県 https://t.co/SuPum0hWqM,2016-10-10 17:17:01,
やっとここまで戻ってきたよ…。 (@ 鴨居駅 - @jreast_official in Yokohama 神奈川県) https://t.co/Gzqhwetk2W,2016-10-10 22:42:53,
I'm at セブンイレブン 横浜鴨居駅前店 - @711sej in 横浜市 神奈川県 https://t.co/bzDoHhY4t4,2016-10-11 06:10:29,
I'm at 鴨居駅 - @jreast_official in Yokohama 神奈川県 https://t.co/uq4aWx65zD,2016-10-11 06:10:40,
I'm at NEWDAYS 鴨居 - @newdays_jp in Yokohama 神奈川県 https://t.co/AY09CtPd33,2016-10-11 07:50:59,
I'm at 鴨居駅 - @jreast_official in Yokohama 神奈川県 https://t.co/Om0pBgjryV,2016-10-11 19:14:43,
I'm at セブンイレブン 横浜鴨居駅前店 - @711sej in 横浜市 神奈川県 https://t.co/RDQm9dToQj,2016-10-11 19:15:00,
I'm at セブンイレブン 横浜鴨居駅前店 - @711sej in 横浜市 神奈川県 https://t.co/lV1inhqL6r,2016-10-12 06:11:32,
I'm at 鴨居駅 - @jreast_official in Yokohama 神奈川県 https://t.co/PmAOqgMA3n,2016-10-12 06:11:43,
I'm at 鴨居駅 - @jreast_official in Yokohama 神奈川県 https://t.co/QbQARMv9u1,2016-10-12 14:42:07,
I'm at 鴨居駅 - @jreast_official in Yokohama 神奈川県 https://t.co/oNoJJzI2k9,2016-10-12 19:09:32,
I'm at セブンイレブン 横浜鴨居駅前店 - @711sej in 横浜市 神奈川県 https://t.co/P3bW6yGDsC,2016-10-12 19:09:50,
I'm at セブンイレブン 横浜鴨居駅前店 - @711sej in 横浜市 神奈川県 https://t.co/avxmJeOAkr,2016-10-13 06:10:28,
I'm at 鴨居駅 - @jreast_official in Yokohama 神奈川県 https://t.co/Pi518KsQBV https://t.co/fQ0qAJzfCS,2016-10-13 06:10:54,
I'm at 鴨居駅 - @jreast_official in Yokohama 神奈川県 https://t.co/Vkk7aZT3AE,2016-10-13 08:12:33,
I'm at 鴨居駅 - @jreast_official in Yokohama 神奈川県 https://t.co/9C8yhTCVyj,2016-10-13 19:09:45,
I'm at セブンイレブン 横浜鴨居駅前店 - @711sej in 横浜市 神奈川県 https://t.co/ElVVqDgkgu,2016-10-13 19:10:02,
I'm at 鴨居駅 - @jreast_official in Yokohama 神奈川県 https://t.co/n19IpTiijc,2016-10-13 21:44:00,
I'm at セブンイレブン 横浜鴨居駅前店 - @711sej in 横浜市 神奈川県 https://t.co/9qiqxKiPP9,2016-10-14 06:10:06,
I'm at 鴨居駅 - @jreast_official in Yokohama 神奈川県 https://t.co/GoAjNv7RkZ,2016-10-14 06:10:18,
I'm at 鴨居駅 - @jreast_official in Yokohama 神奈川県 https://t.co/gGy6Ip2TW2,2016-10-14 08:36:17,
I'm at 鴨居駅 - @jreast_official in Yokohama 神奈川県 https://t.co/9yAVJ7qQ08,2016-10-14 19:09:18,
I'm at セブンイレブン 横浜鴨居駅前店 - @711sej in 横浜市 神奈川県 https://t.co/KmQcerH3mn,2016-10-14 19:09:34,
I'm at 鴨居駅 - @jreast_official in Yokohama 神奈川県 https://t.co/8uDxRgJMq6,2016-10-14 20:34:37,
さむい (@ 鴨居駅 - @jreast_official in Yokohama 神奈川県) https://t.co/45J5diFlns,2016-10-14 21:41:35,
大泉勝彦 (@ 鴨居駅 - @jreast_official in Yokohama 神奈川県) https://t.co/SOldusuIOB,2016-10-15 08:00:39,
だるい (@ 鴨居駅 - @jreast_official in Yokohama 神奈川県) https://t.co/TxNn0Ozn6Z,2016-10-15 08:35:30,
I'm at 松屋 鴨居店 in 横浜市 神奈川県 https://t.co/OicDa2JrAl,2016-10-15 08:37:09,
I'm at 鴨居駅 - @jreast_official in Yokohama 神奈川県 https://t.co/oxMD7JKwaq,2016-10-15 08:48:26,
良い天気だな〜〜#天気よすぎる#これから#部活#やる気出る#弓道#撮影場所#鴨居駅 @ Kamoi Station https://t.co/NcIpoaoq3N,2016-10-15 11:59:55,
I'm at 鴨居駅 - @jreast_official in Yokohama 神奈川県 https://t.co/kqzFF87jbw,2016-10-15 15:34:09,
I'm at セブンイレブン 横浜鴨居駅前店 - @711sej in 横浜市 神奈川県 https://t.co/qMeuopWtcP,2016-10-15 15:34:18,
I'm at マクドナルド 鴨居店 - @mcdonaldsjapan in 横浜市 神奈川県 https://t.co/W5TUDBVGbC https://t.co/PA55uAY3i5,2016-10-15 15:36:21,
Moon over Kamoi. #kamoi #yokohama #japan #fullmoon,2016-10-15 18:44:49,
Full Moon Parking #yokohama #japan #fullmoon,2016-10-15 18:47:00,
飯うな (@ 日高屋 鴨居南口店 in 横浜市 神奈川県) https://t.co/5rGnvWSbGm,2016-10-15 20:48:04,
I'm at 日高屋 鴨居南口店 in 横浜市 神奈川県 https://t.co/sr5KuWNSOf,2016-10-16 00:36:30,
I'm at 鴨居駅 - @jreast_official in Yokohama 神奈川県 https://t.co/uwzo8hbQx8,2016-10-16 05:59:00,
I'm at 鴨居駅 - @jreast_official in Yokohama 神奈川県 https://t.co/OSyVSoaiuV,2016-10-16 06:35:17,
I'm at 鴨居駅 - @jreast_official in Yokohama 神奈川県 https://t.co/mtaHZw3mYw,2016-10-16 07:44:35,
通過 (@ 鴨居駅 - @jreast_official in Yokohama 神奈川県) https://t.co/j8UU233EzT,2016-10-16 09:02:57,
I'm at セブンイレブン 横浜鴨居駅前店 - @711sej in 横浜市 神奈川県 https://t.co/z7GI4ljEfh,2016-10-16 10:32:12,
I'm at 鴨居駅 - @jreast_official in Yokohama 神奈川県 https://t.co/PexCLAbPsM,2016-10-16 10:32:24,
帰りも通過！ (@ 鴨居駅 - @jreast_official in Yokohama 神奈川県) https://t.co/3iYvG6FLHZ,2016-10-16 13:00:03,
鴨居駅に戻って来てiPhone充電のためにマックへ。マックフルーリーのポムポムプリン。#マクドナルド鴨居店 #マックフルーリーポムポムプリン @ マクドナルド 鴨居店 https://t.co/7nOS4QpLIs,2016-10-16 19:47:43,
マックフルーリーポムポムプリンがあまりに甘すぎたので、お口直しのベーコンポテトパイをテイクアウトして電車待ちの間にいただきました(^_^;)。 @ Kamoi Station https://t.co/Nu79ZLABk4,2016-10-16 20:22:07,
I'm at セブンイレブン 横浜鴨居駅前店 - @711sej in 横浜市 神奈川県 https://t.co/wnX5mNcO8q,2016-10-17 06:13:28,
I'm at 鴨居駅 - @jreast_official in Yokohama 神奈川県 https://t.co/aTbiuEKn5Z,2016-10-17 06:13:39,
ちこく (@ 鴨居駅 - @jreast_official in Yokohama 神奈川県) https://t.co/FPbaIkTZZD,2016-10-17 07:11:05,
I'm at 鴨居駅 - @jreast_official in Yokohama 神奈川県 w/ @_0_zero https://t.co/rlIiweDyKH,2016-10-17 19:10:16,
I'm at セブンイレブン 横浜鴨居駅前店 - @711sej in 横浜市 神奈川県 https://t.co/tLTAGilNBY,2016-10-17 19:10:32,
I'm at セブンイレブン 横浜鴨居駅前店 - @711sej in 横浜市 神奈川県 https://t.co/57Pm6S8Uby,2016-10-18 06:10:56,
I'm at 鴨居駅 - @jreast_official in Yokohama 神奈川県 https://t.co/i1E5W5ebUp,2016-10-18 06:11:07,
I'm at マクドナルド 鴨居店 - @mcdonaldsjapan in 横浜市 神奈川県 https://t.co/tlpynnDkSR,2016-10-18 18:21:48,
I'm at 鴨居駅 - @jreast_official in Yokohama 神奈川県 https://t.co/UsLsKOlH37,2016-10-18 19:08:55,
I'm at セブンイレブン 横浜鴨居駅前店 - @711sej in 横浜市 神奈川県 https://t.co/OUwnZ6YGyz,2016-10-18 19:09:12,
I'm at セブンイレブン 横浜鴨居駅前店 - @711sej in 横浜市 神奈川県 https://t.co/8q47K9Msl2,2016-10-19 06:10:58,
I'm at 鴨居駅 - @jreast_official in Yokohama 神奈川県 https://t.co/1ZEsullMDS,2016-10-19 06:11:09,
I'm at 鴨居駅 - @jreast_official in Yokohama 神奈川県 https://t.co/aBTj4uCn2Q,2016-10-19 07:08:59,
I'm at サークルK 鴨居店 in 横浜市 神奈川県 https://t.co/sPhwbgQHZF,2016-10-19 07:13:53,
失われた生活リズムを取り戻す (@ すき家 鴨居駅北口店 - @sukiya_cp in 横浜市 神奈川県) https://t.co/ICxNu9d7WM,2016-10-19 08:35:28,
I'm at 鴨居駅 1-2番線ホーム https://t.co/1BDP2vwcMu,2016-10-19 12:03:50,
I'm at 鴨居駅 - @jreast_official in Yokohama 神奈川県 https://t.co/3sP2rFXoW1,2016-10-19 19:09:12,
I'm at セブンイレブン 横浜鴨居駅前店 - @711sej in 横浜市 神奈川県 https://t.co/OURCewSlqV,2016-10-19 19:09:39,
I'm at セブンイレブン 横浜鴨居駅前店 - @711sej in 横浜市 神奈川県 https://t.co/4BMQo4AB1t,2016-10-20 06:11:19,
I'm at 鴨居駅 - @jreast_official in Yokohama 神奈川県 https://t.co/KSvPDkwDPT,2016-10-20 06:11:31,
おないた,2016-10-20 08:42:45,
I'm at 鴨居駅 - @jreast_official in Yokohama 神奈川県 https://t.co/Flk8RGHgPy,2016-10-20 19:04:36,
I'm at セブンイレブン 横浜鴨居駅前店 - @711sej in 横浜市 神奈川県 https://t.co/ssRhUAlVz8,2016-10-20 19:05:03,
I'm at セブンイレブン 横浜鴨居駅前店 - @711sej in 横浜市 神奈川県 https://t.co/1wnUXvvcsq,2016-10-21 06:10:19,
I'm at 鴨居駅 - @jreast_official in Yokohama 神奈川県 https://t.co/t7DiCC2b2x,2016-10-21 06:10:28,
すき家が (@ すき家 鴨居駅北口店 - @sukiya_cp in 横浜市 神奈川県) https://t.co/idSNvNTans,2016-10-21 08:40:19,
通過！！ (@ 鴨居駅 - @jreast_official in Yokohama 神奈川県) https://t.co/eoD7ZMhGGF,2016-10-21 16:04:10,
I'm at 鴨居駅 - @jreast_official in Yokohama 神奈川県 https://t.co/NYNsDCm0M8,2016-10-21 16:11:57,
I'm at 鴨居駅 - @jreast_official in Yokohama 神奈川県 https://t.co/gzgEBdq9xN,2016-10-21 19:14:41,
I'm at セブンイレブン 横浜鴨居駅前店 - @711sej in 横浜市 神奈川県 https://t.co/yz4JPTgDV0,2016-10-21 19:14:55,
I'm at 鴨居駅 - @jreast_official in Yokohama 神奈川県 https://t.co/Ez2jjqLYRk,2016-10-21 22:21:22,
バ行くぞ (@ 鴨居駅 - @jreast_official in Yokohama 神奈川県) https://t.co/Wuy2l04h6e,2016-10-22 09:48:30,
かもい…かも (@ 鴨居駅 - @jreast_official in Yokohama 神奈川県) https://t.co/dyyP0DmjCo,2016-10-22 11:55:56,
しゅっしゃ！ (@ すき家 鴨居駅北口店 - @sukiya_cp in 横浜市 神奈川県) https://t.co/6y4VtVllsA,2016-10-22 12:24:50,
I'm at 鴨居駅 - @jreast_official in Yokohama 神奈川県 https://t.co/sR495zl8Sm,2016-10-22 12:25:46,
I'm at 鴨居駅 in Yokohama 神奈川県 https://t.co/q7gjaMPwbe,2016-10-22 12:27:06,
オリジナルカレーとプレミアム牛皿。?(?´o｀?)? @ 松屋 https://t.co/K9VIxwHKOU,2016-10-22 12:30:36,
オリジナルカレーとプレミアム牛皿。?(?´o｀?)? (@ 松屋 鴨居店 in 横浜市 神奈川県) https://t.co/ZDwvr93Ai7 https://t.co/uBbfhYXtX6,2016-10-22 12:31:07,
I'm at 鴨居駅 - @jreast_official in Yokohama 神奈川県 https://t.co/WvxQbZSNZ8,2016-10-22 17:08:13,
I'm at 鴨居駅 - @jreast_official in Yokohama 神奈川県 https://t.co/NMAs352a6r,2016-10-22 18:43:52,
I'm at 鴨居駅 - @jreast_official in Yokohama 神奈川県 https://t.co/fIiXMqfcXC,2016-10-22 22:36:18,
かえるかもい (@ 鴨居駅 - @jreast_official in Yokohama 神奈川県) https://t.co/tMZQsJz6Dv,2016-10-22 23:09:51,
遅刻をまたやらかすクソ雑魚 (@ 鴨居駅 - @jreast_official in Yokohama 神奈川県) https://t.co/iBtRYDZud5,2016-10-23 06:23:10,
I'm at 鴨居駅 in Yokohama 神奈川県 https://t.co/70jZPp6SOi,2016-10-23 06:34:05,
I'm at 鴨居駅 - @jreast_official in Yokohama 神奈川県 https://t.co/MMqMP3dwbu,2016-10-23 07:07:52,
I'm at セブンイレブン 横浜鴨居駅前店 - @711sej in 横浜市 神奈川県 https://t.co/XKxYgMrRdF,2016-10-23 10:28:53,
I'm at 鴨居駅 - @jreast_official in Yokohama 神奈川県 https://t.co/wvZyCbasoD,2016-10-23 10:29:10,
I'm at 鴨居駅 - @jreast_official in Yokohama 神奈川県 https://t.co/ULYqqnR5Em,2016-10-23 10:33:33,
I'm at 鴨居駅 - @jreast_official in Yokohama 神奈川県 https://t.co/Jh8MCVxfdk,2016-10-23 10:40:38,
着いた (@ 鴨居駅 in Yokohama 神奈川県) https://t.co/RH5F9WGPIy,2016-10-23 11:06:40,
I'm at 鴨居駅 - @jreast_official in Yokohama 神奈川県 w/ @docpe_sg https://t.co/wXyaPEEOmH,2016-10-23 11:12:52,
I'm at 鴨居駅 - @jreast_official in Yokohama 神奈川県 https://t.co/USiCFpJXag,2016-10-23 11:25:36,
I'm at 鴨居駅 - @jreast_official in Yokohama 神奈川県 https://t.co/O9t1r8fGNn,2016-10-23 11:26:31,
I'm at 鴨居駅 - @jreast_official in Yokohama 神奈川県 https://t.co/zu6N4vYQIJ,2016-10-23 12:01:56,
I'm at 鴨居駅 - @jreast_official in Yokohama 神奈川県 https://t.co/Hhjh1iXHrh,2016-10-23 12:10:09,
I'm at 鴨居駅 in Yokohama 神奈川県 https://t.co/ayswdu0kXX,2016-10-23 12:13:31,
かもい (@ 鴨居駅 - @jreast_official in Yokohama 神奈川県) https://t.co/0x3clEBG6n,2016-10-23 12:20:08,
I'm at 鴨居駅 - @jreast_official in Yokohama 神奈川県 https://t.co/n14uFoDbQY,2016-10-23 12:54:52,
I'm at 鴨居駅 in Yokohama 神奈川県 https://t.co/CssmYaFdGq,2016-10-23 13:00:44,
I'm at 鴨居駅 in Yokohama 神奈川県 https://t.co/xPUeVjUJWj,2016-10-23 14:33:17,
I'm at 鴨居駅 - @jreast_official in Yokohama 神奈川県 https://t.co/wmi8AiGxmE,2016-10-23 14:45:38,
I'm at 鴨居駅 - @jreast_official in Yokohama 神奈川県 https://t.co/jsVQPjqd2R,2016-10-23 15:32:28,
I'm at セブンイレブン 横浜鴨居駅前店 - @711sej in 横浜市 神奈川県 https://t.co/QuxEMOkGrE,2016-10-23 15:32:38,
I'm at マクドナルド 鴨居店 - @mcdonaldsjapan in 横浜市 神奈川県 https://t.co/4zyEeIaHZF https://t.co/n9E6ROaNrP,2016-10-23 15:38:50,
I'm at 鴨居駅 - @jreast_official in Yokohama 神奈川県 https://t.co/BMg2XwpsCQ,2016-10-23 15:53:49,
I'm at 鴨居駅 - @jreast_official in Yokohama 神奈川県 https://t.co/QpiwYeCSC3,2016-10-23 16:48:07,
I'm at 鴨居駅 in Yokohama 神奈川県 https://t.co/gkBQ6DRW6p,2016-10-23 17:03:30,
I'm at セブンイレブン 横浜鴨居駅前店 - @711sej in 横浜市 神奈川県 https://t.co/P0R9kyOMAo,2016-10-24 06:10:08,
I'm at 鴨居駅 - @jreast_official in Yokohama 神奈川県 https://t.co/3pLrYj5n7q,2016-10-24 06:10:20,
I'm at 鴨居駅 - @jreast_official in Yokohama 神奈川県 https://t.co/F5viugAbCo,2016-10-24 08:16:36,
I'm at 鴨居駅 - @jreast_official in Yokohama 神奈川県 https://t.co/8P9j3Vcmnz,2016-10-24 08:46:58,
結構遠い (@ Caffe Veloce in 横浜市 神奈川県) https://t.co/9RMaVCtWmO,2016-10-24 11:45:05,
一旦休憩 (@ Caffe Veloce in 横浜市 神奈川県) https://t.co/2tO69xBTwj,2016-10-24 13:06:25,
I'm at 鴨居駅 - @jreast_official in Yokohama 神奈川県 https://t.co/xdSQ5iWje9,2016-10-24 19:09:14,
I'm at 鴨居駅 - @jreast_official in Yokohama 神奈川県 https://t.co/HOv37lO23Z,2016-10-24 19:09:29,
I'm at セブンイレブン 横浜鴨居駅前店 - @711sej in 横浜市 神奈川県 https://t.co/f3LlJWb7qx,2016-10-24 19:09:33,
I'm at セブンイレブン 横浜鴨居駅前店 - @711sej in 横浜市 神奈川県 https://t.co/iE5DiMd9Gp,2016-10-25 06:09:58,
I'm at 鴨居駅 - @jreast_official in Yokohama 神奈川県 https://t.co/fyV1lKXd2n,2016-10-25 06:10:09,
I'm at 鴨居駅 - @jreast_official in Yokohama 神奈川県 https://t.co/Yxf7QPT04u,2016-10-25 06:19:17,
I'm at 鴨居駅 - @jreast_official in Yokohama 神奈川県 https://t.co/f4BKVRXPdq,2016-10-25 09:43:02,
あさごはん (@ NEWDAYS 鴨居 - @newdays_jp in Yokohama 神奈川県) https://t.co/yDbFvNSpgg,2016-10-25 16:57:12,
I'm at 鴨居駅 - @jreast_official in Yokohama 神奈川県 https://t.co/WsClQZoxtY,2016-10-25 17:30:21,
雨ちょっと濡れた (@ 鴨居駅 - @jreast_official in Yokohama 神奈川県) https://t.co/Vq3CdvFz6X,2016-10-25 18:16:10,
I'm at 鴨居駅 - @jreast_official in Yokohama 神奈川県 https://t.co/qaRC4ZrZwy,2016-10-25 19:09:15,
I'm at セブンイレブン 横浜鴨居駅前店 - @711sej in 横浜市 神奈川県 https://t.co/vAVHccYDkL,2016-10-25 19:09:31,
I'm at セブンイレブン 横浜鴨居駅前店 - @711sej in 横浜市 神奈川県 https://t.co/9JFYSm1M4A,2016-10-26 06:10:32,
I'm at 鴨居駅 - @jreast_official in Yokohama 神奈川県 https://t.co/QBpwipCRdm,2016-10-26 06:10:44,
I'm at 鴨居駅 - @jreast_official in Yokohama 神奈川県 https://t.co/qfjCY815cr,2016-10-26 09:50:51,
I'm at 鴨居駅 in Yokohama 神奈川県 https://t.co/DhFcvdtdNR,2016-10-26 13:05:57,
I'm at Kamoi Station - @jreast_official in Yokohama 神奈川県 https://t.co/mwQm3kQMlY,2016-10-26 14:44:32,
急行 (@ 鴨居駅 - @jreast_official in Yokohama 神奈川県) https://t.co/9l6kX1ITwA,2016-10-26 15:38:52,
I'm at 鴨居駅 - @jreast_official in Yokohama 神奈川県 https://t.co/A7AUF6IKmo,2016-10-26 19:15:07,
I'm at セブンイレブン 横浜鴨居駅前店 - @711sej in 横浜市 神奈川県 https://t.co/b2Ngog4omJ,2016-10-26 19:15:29,
I'm at 鴨居駅 - @jreast_official in Yokohama 神奈川県 https://t.co/yiKOfsxuNh,2016-10-26 21:00:46,
久しぶりや (@ すき家 鴨居駅北口店 - @sukiya_cp in 横浜市 神奈川県) https://t.co/LnGfGmI6kc,2016-10-26 21:31:53,
I'm at セブンイレブン 横浜鴨居駅前店 - @711sej in 横浜市 神奈川県 https://t.co/wpX9tb8EyB,2016-10-27 06:09:57,
I'm at 鴨居駅 - @jreast_official in Yokohama 神奈川県 https://t.co/UCHm07Aj1N,2016-10-27 06:10:09,
I'm at 鴨居駅 - @jreast_official in Yokohama 神奈川県 https://t.co/NNtZLJJKr4,2016-10-27 18:07:44,
I'm at セブンイレブン 横浜鴨居駅前店 - @711sej in 横浜市 神奈川県 https://t.co/IWFQiQpJd7,2016-10-27 18:08:09,
I'm at セブンイレブン 横浜鴨居駅前店 - @711sej in 横浜市 神奈川県 https://t.co/dWnJ5R6R9I,2016-10-28 06:11:18,
I'm at 鴨居駅 - @jreast_official in Yokohama 神奈川県 https://t.co/vDO6QxSycG,2016-10-28 06:11:28,
到着 (@ Caffe Veloce in 横浜市 神奈川県) https://t.co/xSPis1E2UO,2016-10-28 12:19:09,
おわーり (@ Caffe Veloce in 横浜市 神奈川県) https://t.co/lXFxwah4he,2016-10-28 14:38:53,
I'm at 鴨居駅 - @jreast_official in Yokohama 神奈川県 https://t.co/28Fnujq4Sm,2016-10-28 19:09:19,
I'm at セブンイレブン 横浜鴨居駅前店 - @711sej in 横浜市 神奈川県 https://t.co/KNoqx4bJgP,2016-10-28 19:09:34,
やまかけ牛丼ミニサラダセットください (@ すき家 鴨居駅北口店 - @sukiya_cp in 横浜市 神奈川県) https://t.co/vhwCzagG6O,2016-10-28 20:29:57,
I'm at 鴨居駅 - @jreast_official in Yokohama 神奈川県 https://t.co/5NhGwLrj6p,2016-10-29 05:53:20,
I'm at 鴨居駅 - @jreast_official in Yokohama 神奈川県 https://t.co/ng3dUsEE6k,2016-10-29 15:20:21,
I'm at セブンイレブン 横浜鴨居駅前店 - @711sej in 横浜市 神奈川県 https://t.co/O5loI9oF3X,2016-10-29 15:20:32,
I'm at マクドナルド 鴨居店 - @mcdonaldsjapan in 横浜市 神奈川県 https://t.co/pPeq23fIgT https://t.co/PwbPhTSJ9j,2016-10-29 15:23:30,
I'm at 横浜家系ラーメン 大岡家 in 横浜市 神奈川県 https://t.co/b2tS0C29PD,2016-10-29 16:33:17,
鴨居かも (@ 鴨居駅 - @jreast_official in Yokohama 神奈川県) https://t.co/XjQFg4oSv3,2016-10-29 18:27:21,
I'm at 鴨居駅 - @jreast_official in Yokohama 神奈川県 https://t.co/BvhyKBXinT,2016-10-30 05:55:22,
I'm at セブンイレブン 横浜鴨居駅前店 - @711sej in 横浜市 神奈川県 https://t.co/G8jPBNHFQA,2016-10-30 10:27:54,
I'm at 鴨居駅 - @jreast_official in Yokohama 神奈川県 https://t.co/86PaYiF2gU,2016-10-30 10:28:08,
モイ！ (@ 鴨居駅 - @jreast_official in Yokohama 神奈川県) https://t.co/qbHDKGvK1I,2016-10-30 12:47:32,
I'm at 鴨居駅 - @jreast_official in Yokohama 神奈川県 https://t.co/OgExrQdZ4F,2016-10-30 13:59:49,
I'm at 鴨居駅 - @jreast_official in Yokohama 神奈川県 https://t.co/rTQfxBZ7di,2016-10-30 15:19:24,
I'm at 鴨居駅 - @jreast_official in Yokohama 神奈川県 https://t.co/bgARYHxKGc,2016-10-30 15:31:55,
I'm at 鴨居駅 - @jreast_official in Yokohama 神奈川県 https://t.co/lqS41a3YSs,2016-10-30 16:14:58,
I'm at 鴨居駅 - @jreast_official in Yokohama 神奈川県 https://t.co/0gTfCGCZaJ,2016-10-30 16:22:21,
I'm at セブンイレブン 横浜鴨居駅前店 - @711sej in 横浜市 神奈川県 https://t.co/qx9qKPwK1K,2016-10-30 16:22:30,
I'm at カフェ・ベローチェ 鴨居店 in 横浜市 神奈川県 https://t.co/OrSzLS4E60,2016-10-30 17:25:41,
I'm at 鴨居駅 - @jreast_official in Yokohama 神奈川県 https://t.co/wj8X8DLvKI,2016-10-30 17:33:48,
I'm at セブンイレブン 横浜鴨居駅前店 - @711sej in 横浜市 神奈川県 https://t.co/VuETAHa9Qy,2016-10-31 06:10:27,
I'm at 鴨居駅 - @jreast_official in Yokohama 神奈川県 https://t.co/m7FeOgvfHc,2016-10-31 06:10:42,
I'm at 鴨居駅 - @jreast_official in Yokohama 神奈川県 https://t.co/jbdD97DWwp,2016-10-31 19:10:01,
I'm at セブンイレブン 横浜鴨居駅前店 - @711sej in 横浜市 神奈川県 https://t.co/QZ0rf39lGJ,2016-10-31 19:10:16,
I'm at 横浜家系ラーメン 大岡家 in 横浜市 神奈川県 https://t.co/SEqRfURnZ6 https://t.co/YoL82J1k0l,2016-10-31 19:57:23,
とりそぼろ丼並サラダセットください (@ すき家 鴨居駅北口店 - @sukiya_cp in 横浜市 神奈川県) https://t.co/WUDAzYXTul,2016-10-31 21:21:09,
I'm at 鴨居駅 - @jreast_official in Yokohama 神奈川県 https://t.co/NRDY4O9e3q,2016-10-31 21:34:53,
