横浜線町田駅。下り八王子方面、5?10分程遅延運行中です。横浜駅付近での防護無線受信に伴う、根岸線桜木町方面からの列車遅延による運転間隔調整の影響。 https://t.co/x3KfhZ954S,2016-08-02 13:00:12,
働き方について考えませんか？　労働対価が経済的報酬だけでは、女性の活躍、扶養家族でいたいからパートで働くという選択肢には対応出来ないよね。,2016-08-02 21:26:37,
I'm at 古淵駅 - @jreast_official in 相模原市 神奈川県 https://t.co/n81R9oKQjD,2016-08-04 20:48:03,
I'm at 古淵駅 - @jreast_official in 相模原市 神奈川県 https://t.co/Qn7GrUbFlZ,2016-08-05 06:24:11,
I'm at 古淵駅 - @jreast_official in 相模原市 神奈川県 https://t.co/2WOjEJvetl,2016-08-05 20:47:51,
I'm at 古淵駅 - @jreast_official in 相模原市 神奈川県 https://t.co/8KgMhMkEOJ,2016-08-06 07:03:01,
I'm at 古淵駅 - @jreast_official in 相模原市 神奈川県 https://t.co/1BkeON5H3o,2016-08-07 18:02:34,
トランスマチックは古淵までもどる。先日stan氏にお話しした古淵の券売機はこんな位置関係（改札は自宅着後にのせます）。 (@ 古淵駅 in 相模原市 神奈川県) https://t.co/lhopf90zOb https://t.co/lg2ewHOuoB,2016-08-07 22:38:21,
I'm at 古淵駅 - @jreast_official in 相模原市 神奈川県 https://t.co/uBqSJ2nvla,2016-08-08 10:54:59,
I'm at 古淵駅 - @jreast_official in 相模原市 神奈川県 https://t.co/x6s6xMxV3C,2016-08-08 18:51:56,
I'm at 古淵駅 - @jreast_official in 相模原市 神奈川県 https://t.co/dl0se9MKal,2016-10-06 20:45:30,
I'm at 古淵駅 - @jreast_official in 相模原市 神奈川県 https://t.co/24sNcK8cAU,2016-10-07 06:28:48,
I'm at 古淵駅 - @jreast_official in 相模原市 神奈川県 https://t.co/rFqGPFO2Pr,2016-10-07 11:23:38,
寄り道 (@ 古淵駅 - @jreast_official in 相模原市 神奈川県) https://t.co/owvHdRkSVk,2016-10-07 12:21:19,
I'm at 古淵駅 in 相模原市 神奈川県 https://t.co/emleodiGYk,2016-10-07 17:31:54,
I'm at 古淵駅 - @jreast_official in 相模原市 神奈川県 https://t.co/CYKTfeGgfs,2016-10-07 18:27:16,
降りない (@ 古淵駅 - @jreast_official in 相模原市 神奈川県) https://t.co/zLubUzmpOO,2016-10-07 19:17:13,
I'm at 古淵駅 - @jreast_official in 相模原市 神奈川県 https://t.co/gsWdVXeroE,2016-10-08 10:15:37,
I'm at 古淵駅 バスターミナル in 相模原市 神奈川県 https://t.co/15GozwNgjv,2016-10-08 11:24:27,
I'm at 古淵駅 - @jreast_official in 相模原市 神奈川県 https://t.co/bQ5bNmG8im,2016-10-08 20:34:59,
I'm at 古淵駅 - @jreast_official in 相模原市 神奈川県 https://t.co/Vsng54MXkw,2016-10-14 06:27:13,
I'm at 古淵駅 - @jreast_official in 相模原市 神奈川県 https://t.co/dDMJKQ1omm,2016-10-14 16:20:53,
I'm at 古淵駅 in 相模原市 神奈川県 https://t.co/4Xq6pFmm3s,2016-10-15 09:56:47,
I'm at 古淵駅 - @jreast_official in 相模原市 神奈川県 https://t.co/UAPA7GQcq6,2016-10-21 06:24:52,
I'm at 古淵駅 in 相模原市 神奈川県 https://t.co/IuaTI63knX,2016-10-21 18:28:11,
親案件でSuicaにチャージるん！ (@ 古淵駅 - @jreast_official in 相模原市 神奈川県) https://t.co/CeNM4es9Z0 https://t.co/hAtgmlOuAR,2016-10-21 20:12:34,
ビアードK (@ 古淵駅 - @jreast_official in 相模原市 神奈川県) https://t.co/xK7o5E9fnK,2016-10-22 18:00:52,
おっぱい,2016-10-22 18:12:05,
I'm at 古淵駅 - @jreast_official in 相模原市 神奈川県 https://t.co/U53W2AEjXY,2016-10-22 20:45:26,
I'm at 古淵駅 - @jreast_official in 相模原市 神奈川県 https://t.co/q6FLAZ2cGn,2016-10-23 16:39:14,
I'm at 古淵駅 - @jreast_official in 相模原市 神奈川県 https://t.co/MstCdPXw9l,2016-10-26 10:00:19,
I'm at 古淵駅 - @jreast_official in 相模原市 神奈川県 https://t.co/hCJ5t9bvg6,2016-10-27 20:51:09,
I'm at 古淵駅 - @jreast_official in 相模原市 神奈川県 https://t.co/RvQ6KZfY6j,2016-10-28 06:24:13,
I'm at 古淵駅 in 相模原市 神奈川県 https://t.co/kA61SXrKPG,2016-10-30 07:19:11,
I'm at 古淵駅 - @jreast_official in 相模原市 神奈川県 https://t.co/HRSoSoyaw0,2016-10-30 20:18:24,
I'm at 古淵駅 - @jreast_official in 相模原市 神奈川県 https://t.co/BqcEF4HlYW,2016-10-31 20:46:30,
