I'm at 淵野辺駅 - @jreast_official in 相模原市 神奈川県 https://t.co/N6htjpO9Sk,2016-08-01 07:21:09,
I'm at 淵野辺駅 - @jreast_official in 相模原市 神奈川県 https://t.co/YIGzBiI89d,2016-08-01 15:30:44,
I'm at 淵野辺駅 - @jreast_official in 相模原市 神奈川県 https://t.co/PBymJuobYj,2016-08-02 09:58:55,
I'm at 淵野辺駅 - @jreast_official in 相模原市 神奈川県 https://t.co/z9k6cNTaFx,2016-08-02 12:02:29,
I'm at 淵野辺駅 - @jreast_official in 相模原市 神奈川県 https://t.co/gWaOVfKj0H,2016-08-02 13:09:27,
I'm at 淵野辺駅 - @jreast_official in 相模原市 神奈川県 https://t.co/ohw88foe93,2016-08-02 13:43:23,
I'm at 淵野辺駅 - @jreast_official in 相模原市 神奈川県 https://t.co/Mdvj1iPBdz,2016-08-02 15:41:48,
I'm at 淵野辺駅 - @jreast_official in 相模原市 神奈川県 https://t.co/ohJHnQr2YO,2016-08-03 07:42:48,
健全 (@ 淵野辺駅 - @jreast_official in 相模原市 神奈川県) https://t.co/fvOSaKh1T7,2016-08-03 17:49:48,
I'm at 有隣堂 淵野辺店 in 相模原市 神奈川県 https://t.co/x0nElM0IZX,2016-08-03 18:02:36,
I'm at 淵野辺駅 - @jreast_official in 相模原市 神奈川県 https://t.co/YCvAVzkWgn,2016-08-04 08:31:10,
I'm at 淵野辺駅 - @jreast_official in 相模原市 神奈川県 https://t.co/nVVdFyHwG8,2016-08-05 08:20:08,
作業が予定よりかかってしまい。ただいま出発。 (@ 淵野辺駅 - @jreast_official in 相模原市 神奈川県) https://t.co/AJqNjeH1CF,2016-08-05 09:30:55,
I'm at 淵野辺駅 - @jreast_official in 相模原市 神奈川県 https://t.co/36qHhyLFxp,2016-08-05 12:04:27,
I'm at 餃子の王将 淵野辺店 in 相模原市 神奈川県 https://t.co/3T2y0un4CF,2016-08-05 16:02:38,
淵野辺なう。昼間は暑かったけど、この時間は少し涼しい。 https://t.co/BjnCK1Y2EQ,2016-08-05 21:14:11,
I'm at 淵野辺駅 - @jreast_official in 相模原市 神奈川県 https://t.co/GXHZCbuAN8,2016-08-05 23:04:51,
I'm at 淵野辺駅南口 in 相模原市 神奈川県 https://t.co/QALbcIThDL,2016-08-05 23:39:22,
I'm at 淵野辺駅 - @jreast_official in 相模原市 神奈川県 https://t.co/5tk2xZtTA8,2016-08-06 06:22:18,
I'm at 淵野辺駅 - @jreast_official in 相模原市 神奈川県 https://t.co/xrjedwfHW4,2016-08-06 07:46:29,
I'm at 淵野辺駅 - @jreast_official in 相模原市 神奈川県 https://t.co/ZJ8vbfSpkU,2016-08-06 19:12:15,
I'm at 淵野辺駅 - @jreast_official in 相模原市 神奈川県 https://t.co/eRxDIF3iT4,2016-08-08 08:10:02,
着いた、つかれみ (@ 淵野辺駅 - @jreast_official in 相模原市 神奈川県) https://t.co/dSCKbzVPw4,2016-08-08 08:56:35,
リテールテックであったパナ版J-Mupsなちよだ鮨が近くにもあったのでテスト。なんと送ってとおすだけでオーソリがおりた！ (@ ちよだ鮨 淵野辺店 in 相模原市 神奈川県) https://t.co/CO59vwZTSy https://t.co/cK4obhmMOH,2016-08-08 22:01:18,
I'm at 淵野辺駅 - @jreast_official in 相模原市 神奈川県 https://t.co/IC02W0SUpD,2016-08-09 08:34:03,
今日は打ち合わせからの池袋。 (@ 淵野辺駅 - @jreast_official in 相模原市 神奈川県) https://t.co/UOLooQLx9W,2016-08-09 09:30:44,
I'm at 淵野辺駅 - @jreast_official in 相模原市 神奈川県 https://t.co/aSsRCGYpOM,2016-08-10 07:13:12,
I'm at Fuchinobe Station - @jreast_official in 相模原市 神奈川県 https://t.co/FLDUi0Agmp,2016-08-10 18:08:50,
I'm at 淵野辺駅 - @jreast_official in 相模原市 神奈川県 https://t.co/VrmWkSt3ge,2016-08-10 19:11:05,
I'm at 淵野辺駅 - @jreast_official in 相模原市 神奈川県 https://t.co/IlgPWYyGei,2016-08-11 07:59:56,
I'm at 淵野辺駅 - @jreast_official in 相模原市 神奈川県 https://t.co/dqgtHqTHsZ,2016-10-06 18:40:34,
I'm at 淵野辺駅 - @jreast_official in 相模原市 神奈川県 https://t.co/R7CGMIQggW,2016-10-06 18:40:52,
本日２回目 (@ 淵野辺駅 - @jreast_official in 相模原市 神奈川県) https://t.co/w2s9bZpExD,2016-10-06 18:56:50,
I'm at 淵野辺駅 - @jreast_official in 相模原市 神奈川県 https://t.co/tmPGm1BUUJ,2016-10-07 06:50:32,
I'm at 淵野辺駅 - @jreast_official in 相模原市 神奈川県 https://t.co/GonhKyUZKa,2016-10-07 08:07:29,
I'm at 淵野辺駅 - @jreast_official in 相模原市 神奈川県 https://t.co/NF3OTaiDlH,2016-10-07 10:47:15,
I'm at 淵野辺駅 - @jreast_official in 相模原市 神奈川県 https://t.co/VNkDCsiUa1,2016-10-07 11:26:32,
I'm at 淵野辺駅 - @jreast_official in 相模原市 神奈川県 https://t.co/PywqL5uZkE,2016-10-07 15:07:25,
I'm at 淵野辺駅 - @jreast_official in 相模原市 神奈川県 https://t.co/XtdgXJpqnO,2016-10-07 18:30:11,
I'm at 淵野辺駅 - @jreast_official in 相模原市 神奈川県 https://t.co/aq9gSY8uID,2016-10-07 23:36:33,
I'm at 淵野辺駅 - @jreast_official in 相模原市 神奈川県 https://t.co/gTL21wR1G4,2016-10-07 23:40:02,
今日は仕事が2つ。まずは横浜でセンディング。 (@ 淵野辺駅 - @jreast_official in 相模原市 神奈川県) https://t.co/cCgpG7p35f,2016-10-08 04:40:18,
I'm at 淵野辺駅 - @jreast_official in 相模原市 神奈川県 https://t.co/qe8G3m1udj,2016-10-08 06:44:20,
キャンパスめちゃめちゃ褒めてくれるから私はこれからもここで頑張っていけそうです??みんなもさがきゃんに来てくれてもいいんだよ...,2016-10-08 21:17:03,
I'm at 大戸屋 淵野辺駅前店 in 相模原市 神奈川県 https://t.co/nsBSGOEPct,2016-10-09 13:54:49,
#相模原祭 #AGU #1009 #freiheit… https://t.co/n0zxv5NDdS,2016-10-10 11:52:38,
#AGU #相模原祭 #1009 #freiheit #13th @ 青山学院大学相模原祭 https://t.co/jqXQan5JAq,2016-10-10 11:58:53,
#AGU #相模原祭 #1009 #freiheit #盛れ写… https://t.co/kQm9DFc56i,2016-10-10 12:05:07,
さがさいいちにちめ,2016-10-10 22:46:47,
さがさいいちにちめ,2016-10-10 22:50:30,
I'm at 淵野辺駅 - @jreast_official in 相模原市 神奈川県 https://t.co/dUIwWzJ2TR,2016-10-11 08:39:17,
I'm at 淵野辺駅 - @jreast_official in 相模原市 神奈川県 https://t.co/3KYYAVY0aO,2016-10-11 10:40:47,
I'm at 淵野辺駅 - @jreast_official in 相模原市 神奈川県 https://t.co/wvF9dK7t8a,2016-10-11 12:08:37,
I'm at 淵野辺駅 - @jreast_official in 相模原市 神奈川県 https://t.co/8gTBQMjgFQ,2016-10-11 14:31:01,
I'm at 淵野辺駅 - @jreast_official in 相模原市 神奈川県 https://t.co/A5Iq4ZFqq9,2016-10-11 16:50:11,
微妙にロゴのデザイン違った笑同じDOWBLなんだけどね笑そしてゴールドアクセがやっぱ好き。べつにイキってるわけじゃない。#dowbl #nixon #nike #sneaker… https://t.co/XPr7KapAzx,2016-10-11 17:19:47,
駅からおはようございますー。早速移動開始。担当はE233系クラH006編成。 (@ 淵野辺駅 - @jreast_official in 相模原市 神奈川県) https://t.co/hiWVtEQjzc https://t.co/XAu5aoVTdW,2016-10-12 06:22:09,
I'm at 淵野辺駅 - @jreast_official in 相模原市 神奈川県 https://t.co/EBX8UbZKRy,2016-10-12 08:54:25,
I'm at 淵野辺駅 in 相模原市 神奈川県 https://t.co/6uILqdXWdM,2016-10-12 10:07:51,
I'm at 淵野辺駅 - @jreast_official in 相模原市 神奈川県 https://t.co/LEb4MUgiZW,2016-10-12 10:40:34,
I'm at 淵野辺駅 - @jreast_official in 相模原市 神奈川県 https://t.co/NRue8sXLZc,2016-10-12 12:03:18,
I'm at 淵野辺駅 - @jreast_official in 相模原市 神奈川県 https://t.co/y95Ljt7KUQ,2016-10-12 14:34:49,
I'm at 淵野辺駅 - @jreast_official in 相模原市 神奈川県 https://t.co/XCMQ3HDdbY,2016-10-12 15:00:41,
本当電車嫌い... (@ 淵野辺駅 - @jreast_official in 相模原市 神奈川県) https://t.co/dNncmi1gi9,2016-10-12 17:46:50,
I'm at 淵野辺駅 - @jreast_official in 相模原市 神奈川県 https://t.co/NiZYXIsTHf,2016-10-12 20:11:54,
ついたー！ (@ 淵野辺駅 - @jreast_official in 相模原市 神奈川県) https://t.co/hUIFtNzSpo https://t.co/AVFMCEyFLu,2016-10-12 23:06:09,
I'm at 淵野辺駅 - @jreast_official in 相模原市 神奈川県 https://t.co/5Io9z8rYu4,2016-10-13 07:23:29,
I'm at 淵野辺駅 - @jreast_official in 相模原市 神奈川県 https://t.co/9ZoGE884Zt,2016-10-13 10:42:49,
I'm at 淵野辺駅 - @jreast_official in 相模原市 神奈川県 https://t.co/9FyAWYDchQ,2016-10-13 18:03:04,
I'm at 淵野辺駅 - @jreast_official in 相模原市 神奈川県 https://t.co/9FyAWYDchQ,2016-10-13 18:03:04,
I'm at 淵野辺駅 - @jreast_official in 相模原市 神奈川県 https://t.co/gNrGY7Z8xT,2016-10-14 08:40:33,
I'm at 淵野辺駅 - @jreast_official in 相模原市 神奈川県 https://t.co/Pwctg6gIxE,2016-10-14 10:19:16,
I'm at 淵野辺駅 - @jreast_official in 相模原市 神奈川県 https://t.co/czT7Hty3ZM,2016-10-14 15:05:33,
I'm at 淵野辺駅 - @jreast_official in 相模原市 神奈川県 https://t.co/W8dT1xk0vk,2016-10-15 06:26:10,
I'm at 淵野辺駅 - @jreast_official in 相模原市 神奈川県 https://t.co/MHGz8ObgVT,2016-10-15 07:47:11,
I'm at 淵野辺駅 - @jreast_official in 相模原市 神奈川県 https://t.co/jGd4ZIVdle,2016-10-15 08:21:26,
I'm at 淵野辺駅 - @jreast_official in 相模原市 神奈川県 https://t.co/4XyCW5utRf,2016-10-15 09:08:26,
I'm at 淵野辺駅 - @jreast_official in 相模原市 神奈川県 https://t.co/4jDiUizDyp,2016-10-15 14:51:57,
I'm at 淵野辺駅 in 相模原市 神奈川県 https://t.co/YvHgMT9yG7,2016-10-16 08:47:12,
I'm at サンマルクカフェ 淵野辺駅店 in 相模原市 神奈川県 https://t.co/a2U5ISN7NB,2016-10-16 08:48:17,
I'm at 淵野辺駅 - @jreast_official in 相模原市 神奈川県 https://t.co/BFq7YRF21Z,2016-10-16 09:04:42,
? (@ 淵野辺駅 - @jreast_official in 相模原市 神奈川県) https://t.co/N8zxTvMTfp,2016-10-16 09:26:20,
I'm at 淵野辺駅 - @jreast_official in 相模原市 神奈川県 https://t.co/DbWJnAn8GT,2016-10-17 09:59:05,
I'm at 淵野辺駅 - @jreast_official in 相模原市 神奈川県 https://t.co/BwpKO03Afg,2016-10-17 10:42:10,
I'm at 淵野辺駅 - @jreast_official in 相模原市 神奈川県 https://t.co/16L0qdNapO,2016-10-17 12:21:34,
I'm at 淵野辺駅 - @jreast_official in 相模原市 神奈川県 https://t.co/TzyiWoci68,2016-10-17 15:08:27,
親に呼び出しをくらったため自宅最寄り駅から出撃。担当はE233系クラH015編成。 (@ 淵野辺駅 - @jreast_official in 相模原市 神奈川県) https://t.co/ZhIviBb0MC https://t.co/tSnd7M7LkH,2016-10-17 15:21:51,
ついたー！ (@ 淵野辺駅 - @jreast_official in 相模原市 神奈川県) https://t.co/19fHYJIIAv https://t.co/zTkNyR4cLu,2016-10-17 17:03:53,
I'm at 淵野辺駅 in 相模原市 神奈川県 https://t.co/Gg1NKjziXK,2016-10-17 17:31:01,
#コンビニ族 @ Fuchinobe Station https://t.co/VZ0CgWiFaZ,2016-10-17 20:32:56,
I'm at 淵野辺駅 - @jreast_official in 相模原市 神奈川県 https://t.co/QuLOqUvUhx,2016-10-18 09:15:12,
I'm at 淵野辺駅 - @jreast_official in 相模原市 神奈川県 https://t.co/KfyNe2xz2d,2016-10-18 10:40:41,
I'm at 淵野辺駅 - @jreast_official in 相模原市 神奈川県 https://t.co/8706uVpsru,2016-10-18 16:28:38,
I'm at 淵野辺駅 in 相模原市 神奈川県 https://t.co/ap0nHzHsxZ,2016-10-19 07:28:13,
I'm at 淵野辺駅 - @jreast_official in 相模原市 神奈川県 https://t.co/s7slM7ir2U,2016-10-19 08:13:23,
I'm at 淵野辺駅 - @jreast_official in 相模原市 神奈川県 https://t.co/b4Wdkm6KtG,2016-10-19 10:41:02,
I'm at 淵野辺駅 - @jreast_official in 相模原市 神奈川県 https://t.co/9vtm2CPYdi,2016-10-19 15:06:48,
I'm at サンマルクカフェ 淵野辺駅店 in 相模原市 神奈川県 https://t.co/j9jvYcheTq,2016-10-19 17:22:41,
I'm at 淵野辺駅 - @jreast_official in 相模原市 神奈川県 https://t.co/Ru8e9c5jIw,2016-10-20 08:07:31,
I'm at 淵野辺駅 - @jreast_official in 相模原市 神奈川県 https://t.co/E0RYHp3coj,2016-10-20 10:40:42,
この時間にセットを頼んでしまった… (@ 餃子の王将 淵野辺店 in 相模原市 神奈川県) https://t.co/LnQZHlMy5a,2016-10-20 16:15:46,
I'm at 淵野辺駅 in 相模原市 神奈川県 https://t.co/i4w0MHZpQn,2016-10-20 16:18:33,
I'm at 淵野辺駅 - @jreast_official in 相模原市 神奈川県 https://t.co/It8SeOir9S,2016-10-20 18:01:45,
I'm at 淵野辺駅 - @jreast_official in 相模原市 神奈川県 https://t.co/kPvH421XTs,2016-10-21 06:26:49,
I'm at 淵野辺駅 in 相模原市 神奈川県 https://t.co/SDkih1OXI8,2016-10-22 20:10:41,
I'm at 淵野辺駅 - @jreast_official in 相模原市 神奈川県 https://t.co/aOQdUWV2an,2016-10-23 11:39:20,
I'm at 淵野辺駅 - @jreast_official in 相模原市 神奈川県 https://t.co/tVlA2N3HA1,2016-10-23 13:38:28,
I'm at 淵野辺駅 - @jreast_official in 相模原市 神奈川県 https://t.co/AlsuZWd3YY,2016-10-23 17:15:21,
I'm at 淵野辺駅 - @jreast_official in 相模原市 神奈川県 https://t.co/lkabYpENo1,2016-10-24 08:39:46,
I'm at 淵野辺駅 - @jreast_official in 相模原市 神奈川県 https://t.co/MqfyvDGm0L,2016-10-24 15:09:48,
I'm at 淵野辺駅 - @jreast_official in 相模原市 神奈川県 https://t.co/IbQ6SMS6Vk,2016-10-25 09:58:50,
昼 (@ 餃子の王将 淵野辺店 in 相模原市 神奈川県) https://t.co/E7XZikGbaj,2016-10-25 14:51:59,
I'm at 淵野辺駅 - @jreast_official in 相模原市 神奈川県 https://t.co/RZqSMPMz04,2016-10-25 16:30:41,
I'm at 淵野辺駅 - @jreast_official in 相模原市 神奈川県 https://t.co/9o01UVnnu7,2016-10-26 08:38:52,
I'm at 淵野辺駅 - @jreast_official in 相模原市 神奈川県 https://t.co/kGUp1BnAdk,2016-10-26 10:31:41,
I'm at 淵野辺駅 in 相模原市 神奈川県 https://t.co/gdLZwozAqO,2016-10-26 14:57:35,
I'm at 淵野辺駅 - @jreast_official in 相模原市 神奈川県 https://t.co/Kuy5mSRNhF,2016-10-27 08:39:51,
I'm at 淵野辺駅 - @jreast_official in 相模原市 神奈川県 https://t.co/CeFXGuTAVx,2016-10-27 10:27:05,
I'm at 淵野辺駅 - @jreast_official in 相模原市 神奈川県 https://t.co/rurXDNNWJD,2016-10-27 18:29:16,
I'm at 淵野辺駅 - @jreast_official in 相模原市 神奈川県 https://t.co/3VO7y8a7v3,2016-10-28 08:15:18,
I'm at 淵野辺駅 - @jreast_official in 相模原市 神奈川県 https://t.co/Ic8UofsO7J,2016-10-28 20:30:02,
I'm at 餃子の王将 淵野辺店 in 相模原市 神奈川県 https://t.co/1memwTDIbU,2016-10-28 20:42:35,
I'm at 餃子の王将 淵野辺店 in 相模原市 神奈川県 w/ @kx850 https://t.co/vpz2PxA3hH,2016-10-28 20:47:51,
I'm at 淵野辺駅 - @jreast_official in 相模原市 神奈川県 https://t.co/Uws8l2mcb6,2016-10-29 09:54:29,
I'm at 淵野辺駅 - @jreast_official in 相模原市 神奈川県 https://t.co/Fis6i0vgEr,2016-10-29 11:16:00,
I'm at 餃子の王将 淵野辺店 in 相模原市 神奈川県 https://t.co/RHqfsXr2yx,2016-10-29 12:44:48,
お邪魔しま (@ 淵野辺駅 - @jreast_official in 相模原市 神奈川県) https://t.co/t0rVzUyWuo,2016-10-29 14:41:14,
I'm at 淵野辺駅 in 相模原市 神奈川県 https://t.co/MzrHmd7akk,2016-10-29 15:16:12,
雑誌のラジオ番組表を久しぶりに見た(^^) 買ってくかなぁ(⌒‐⌒) (@ 有隣堂 淵野辺店 in 相模原市 神奈川県) https://t.co/Q7tlHweMUe https://t.co/GFJLAKhjj9,2016-10-29 15:48:13,
I'm at 淵野辺駅 - @jreast_official in 相模原市 神奈川県 https://t.co/8tvzmUkEiB,2016-10-30 07:15:44,
I'm at 淵野辺駅 - @jreast_official in 相模原市 神奈川県 https://t.co/mTULizZdLE,2016-10-30 12:35:12,
久しぶりの淵野辺！ (@ 淵野辺駅 - @jreast_official in 相模原市 神奈川県) https://t.co/UyIVDzZ35Q,2016-10-30 13:24:30,
I'm at 餃子の王将 淵野辺店 in 相模原市 神奈川県 https://t.co/kxhvCI7dvg,2016-10-30 19:36:41,
999だ！ (@ 淵野辺駅 - @jreast_official in 相模原市 神奈川県) https://t.co/OrkO1blzLh,2016-10-30 19:37:58,
I'm at 淵野辺駅 - @jreast_official in 相模原市 神奈川県 https://t.co/umcrvOetkp,2016-10-31 06:29:01,
I'm at 淵野辺駅 - @jreast_official in 相模原市 神奈川県 https://t.co/xDEnQtDPNO,2016-10-31 10:41:19,
I'm at 淵野辺駅 - @jreast_official in 相模原市 神奈川県 https://t.co/d59ywCLrsa,2016-10-31 15:10:20,
