I'm at 片倉駅 - @jreast_official in 八王子市 東京都 https://t.co/3y2an6SGC0,2016-08-02 11:12:52,
1つ目の大学見学終了！今日は実優の行きたい大学に,2016-08-03 12:58:01,
I'm at 片倉駅 - @jreast_official in 八王子市 東京都 https://t.co/J1UEo0tcLJ,2016-08-05 15:13:45,
ここから歩くのは久々だね,2016-08-06 13:34:14,
大丈夫ですよ〜,2016-08-06 22:07:58,
かえります @ Katakura Station https://t.co/tn9QOvFpV3,2016-08-06 22:12:34,
I'm at 片倉駅 - @jreast_official in 八王子市 東京都 https://t.co/UFVE4WxVHj,2016-08-11 12:12:47,
I'm at 片倉駅 - @jreast_official in 八王子市 東京都 https://t.co/ck7xc7fxL4,2016-10-07 11:22:35,
本日オープン！※スリーエフがリニューアル！ @ Katakura Station https://t.co/NGwXNUXcgT,2016-10-07 20:05:09,
雨に濡れちまった。 (@ 片倉駅 - @jreast_official in 八王子市 東京都) https://t.co/bgInyV4o1H,2016-10-09 09:18:06,
I'm at 片倉駅 - @jreast_official in 八王子市 東京都 https://t.co/Il7edV0JXM,2016-10-10 09:42:28,
I'm at 片倉駅 - @jreast_official in 八王子市 東京都 https://t.co/p055VA4Ue8,2016-10-12 00:10:19,
I'm at 片倉駅 - @jreast_official in 八王子市 東京都 https://t.co/HdjkVsfQTt,2016-10-12 11:35:39,
I'm at 片倉駅 - @jreast_official in 八王子市 東京都 https://t.co/g1nPTHOXCc,2016-10-13 08:05:08,
I'm at 片倉駅 - @jreast_official in 八王子市 東京都 https://t.co/1IqiXCEnYc,2016-10-14 11:43:03,
I'm at 片倉駅 - @jreast_official in 八王子市 東京都 https://t.co/o60jN5NOpM,2016-10-18 19:11:57,
I'm at 片倉駅 - @jreast_official in 八王子市 東京都 https://t.co/rnAxmsRcPB,2016-10-20 08:03:11,
I'm at 片倉駅 - @jreast_official in 八王子市 東京都 https://t.co/zmsrDS1eGJ,2016-10-22 15:43:01,
ドラクエ不正 深刻化するRMT | 2016/10/23(日) - Yahoo!ニュース https://t.co/nERthWI8Nr #Yahooニュース,2016-10-24 00:32:29,
平幹二朗さん急死 82歳 | 2016/10/23(日) - Yahoo!ニュース https://t.co/DaK9xRHDnW #Yahooニュース,2016-10-24 00:34:01,
鳥取地震 体調不良訴えが増加 | 2016/10/23(日) - Yahoo!ニュース https://t.co/xpHI6s5aBq #Yahooニュース,2016-10-24 00:35:05,
福岡6区｢鳩山｣知名度が圧倒 | 2016/10/24(月) - Yahoo!ニュース https://t.co/w2NQSxKLit #Yahooニュース,2016-10-24 00:45:33,
【中古】 Alaxala AX2430S-24T 24ポート1000BASE-T/SFP L2スイッチ ALAXALA https://t.co/HeNKPcvxPd @amazonJPから,2016-10-24 00:48:49,
【中古】 Cisco WS-C2960-24TC-L V09 C2960-LANBASE-M Ver.12.2(53)SE2 Cisco System... https://t.co/LkwUqRSk30 @amazonJPから,2016-10-24 00:50:13,
【中古】 Cisco WS-C2960G-48TC-L V06 C2960-LANBASE-M Ver.12.2(37)SE Cisco System... https://t.co/hn6nH4aUK6 @amazonJPから,2016-10-24 00:52:14,
【中古】 富士通 PRIMERGY RX300S5 XeonE5502/2GB/300GB*2/RAID/DVD 富士通 https://t.co/tq8bYsNW3x @amazonJPから,2016-10-24 00:55:05,
【中古】 DELL PowerEdge R710 XeonE5606-2.13GHz/6GB/146GB*2/RAID/DVD Dell https://t.co/agmVbCzTRA @amazonJPから,2016-10-24 00:57:31,
【中古】 富士通 PRIMERGY RX300S7 Xeon E5 2637/16GB/146GB*2/RAID/DVD 富士通 https://t.co/gds68EBGRs @amazonJPから,2016-10-24 00:58:59,
【中古】 hp ProCurve Switch 2910al-48G 48ポートGbE J9147A ヒューレット･パッカード https://t.co/ozfcccsSRI @amazonJPから,2016-10-24 01:01:03,
I'm at 片倉駅 - @jreast_official in 八王子市 東京都 https://t.co/HNWDyFsLRO,2016-10-25 08:02:47,
I'm at 片倉駅 - @jreast_official in 八王子市 東京都 https://t.co/HbnziRHOc2,2016-10-26 11:36:58,
I'm at 片倉駅 - @jreast_official in 八王子市 東京都 https://t.co/QC9rrbc9KV,2016-10-27 08:03:45,
乗り過ごしました (@ 片倉駅 - @jreast_official in 八王子市 東京都) https://t.co/HkWosTFSIj,2016-10-28 00:30:31,
I'm at 片倉駅 - @jreast_official in 八王子市 東京都 https://t.co/wlugWriYyq,2016-10-30 08:37:24,
I'm at 片倉駅 - @jreast_official in 八王子市 東京都 https://t.co/EseyEbO5O1,2016-10-31 09:43:13,
