I'm at セブンイレブン 新越谷駅前通り店 in 越谷市 埼玉県 https://t.co/wZGCLz6EFO,2016-08-02 07:28:55,
I'm at 南越谷駅 1番線ホーム in 越谷市 埼玉県 https://t.co/uKYNEZlsLB,2016-08-03 06:39:19,
I'm at セブンイレブン 新越谷駅前通り店 in 越谷市 埼玉県 https://t.co/Fya8k6pCTQ,2016-08-03 07:12:56,
I'm at セブンイレブン 新越谷駅前通り店 in 越谷市 埼玉県 https://t.co/rL44GKG1XF,2016-08-04 07:27:50,
I'm at セブンイレブン 新越谷駅前通り店 in 越谷市 埼玉県 https://t.co/xcW0g5WohQ,2016-08-05 07:30:16,
I'm at 南越谷駅 1番線ホーム in 越谷市 埼玉県 https://t.co/97GcH2XuF1,2016-08-06 18:39:41,
I'm at カラオケシティベア 南越谷1号店 in 越谷市 埼玉県 https://t.co/rQ50I2hQZu,2016-08-06 20:32:41,
I'm at セブンイレブン 新越谷駅前通り店 in 越谷市 埼玉県 https://t.co/AsB5zNwSYJ,2016-08-08 06:56:04,
I'm at セブンイレブン 新越谷駅前通り店 in 越谷市 埼玉県 https://t.co/I8qbRptzNL,2016-08-09 07:12:11,
I'm at セブンイレブン 新越谷駅前通り店 in 越谷市 埼玉県 https://t.co/sWBB9qW67e,2016-08-10 07:01:39,
昼そば(￣▽￣)#天玉そば #揚げ物love #駅そば @ いろり庵きらく南越谷店 https://t.co/ppbZX071Wm,2016-08-10 13:45:45,
I'm at セブンイレブン 新越谷駅前通り店 in 越谷市 埼玉県 https://t.co/mwjaR93iSl,2016-10-07 07:11:39,
I'm at 南越谷駅 in 越谷市 埼玉県 https://t.co/ue0Ji7yYsu,2016-10-07 09:00:45,
I'm at 南越谷駅 in 越谷市 埼玉県 https://t.co/2I3uKLGc67,2016-10-07 12:38:24,
腰痛い (@ 南越谷駅 in 越谷市 埼玉県) https://t.co/1qUzBn8gGm,2016-10-07 21:17:12,
I'm at 居楽屋 笑笑 南越谷南口駅前店 in 越谷市 埼玉県 https://t.co/7bbeiYs1mC,2016-10-08 23:12:52,
北大路区 (@ 南越谷駅 in 越谷市 埼玉県) https://t.co/G6s2uEqjCo,2016-10-08 23:53:34,
帰宅難民である… (@ 南越谷駅 in 越谷市 埼玉県) https://t.co/TT0bayLhSK,2016-10-09 00:41:11,
なん☆こし (@ 南越谷駅 in 越谷市 埼玉県) https://t.co/vSj8RQXFuR,2016-10-09 07:06:22,
I'm at 南越谷駅 in 越谷市 埼玉県 https://t.co/NQF8FP6p5Z,2016-10-09 09:17:35,
I'm at 南越谷駅 in 越谷市 埼玉県 https://t.co/JdDN9fLPiZ,2016-10-09 10:59:41,
I'm at 南越谷駅 in 越谷市 埼玉県 https://t.co/yWmRtWTlcM,2016-10-09 19:27:42,
..#土間土間 #南越谷 #怜菜スペシャル #賄い #パンケーキ #sweets #?? #?? #?? #?? #?? #????? #????? #????? #,2016-10-10 18:44:49,
松伏高校… https://t.co/gDlVK3IsAv,2016-10-10 23:40:21,
嵐電コラボか。 https://t.co/J88nUaI8Su,2016-10-11 08:19:22,
I'm at 南越谷駅 in 越谷市 埼玉県 https://t.co/EEW2VODkMl,2016-10-11 12:55:40,
I'm at セブンイレブン 新越谷駅前通り店 in 越谷市 埼玉県 https://t.co/836P4jAdD1,2016-10-12 07:01:36,
はぁ...大学行きたくないンゴねぇ.... (@ 7-Eleven in 越谷市 埼玉県) https://t.co/l1pnZvDwL1,2016-10-12 08:52:04,
I'm at 南越谷駅 in 越谷市 埼玉県 https://t.co/5dMGhU5Cca,2016-10-12 16:46:10,
通過,2016-10-12 18:28:50,
I'm at 欧風酒場 ZIP in 越谷市 埼玉県 https://t.co/VvCFKtFLea,2016-10-12 21:01:55,
I'm at セブンイレブン 新越谷駅前通り店 in 越谷市 埼玉県 https://t.co/T5T3c4AsPg,2016-10-13 07:29:52,
娘行きつけの寿司屋#寿司#南越谷#埼玉 @ すし屋銀蔵　南越谷店 https://t.co/U5JcLq5W86,2016-10-13 17:53:24,
約十分寝過ごしました← (@ 南越谷駅 1番線ホーム in 越谷市 埼玉県) https://t.co/wc1xecLsPp,2016-10-14 06:03:18,
I'm at セブンイレブン 新越谷駅前通り店 in 越谷市 埼玉県 https://t.co/AkffDa5ZMc,2016-10-14 07:10:59,
新潟へ向けて出発 (@ 南越谷駅 in 越谷市 埼玉県) https://t.co/9ljqDr0ABa,2016-10-14 09:53:16,
I'm at 居楽屋 笑笑 南越谷南口駅前店 in 越谷市 埼玉県 https://t.co/eDOB0GNyrM,2016-10-15 01:07:44,
I'm at 居楽屋 笑笑 南越谷南口駅前店 in 越谷市 埼玉県 w/ @at_least_ https://t.co/7L1EbDNSg3,2016-10-15 01:08:03,
I'm at 南越谷駅 in 越谷市 埼玉県 https://t.co/UXzpoSzqAo,2016-10-15 06:14:10,
I'm at 南越谷駅 in 越谷市 埼玉県 https://t.co/o7gJcqfz26,2016-10-15 08:00:44,
I'm at 南越谷駅 in 越谷市 埼玉県 w/ @salmonjp0130 https://t.co/joxMqWYH8h,2016-10-15 08:01:01,
I'm at 南越谷駅 in 越谷市 埼玉県 https://t.co/ejg2BjOZnI,2016-10-15 08:46:58,
乗り換え (@ 南越谷駅 in 越谷市 埼玉県) https://t.co/l01J0fCaWX https://t.co/9KEQWVMlMI,2016-10-15 09:27:59,
I'm at 南越谷駅 in 越谷市 埼玉県 https://t.co/oTteNeomdX,2016-10-15 10:00:52,
I'm at 南越谷駅 in 越谷市 埼玉県 https://t.co/F6F3VG5HJL,2016-10-15 11:00:18,
I'm at 南越谷駅 in 越谷市 埼玉県 https://t.co/xYs04YoFtq,2016-10-15 16:57:13,
おのりかえ (@ 南越谷駅 in 越谷市 埼玉県) https://t.co/GJIn1ggPdt,2016-10-15 17:07:10,
残念会！ (@ 五蔵 in 越谷市 埼玉県) https://t.co/EG7Ucx4xYa,2016-10-15 18:34:21,
I'm at 南越谷駅 in 越谷市 埼玉県 https://t.co/gwwl9JqSPw,2016-10-15 19:17:33,
おー。 故郷 (@ 南越谷駅 in 越谷市 埼玉県) https://t.co/sL5r4qMNl1,2016-10-15 20:53:55,
I'm at 南越谷駅 in 越谷市 埼玉県 https://t.co/kByBLXtjKB,2016-10-16 00:37:14,
I'm at 南越谷駅 in 越谷市 埼玉県 https://t.co/E6bCc9dxAq,2016-10-16 09:58:17,
I'm at 南越谷駅 in 越谷市 埼玉県 https://t.co/SQPSTfcaAt,2016-10-16 10:35:47,
I'm at 南越谷駅 in 越谷市 埼玉県 https://t.co/O3PuOOUYH0,2016-10-16 18:49:48,
I'm at 松之家 南越谷店 in 越谷市南越谷1-19-2 https://t.co/e7n7tcyuGu,2016-10-16 20:41:37,
I'm at セブンイレブン 新越谷駅前通り店 in 越谷市 埼玉県 https://t.co/TA62pHdpGw,2016-10-17 06:57:23,
I'm at 南越谷駅 in 越谷市 埼玉県 https://t.co/Y3wo9f0pGg,2016-10-17 09:30:40,
I'm at 南越谷駅 in 越谷市 埼玉県 https://t.co/aDXEbwuQQA,2016-10-17 10:16:18,
I'm at 南越谷駅 in 越谷市 埼玉県 https://t.co/pU9ZcheuFP,2016-10-17 18:33:26,
I'm at 南越谷駅 in 越谷市 埼玉県 https://t.co/4nc4qHTJrb,2016-10-18 06:27:52,
I'm at セブンイレブン 新越谷駅前通り店 in 越谷市 埼玉県 https://t.co/qIkgbnLqRe,2016-10-18 07:30:58,
I'm at 南越谷駅 in 越谷市 埼玉県 https://t.co/TqJVo0Cf8M,2016-10-18 20:21:04,
I'm at 南越谷駅 in 越谷市 埼玉県 https://t.co/x5RBsyuc2t,2016-10-19 12:47:19,
I'm at 南越谷駅 in 越谷市 埼玉県 https://t.co/XywVvP4PsW,2016-10-19 13:55:12,
今夜はこちら (@ 南越谷駅 in 越谷市 埼玉県) https://t.co/lfnbze8Yeg,2016-10-19 19:03:15,
I'm at 南越谷駅 in 越谷市 埼玉県 https://t.co/Jzq4axCAEQ,2016-10-19 22:42:51,
I'm at セブンイレブン 新越谷駅前通り店 in 越谷市 埼玉県 https://t.co/4L1acwPwTO,2016-10-20 07:32:04,
I'm at 南越谷駅 in 越谷市 埼玉県 https://t.co/IFqzrhAuen,2016-10-20 12:09:35,
こんにちは (@ 南越谷駅 in 越谷市 埼玉県) https://t.co/hrfJjTC7EM,2016-10-20 19:07:28,
I'm at 南越谷駅 in 越谷市 埼玉県 https://t.co/sxkzMOQgou,2016-10-20 19:23:18,
I'm at 居楽屋 笑笑 南越谷南口駅前店 in 越谷市 埼玉県 https://t.co/4j0WsV2AAT,2016-10-21 02:41:11,
I'm at セブンイレブン 新越谷駅前通り店 in 越谷市 埼玉県 https://t.co/s76T0G2Kxy,2016-10-21 07:29:39,
I'm at 南越谷駅 in 越谷市 埼玉県 https://t.co/MKVtAneSNq,2016-10-21 08:36:09,
I'm at 南越谷駅 in 越谷市 埼玉県 https://t.co/FScdeK9frF,2016-10-21 11:37:45,
I'm at 南越谷駅 in 越谷市 埼玉県 https://t.co/6AcgAcV8Av,2016-10-21 17:46:08,
I'm at 吉野家 南越谷店 in 越谷市 埼玉県 https://t.co/h2J0rekwpg https://t.co/2HFGLPUqk4,2016-10-21 19:50:37,
I'm at 南越谷駅 in 越谷市 埼玉県 https://t.co/yVtIJjOzhb,2016-10-21 21:03:12,
I'm at 南越谷駅 in 越谷市 埼玉県 https://t.co/H3Qp1DyzIb,2016-10-22 05:53:34,
I'm at 南越谷駅 in 越谷市 埼玉県 https://t.co/5HqQggZ4KV,2016-10-22 08:07:36,
I'm at 南越谷駅 in 越谷市 埼玉県 https://t.co/ot2tRmzA0B,2016-10-22 10:06:33,
I'm at 南越谷駅 in 越谷市 埼玉県 https://t.co/tcuCYCGGRO,2016-10-22 10:28:16,
I'm at 南越谷駅 in 越谷市 埼玉県 https://t.co/CRmc0oVtY7,2016-10-22 15:49:40,
疲れた眠い (@ 南越谷駅 in 越谷市 埼玉県) https://t.co/UMjjrKqvwr,2016-10-22 17:56:35,
I'm at 南越谷駅 in 越谷市 埼玉県 https://t.co/vhM6EBcgsT,2016-10-22 22:38:08,
I'm at 南越谷駅 in 越谷市 埼玉県 https://t.co/qbUqL9wmXc,2016-10-23 05:22:27,
たぶん初めて降りた駅 (@ Minami-Koshigaya Station in 越谷市 埼玉県) https://t.co/Ur1QZE1JI9,2016-10-23 11:35:30,
I'm at 南越谷駅 in 越谷市 埼玉県 https://t.co/ZP6ZRqZmHd,2016-10-23 16:35:53,
しもうさのーるーよーw (@ 南越谷駅 in 越谷市 埼玉県) https://t.co/fPv1BIS9jE,2016-10-23 16:43:47,
I'm at 南越谷駅 in 越谷市 埼玉県 https://t.co/dMGfdUwZrS,2016-10-23 18:49:16,
I'm at NEWDAYS 南越谷 in 越谷市 埼玉県 https://t.co/kRg69pENbb,2016-10-23 18:50:47,
帰ルビィ (@ 南越谷駅 in 越谷市 埼玉県) https://t.co/SFyvcROyhl,2016-10-23 21:14:25,
うまいラーメン食べたいねん (@ 南越谷駅 in 越谷市 埼玉県) https://t.co/O2a0yVknyB,2016-10-23 21:45:33,
06：02発東京行 (@ 南越谷駅 in 越谷市 埼玉県) https://t.co/lNzylOaLiA,2016-10-24 05:57:24,
I'm at 南越谷駅 in 越谷市 埼玉県 https://t.co/daAibS9iee,2016-10-24 12:24:45,
おしごとおわ (@ 南越谷駅 in 越谷市 埼玉県) https://t.co/ED5wwddQGf,2016-10-24 18:10:52,
I'm at 南越谷駅 in 越谷市 埼玉県 https://t.co/sgBpNCCdSN,2016-10-24 18:31:24,
東武線の新越谷駅でJRの南越谷駅に乗換。わかりにくいぞ (@ 南越谷駅 in 越谷市 埼玉県) https://t.co/Npy4dX421J,2016-10-24 19:29:22,
I'm at 南越谷駅 in 越谷市 埼玉県 https://t.co/LYRaND60jA,2016-10-25 06:40:26,
I'm at セブンイレブン 新越谷駅前通り店 in 越谷市 埼玉県 https://t.co/N6CR4DCLGP,2016-10-25 07:10:34,
I'm at 南越谷駅 in 越谷市 埼玉県 https://t.co/jgyZwmNy4a,2016-10-25 08:12:00,
さて移動,2016-10-25 13:36:58,
I'm at セブンイレブン 新越谷駅前通り店 in 越谷市 埼玉県 https://t.co/BYQ20gAFcW,2016-10-26 07:28:21,
I'm at 南越谷駅 in 越谷市 埼玉県 https://t.co/mBuPzeaNHB,2016-10-26 16:20:25,
I'm at セブンイレブン 新越谷駅前通り店 in 越谷市 埼玉県 https://t.co/TqleV6y7Vj,2016-10-27 07:11:15,
I'm at 南越谷駅 in 越谷市 埼玉県 https://t.co/4Cbi94MYdi,2016-10-27 07:55:45,
I'm at 南越谷駅 in 越谷市 埼玉県 https://t.co/O8oqPKvUyK,2016-10-27 15:47:45,
I'm at 南越谷駅 in 越谷市 埼玉県 https://t.co/mQVkNhWo6m,2016-10-28 04:51:02,
I'm at セブンイレブン 新越谷駅前通り店 in 越谷市 埼玉県 https://t.co/T4ff8EPvdv,2016-10-28 07:28:13,
I'm at 南越谷駅 in 越谷市 埼玉県 https://t.co/KcfNcoL22M,2016-10-28 12:28:49,
I'm at 南越谷駅 in 越谷市 埼玉県 https://t.co/fHA1vmtxjd,2016-10-28 17:49:30,
I'm at 南越谷駅 in 越谷市 埼玉県 https://t.co/PG0F3g9Nk6,2016-10-28 19:01:30,
I'm at 吉野家 南越谷店 in 越谷市 埼玉県 https://t.co/hr8FqMU9pi,2016-10-28 19:49:45,
I'm at 南越谷駅 1番線ホーム in 越谷市 埼玉県 https://t.co/5o2ERiXTrF,2016-10-28 21:01:34,
I'm at 南越谷駅 in 越谷市 埼玉県 https://t.co/PFrGWX1xyD,2016-10-28 21:01:42,
I'm at 南越谷駅 in 越谷市 埼玉県 https://t.co/9BDnPSYPVm,2016-10-28 21:57:57,
I'm at セブンイレブン 新越谷駅前通り店 in 越谷市 埼玉県 https://t.co/1G8zS3wTqd,2016-10-29 04:32:46,
I'm at 南越谷駅 in 越谷市 埼玉県 https://t.co/dWG1XUhy0F,2016-10-29 08:56:23,
I'm at 南越谷駅 in 越谷市 埼玉県 https://t.co/loRRiu4hVk,2016-10-29 09:17:06,
仙台へ帰省します (@ 南越谷駅 1番線ホーム in 越谷市 埼玉県) https://t.co/ABVTnpo9w1,2016-10-29 09:28:19,
I'm at 南越谷駅 in 越谷市 埼玉県 https://t.co/SQt4SBCJLK,2016-10-29 10:28:25,
I'm at 南越谷駅 in 越谷市 埼玉県 https://t.co/FpyMQdFZVD,2016-10-29 14:54:46,
I'm at 松之家 南越谷店 in 越谷市南越谷1-19-2 https://t.co/UiIaElPBXP,2016-10-29 18:27:38,
I'm at 南越谷駅 in 越谷市 埼玉県 https://t.co/pzwcuWuln7,2016-10-29 19:14:47,
I'm at 銀蔵 南越谷店 in 越谷市 埼玉県 https://t.co/4uq9CZPjvM,2016-10-29 19:17:30,
I'm at 南越谷駅 in 越谷市 埼玉県 https://t.co/Oby5IcztZ5,2016-10-29 20:49:50,
帰還 ねみ (@ 南越谷駅 in 越谷市 埼玉県) https://t.co/nlnPJEtZfT,2016-10-30 00:27:07,
I'm at 南越谷駅 in 越谷市 埼玉県 https://t.co/r9bSOCb0xr,2016-10-30 07:44:47,
I'm at 南越谷駅 in 越谷市 埼玉県 https://t.co/sGF7PTY5Gi,2016-10-30 10:55:23,
I'm at 南越谷駅 in 越谷市 埼玉県 https://t.co/mTvg67Td1S,2016-10-30 17:23:56,
I'm at 南越谷駅 in 越谷市 埼玉県 https://t.co/3YrD8krDBS,2016-10-30 17:49:29,
I'm at 南越谷駅 1番線ホーム in 越谷市 埼玉県 https://t.co/aHZvNhTqX0,2016-10-30 17:49:47,
I'm at 南越谷駅 in 越谷市 埼玉県 https://t.co/SkHtqZQyez,2016-10-30 18:41:18,
I'm at 南越谷駅 in 越谷市 埼玉県 https://t.co/ztHFHSQvJP,2016-10-30 18:57:36,
I'm at 南越谷駅 in 越谷市 埼玉県 https://t.co/veUoVCmCCl,2016-10-30 20:42:01,
I'm at 南越谷駅 in 越谷市 埼玉県 https://t.co/5J05wfMmHK,2016-10-31 06:28:02,
I'm at 南越谷駅 in 越谷市 埼玉県 https://t.co/STGon9ZMOs,2016-10-31 18:05:06,
