I'm at 大磯駅 - @jreast_official in 大磯町 神奈川県 https://t.co/eZAbzbvBKm,2016-08-06 06:53:38,
I'm at 大磯駅 - @jreast_official in 大磯町 神奈川県 https://t.co/EVv3YuGuEK,2016-08-06 08:34:28,
夏がやってきた...#夏 @ ?iso Station https://t.co/vX3SKGK4it,2016-08-06 10:57:24,
I'm at 大磯駅 - @jreast_official in 大磯町 神奈川県 https://t.co/yikMyVj8Zb,2016-08-06 13:35:16,
I'm at 大磯駅 - @jreast_official in 大磯町 神奈川県 https://t.co/5aBIU9d9Va,2016-08-06 21:08:19,
暑い！ @ ?iso Station https://t.co/HnlYoeUm24,2016-08-07 08:23:43,
I'm at 大磯駅 - @jreast_official in 大磯町 神奈川県 https://t.co/neUjFXQVvM,2016-08-07 09:10:07,
I'm at 大磯駅 in 大磯町 神奈川県 https://t.co/rgT6KgOHkn,2016-08-08 09:30:22,
浜辺のパリピぶっとばす,2016-08-10 18:04:45,
I'm at 大磯駅 - @jreast_official in 大磯町 神奈川県 https://t.co/8om37kdIZ7,2016-08-11 13:35:15,
I'm at 大磯駅 in 大磯町 神奈川県 https://t.co/g3ItSi2Gcu,2016-08-11 15:39:00,
大磯村には何もない (@ 大磯駅 - @jreast_official in 大磯町 神奈川県) https://t.co/Z1FXE9IAok,2016-10-07 17:34:08,
I'm at 大磯駅 - @jreast_official in 大磯町 神奈川県 https://t.co/tUaiNvAe8F,2016-10-08 00:56:43,
一人になったｗ (@ 大磯駅 - @jreast_official in 大磯町 神奈川県) https://t.co/PJh2Qp2Z97 https://t.co/Lk5kwhTPWv,2016-10-14 19:50:26,
I'm at 大磯駅 - @jreast_official in 大磯町 神奈川県 https://t.co/M3IEFTakO6,2016-10-15 17:58:30,
通過 (@ 大磯駅 - @jreast_official in 大磯町 神奈川県) https://t.co/8uGtDQNF4z,2016-10-15 18:11:41,
夕方に仕事を切り上げてあとは明日やることにしてちょっと大磯まで幸せな時間(*´ω`*) @ ?iso Station https://t.co/leo2L4BHS1,2016-10-15 21:55:15,
I'm at 大磯駅 - @jreast_official in 大磯町 神奈川県 https://t.co/0hRGZwc0Mz,2016-10-16 06:06:24,
ｼｭﾀｯｯ (@ ?iso Station - @jreast_official in 大磯町 神奈川県) https://t.co/Dw9XGyaj8K,2016-10-21 11:07:42,
I'm at 大磯駅 - @jreast_official in 大磯町 神奈川県 https://t.co/MUrBjc7mlX,2016-10-21 19:12:51,
あー、一面のクソ緑 (@ 大磯駅 - @jreast_official in 大磯町 神奈川県) https://t.co/1hpNaSuksc,2016-10-22 09:37:20,
I'm at 大磯駅 - @jreast_official in 大磯町 神奈川県 https://t.co/JSZH7LTqYd,2016-10-23 18:12:51,
準備中 @ ?iso Station https://t.co/sXXpmBrxG2,2016-10-26 21:16:02,
終戦後、2000人を越す日米混血児の「ままちゃま」となった沢田美喜さんの記念館に漸く訪れることが出来ました ?? @… https://t.co/3WPyxv2mSD,2016-10-27 14:38:55,
I'm at 風月 in ?iso-machi Kanagawa https://t.co/UL5iX6hR8j,2016-10-29 13:12:30,
I'm at 大磯駅 - @jreast_official in 大磯町 神奈川県 https://t.co/xrh1zz0sVI,2016-10-29 16:00:53,
タクシーのメーターが上がる場所、覚えてしまった＿|￣|○ @ ?iso Station https://t.co/dYHx7H6VdP,2016-10-30 01:54:41,
I'm at 大磯駅 - @jreast_official in 大磯町 神奈川県 https://t.co/mskbe7asRm,2016-10-30 21:31:36,
大磯宿場祭りというやつのアレらしいのですけど旅人さん遊んでいっておくんなはいと書いてあるんですがおくんなはい の はい がなんかしっくりこないんですけど、さい じゃなくて… https://t.co/0bTQGVIyCU,2016-10-31 15:23:11,
