ただい〜 (@ 浦和駅 in さいたま市 埼玉県) https://t.co/aVRVeg5ekc,2016-08-01 00:08:26,
I'm at 浦和駅 in さいたま市 埼玉県 https://t.co/lZtQe9HgmO,2016-08-01 07:07:53,
おはようございます。今週もよろしくお願いします (@ 浦和駅 in さいたま市 埼玉県 w/ @kazu6179) https://t.co/nggzJtvsc6,2016-08-01 07:10:15,
I'm at 浦和駅 1-2番線ホーム in さいたま市 埼玉県 https://t.co/hB4gyJVF6B,2016-08-01 07:44:02,
I'm at 浦和駅 3-4番線ホーム - @jreast_official in さいたま市 埼玉県 https://t.co/xkK3PQXBwd,2016-08-01 07:47:36,
I'm at 浦和駅 in さいたま市 埼玉県 https://t.co/64WUocUh9J,2016-08-01 07:50:43,
I'm at 浦和駅 in さいたま市 埼玉県 https://t.co/BMC2JQ7McS,2016-08-01 08:24:35,
西口へ。 (@ 浦和駅 in さいたま市 埼玉県) https://t.co/eGpBgNzhf1,2016-08-01 10:44:56,
I'm at 浦和駅 in さいたま市 埼玉県 https://t.co/kSJWNI9fIk,2016-08-01 15:28:48,
I'm at アトレ浦和 in さいたま市 埼玉県 https://t.co/xTrZvwnyH8,2016-08-01 15:29:19,
I'm at 浦和駅 in さいたま市 埼玉県 https://t.co/UrjqP1Vedv,2016-08-01 15:46:16,
本日の勤務先 (@ 浦和駅 in さいたま市 埼玉県) https://t.co/USKdSxxk7c,2016-08-01 15:59:16,
I'm at 浦和駅 in さいたま市 埼玉県 https://t.co/8MBeB8CbYQ,2016-08-01 17:48:17,
I'm at 浦和駅 in さいたま市 埼玉県 https://t.co/9kCZMSWGBR,2016-08-01 19:22:29,
?――? ? ? ?――? (@ 浦和駅 in さいたま市 埼玉県) https://t.co/GfI0YPwszh,2016-08-01 21:00:33,
今朝も生温い風がそよそよと…いつもより早く外へ出るか速く歩くかすると、始発前の回送電車に出くわす。まだ夜明け前だから、なにか見えない… https://t.co/aQ9OD18cOK,2016-08-02 04:25:13,
I'm at 浦和駅 in さいたま市 埼玉県 https://t.co/gA6T8zV0WF,2016-08-02 07:07:14,
I'm at 浦和駅 in さいたま市 埼玉県 https://t.co/Ek1bz85ZVV,2016-08-02 07:10:20,
I'm at いろり庵きらく 浦和店 in さいたま市 埼玉県 https://t.co/cJA1GQ4ZWj,2016-08-02 07:12:42,
I'm at 浦和駅 in さいたま市 埼玉県 https://t.co/uCBtyVDrsP,2016-08-02 07:34:07,
I'm at 浦和駅 in さいたま市 埼玉県 https://t.co/OnmWA4pIXx,2016-08-02 07:50:24,
I'm at 浦和駅 in さいたま市 埼玉県 https://t.co/HKwW7FL4eN,2016-08-02 07:55:22,
ぴ (@ 浦和駅 in さいたま市 埼玉県) https://t.co/xTINbsKBdy,2016-08-02 08:15:15,
I'm at 浦和駅 in さいたま市 埼玉県 https://t.co/1id9UjuwtJ,2016-08-02 09:15:06,
I'm at 浦和駅 5-6番線ホーム in さいたま市 埼玉県 https://t.co/FvMb4UIgwO,2016-08-02 10:34:08,
I'm at 浦和駅 in さいたま市 埼玉県 https://t.co/r2OlYJf0pc,2016-08-02 11:39:08,
,2016-08-02 20:32:04,
I'm at 浦和駅 in さいたま市 埼玉県 https://t.co/TUbueFEaMZ,2016-08-02 20:38:03,
?――? ? ? ?――? (@ 浦和駅 in さいたま市 埼玉県) https://t.co/3WABqDLW0T,2016-08-03 00:55:49,
I'm at 浦和駅 in さいたま市 埼玉県 https://t.co/pHNdJZhnMo,2016-08-03 00:59:22,
I'm at 浦和駅 in さいたま市 埼玉県 https://t.co/9RLkoXXUWz,2016-08-03 07:07:52,
I'm at 浦和駅 in さいたま市 埼玉県 w/ @kazu6179 https://t.co/FyupZ8Wemx,2016-08-03 07:36:11,
I'm at 浦和駅 in さいたま市 埼玉県 https://t.co/J3zIcZX9eB,2016-08-03 07:50:36,
I'm at 浦和駅 in さいたま市 埼玉県 https://t.co/nijTg0KgxF,2016-08-03 08:23:26,
I'm at 浦和駅 in さいたま市 埼玉県 https://t.co/djMUQe9Cr2,2016-08-03 09:14:34,
I'm at 浦和駅 in さいたま市 埼玉県 https://t.co/o6XepZg8XJ,2016-08-03 09:14:46,
I'm at 浦和駅 in さいたま市 埼玉県 https://t.co/uD7WEW32NA,2016-08-03 09:52:51,
I'm at 浦和駅 in さいたま市 埼玉県 https://t.co/lcycYaXJTw,2016-08-03 10:18:26,
I'm at 浦和駅 in さいたま市 埼玉県 https://t.co/G6t3dc9K38,2016-08-03 10:59:18,
仕事終わって帰ります,2016-08-03 14:35:36,
一時移転中の盗まれてない方のうなこ @ Urawa Station https://t.co/hrwD48ucHY,2016-08-03 16:49:56,
I'm at 浦和駅 in さいたま市 埼玉県 https://t.co/p8NC0gD9RJ,2016-08-03 18:06:52,
I'm at 浦和駅 in さいたま市 埼玉県 https://t.co/EOwSTLFMH4,2016-08-03 18:13:51,
I'm at 浦和駅 in さいたま市 埼玉県 https://t.co/joGDsnBNSF,2016-08-03 18:26:30,
I'm at 浦和駅 in さいたま市 埼玉県 https://t.co/JXveHBpAGG,2016-08-04 07:06:56,
おはようございます〜。早く社内で涼みたーい！ (@ 浦和駅 in さいたま市 埼玉県 w/ @kazu6179) https://t.co/dltx1RLhzP,2016-08-04 07:18:40,
I'm at 浦和駅 in さいたま市 埼玉県 https://t.co/MIbZtYXABH,2016-08-04 07:54:25,
そうか、TSUTAYAから出ればいいんだ (@ 浦和駅 in さいたま市 埼玉県) https://t.co/6pW3hJGXMz,2016-08-04 13:36:40,
帰ろ (@ 浦和駅 in さいたま市 埼玉県) https://t.co/mWh6u2e52d,2016-08-04 15:50:41,
I'm at アトレ浦和 in さいたま市 埼玉県 https://t.co/kQlvi3KELU,2016-08-04 16:49:11,
到着 (@ 浦和駅 in さいたま市 埼玉県) https://t.co/iAtmlMyaCg,2016-08-04 18:45:47,
?――? ? ? ?――? (@ 浦和駅 in さいたま市 埼玉県) https://t.co/rOhPpKVo1T,2016-08-04 19:59:03,
映画終わったので帰ります (@ 浦和駅 in さいたま市 埼玉県) https://t.co/U9eUXtm94m,2016-08-04 22:32:12,
I'm at 浦和駅 in さいたま市 埼玉県 https://t.co/jOBxnrQqGN,2016-08-05 05:56:30,
乗り換えです！ (@ 浦和駅 in さいたま市 埼玉県) https://t.co/4gOitDw265,2016-08-05 06:17:56,
I'm at 浦和駅 in さいたま市 埼玉県 https://t.co/83d2PPAs7d,2016-08-05 07:06:59,
I'm at 浦和駅 5-6番線ホーム in さいたま市 埼玉県 https://t.co/tRWoCpeOOR,2016-08-05 07:09:44,
おはようございます！飛ぶように日々が過ぎていきます。もう金曜日かあ〜 (@ 浦和駅 in さいたま市 埼玉県) https://t.co/RMQgz0QhgF,2016-08-05 07:16:46,
I'm at 浦和駅 in さいたま市 埼玉県 w/ @monyurun https://t.co/lWBexQo9fN,2016-08-05 07:33:45,
I'm at 浦和駅 in さいたま市 埼玉県 https://t.co/LWWleGtx8j,2016-08-05 07:54:17,
寄り道 (@ 浦和駅 in さいたま市 埼玉県) https://t.co/t2zSvkZzvK,2016-08-05 08:41:02,
I'm at 浦和駅 in さいたま市 埼玉県 https://t.co/rBIxhONfXU,2016-08-05 13:09:01,
I'm at 浦和駅 in さいたま市 埼玉県 https://t.co/cuTBinx7y0,2016-08-05 13:43:51,
がっこ (@ 浦和駅 in さいたま市 埼玉県) https://t.co/GrE5LHKIH1,2016-08-05 14:34:01,
I'm at 浦和駅 in さいたま市 埼玉県 https://t.co/ObJrOqP7jp,2016-08-05 14:49:10,
あついわ (@ 浦和駅 in さいたま市 埼玉県) https://t.co/n76flWa9et,2016-08-05 15:26:30,
うらわ (@ 浦和駅 in さいたま市 埼玉県) https://t.co/cr1JAINtTa,2016-08-05 15:30:05,
これから私の嫌いな病院。そんな中、このディスプレイが気になった#louisvuitton #伊勢丹#浦和#病院嫌い @ Urawa Station https://t.co/T1g4aFHd5q,2016-08-05 16:53:45,
I'm at 浦和駅 in さいたま市 埼玉県 https://t.co/vB3ioVehH9,2016-08-05 17:45:11,
I'm at 浦和駅 in さいたま市 埼玉県 https://t.co/bA5EMmkvGf,2016-08-05 19:02:35,
帰るー (@ 浦和駅 in さいたま市 埼玉県) https://t.co/tRFAIyRfal,2016-08-05 19:36:35,
I'm at 浦和駅 in さいたま市 埼玉県 https://t.co/4xWgtQ7XVH,2016-08-05 22:13:10,
I'm at 浦和駅 in さいたま市 埼玉県 https://t.co/nENtty2gPQ,2016-08-05 22:38:38,
I'm at 浦和駅 in さいたま市 埼玉県 https://t.co/wHBBiy7HFN,2016-08-05 23:08:01,
安定の乗り過ごし (@ 浦和駅 in さいたま市 埼玉県) https://t.co/0tpMMVLPhG,2016-08-05 23:16:40,
?――? ? ? ?――? (@ 浦和駅 in さいたま市 埼玉県) https://t.co/McbxUJdXtm,2016-08-05 23:59:06,
宇都宮までねる (@ 浦和駅 in さいたま市 埼玉県) https://t.co/BnEivaimtn,2016-08-06 05:29:46,
行ってきますー！ (@ 浦和駅 in さいたま市 埼玉県) https://t.co/YC7764mMum,2016-08-06 07:46:41,
I'm at 浦和駅 in さいたま市 埼玉県 https://t.co/XJ1L76iBpo,2016-08-06 08:13:56,
I'm at 浦和駅 in さいたま市 埼玉県 w/ @yusukes17 https://t.co/lVjyC9WWFt,2016-08-06 08:28:20,
I'm at 浦和駅 in さいたま市 埼玉県 https://t.co/eHx7TmurGK,2016-08-06 09:39:02,
暑いのは甲子園だけではない（笑） @ Urawa Station https://t.co/nubn66vX9D,2016-08-06 09:59:33,
#国士無双の首都圏すごろく旅 第四投:さいたま新都心→1駅 (@ 浦和駅 in さいたま市 埼玉県) https://t.co/OJHAywdbzZ,2016-08-06 10:04:06,
I'm at 浦和駅 in さいたま市 埼玉県 https://t.co/wbx7w6ciGY,2016-08-06 10:40:25,
I'm at 浦和駅 in さいたま市 埼玉県 https://t.co/zP6gkxA9qg,2016-08-06 11:14:22,
I'm at 浦和駅 3-4番線ホーム - @jreast_official in さいたま市 埼玉県 https://t.co/Zjkpw4iunV,2016-08-06 11:14:41,
I'm at 浦和駅 in さいたま市 埼玉県 https://t.co/PPKu12M27V,2016-08-06 11:35:06,
I'm at 浦和駅 in さいたま市 埼玉県 w/ @masaki_msj1014 https://t.co/tM1KG0mHSl,2016-08-06 12:44:02,
うむ。 (@ 浦和駅 in さいたま市 埼玉県) https://t.co/NN6jfGuIa2,2016-08-06 13:12:26,
I'm at 浦和駅 in さいたま市 埼玉県 https://t.co/Q8mqQBmJA0,2016-08-06 13:14:40,
I'm at 浦和駅 in さいたま市 埼玉県 https://t.co/z3DCdAwxuG,2016-08-06 13:21:29,
I'm at 浦和駅 in さいたま市 埼玉県 https://t.co/StYtcE5SH5,2016-08-06 14:31:42,
I'm at 浦和駅 in さいたま市 埼玉県 https://t.co/W4fjelUU54,2016-08-06 14:34:51,
I'm at 浦和駅 in さいたま市 埼玉県 https://t.co/q3Jj8lJMLT,2016-08-06 15:34:41,
I'm at 浦和駅 in さいたま市 埼玉県 https://t.co/jn4TjGOEZA,2016-08-06 15:43:41,
I'm at 浦和駅 in さいたま市 埼玉県 https://t.co/Eia1IDCOh2,2016-08-06 15:53:13,
バイト向井地 (@ 浦和駅 5-6番線ホーム in さいたま市 埼玉県) https://t.co/yUuGQaRmj6,2016-08-06 16:13:55,
水分補給は忘れずに！と言いながら飲むコレは適切なんだろうか？ @ Urawa Station https://t.co/I0bDtghIQX,2016-08-06 16:17:03,
湘南新宿ラインのホーム初めて降りた (@ 浦和駅 in さいたま市 埼玉県) https://t.co/vkiezyAWA2 https://t.co/MmQWTQo3yv,2016-08-06 16:18:19,
浦和駅から列車1本でJR他社に行ける時代。 @ Urawa Station https://t.co/6nh6RjDJVl,2016-08-06 17:14:22,
I'm at 浦和駅 in さいたま市 埼玉県 https://t.co/xeETKO8bpT,2016-08-06 18:51:20,
I'm at 浦和駅 in さいたま市 埼玉県 https://t.co/93Ad9v2L3g,2016-08-06 19:33:26,
I'm at 浦和駅 in さいたま市 埼玉県 https://t.co/mQgRiE3zeq,2016-08-06 19:47:09,
I'm at 浦和駅 in さいたま市 埼玉県 https://t.co/1J1fzB8Z8c,2016-08-06 20:37:27,
I'm at 浦和駅 in さいたま市 埼玉県 https://t.co/pE73vBsXyp,2016-08-06 21:00:52,
I'm at 浦和駅 in さいたま市 埼玉県 w/ @fu_fu_224 https://t.co/ZocpCbcWCs,2016-08-06 21:02:57,
Just posted a photo @ うなこちゃん https://t.co/mpG7AIRqJl,2016-08-06 21:27:02,
ねみー (@ 浦和駅 in さいたま市 埼玉県) https://t.co/sIuMPuWiH4,2016-08-06 21:50:48,
解散！ (@ 浦和駅 in さいたま市 埼玉県) https://t.co/MIZ3dw80j6 https://t.co/QIN7Q3EG9O,2016-08-06 21:52:37,
I'm at 浦和駅 in さいたま市 埼玉県 https://t.co/AJB0iInRJY,2016-08-06 22:13:53,
I'm at 浦和駅 3-4番線ホーム - @jreast_official in さいたま市 埼玉県 https://t.co/8CtOHGGHpQ,2016-08-06 22:14:16,
疲れた (@ 浦和駅 in さいたま市 埼玉県) https://t.co/oWQZnzuS3Z,2016-08-06 22:48:04,
#浦和駅西口 に鎮座する#浦和のうなこちゃん ∈(ﾟ◎ﾟ)∋ｳﾅｰ @ 浦和駅西口 https://t.co/QLuR0nFufZ,2016-08-06 22:54:32,
I'm at 浦和駅 in さいたま市 埼玉県 https://t.co/5UwW7bGsNi,2016-08-07 05:51:47,
I'm at 浦和駅 in さいたま市 埼玉県 https://t.co/VccV1U1uyj,2016-08-07 05:58:15,
6:25発小田原行きにて出発(^^) (@ 浦和駅 3-4番線ホーム - @jreast_official in さいたま市 埼玉県) https://t.co/CDgE2wWzob,2016-08-07 06:21:37,
I'm at 浦和駅 in さいたま市 埼玉県 https://t.co/rZqGg9MAxQ,2016-08-07 07:09:15,
I'm at 浦和駅 in さいたま市 埼玉県 https://t.co/0rUyETZmBF,2016-08-07 08:16:16,
I'm at 浦和駅 1-2番線ホーム - @jreast_official in さいたま市 埼玉県 https://t.co/oERYRBFEXG,2016-08-07 08:16:34,
I'm at 浦和駅 in さいたま市 埼玉県 https://t.co/6zadLrbbhh,2016-08-07 08:59:52,
赤き血のイレブン (@ 浦和駅 in さいたま市 埼玉県) https://t.co/mX8IQOv6UB,2016-08-07 09:38:33,
I'm at 浦和駅 in さいたま市 埼玉県 https://t.co/lQAEQHdFJH,2016-08-07 10:01:40,
I'm at 浦和駅 in さいたま市 埼玉県 https://t.co/QPVev70L0G,2016-08-07 10:32:59,
帰る?。電車混んでる(???) (@ 浦和駅 in さいたま市 埼玉県) https://t.co/mAwjfnJ0zs,2016-08-07 11:23:28,
レッドボルテージ行くしか (@ 浦和駅 in さいたま市 埼玉県) https://t.co/w66fMWdoME,2016-08-07 11:53:36,
(@ 浦和駅 in さいたま市 埼玉県) https://t.co/d66Tr9Coos,2016-08-07 11:53:48,
お出かけです (@ 浦和駅 in さいたま市 埼玉県) https://t.co/81NzJHd9nP,2016-08-07 12:13:34,
着床 (@ 浦和駅 in さいたま市 埼玉県) https://t.co/UBe0CHBK5X,2016-08-07 12:14:12,
浦和の駅そば初体験 (@ いろり庵きらく 浦和店 in さいたま市 埼玉県) https://t.co/iJVBX4hjRT,2016-08-07 12:19:47,
I'm at 浦和駅 in さいたま市 埼玉県 https://t.co/2K6C6nQVMK,2016-08-07 13:14:14,
革命の首都。地上の楽園(ぇ (@ 浦和駅 in さいたま市 埼玉県) https://t.co/3aZBX5AZPf,2016-08-07 13:43:59,
I'm at 浦和駅 in さいたま市 埼玉県 https://t.co/T7Enq2SSeM,2016-08-07 13:44:55,
I'm at 浦和駅 in さいたま市 埼玉県 https://t.co/XpLTMoS2Ek,2016-08-07 14:05:26,
I'm at 浦和駅 in さいたま市 埼玉県 https://t.co/Xsdv7blWs6,2016-08-07 14:13:29,
I'm at 浦和駅 in さいたま市 埼玉県 https://t.co/fNQxKsv8I7,2016-08-07 14:19:38,
I'm at 浦和駅 in さいたま市 埼玉県 https://t.co/71vPhd1TWm,2016-08-07 15:43:36,
I'm at 浦和駅 in さいたま市 埼玉県 https://t.co/xNsdY0KKQ3,2016-08-07 15:46:14,
I'm at 浦和駅 in さいたま市 埼玉県 https://t.co/6lg7BSEEGW,2016-08-07 15:56:50,
I'm at 浦和駅 in さいたま市 埼玉県 https://t.co/VgOFeaGbgE,2016-08-07 16:12:04,
I'm at 浦和駅 in さいたま市 埼玉県 https://t.co/KqLtkhEUCS,2016-08-07 16:18:15,
I'm at 浦和駅 3-4番線ホーム - @jreast_official in さいたま市 埼玉県 https://t.co/U35iIq9ftB,2016-08-07 16:23:57,
I'm at 浦和駅 in さいたま市 埼玉県 https://t.co/JOLwuP3SFU,2016-08-07 18:29:43,
ただいま (@ 浦和駅 in さいたま市 埼玉県) https://t.co/NWBupy400T,2016-08-07 20:01:27,
ヒヤウィゴーなんとかレッズ (@ 浦和駅 in さいたま市 埼玉県 w/ @oita_trinita_12) https://t.co/9MaYXVdMQk,2016-08-07 20:20:13,
疲れた (@ 浦和駅 in さいたま市 埼玉県) https://t.co/zwcRcSUSef,2016-08-07 20:51:15,
I'm at 浦和駅 in さいたま市 埼玉県 https://t.co/ljKAqECEBs,2016-08-07 20:51:24,
I'm at 浦和駅 in さいたま市 埼玉県 https://t.co/XR87FUpFnD,2016-08-07 21:14:22,
I'm at 浦和駅 in さいたま市 埼玉県 https://t.co/u7dEQG6ahQ,2016-08-07 21:41:46,
今晩はこのまちで飲む気がする。 (@ 浦和駅 in さいたま市 埼玉県) https://t.co/lg2OrgmgGi,2016-08-07 21:42:40,
ちょうど来た。UTUWY線には乗ってないですよ (@ 浦和駅 in さいたま市 埼玉県) https://t.co/avuvSOqDri,2016-08-07 23:19:04,
I'm at 浦和駅 in さいたま市 埼玉県 https://t.co/NEtxB0DRmK,2016-08-07 23:52:11,
I'm at 浦和駅 in さいたま市 埼玉県 https://t.co/3pDjBSbkWi,2016-08-08 08:13:33,
I'm at 浦和駅 in さいたま市 埼玉県 https://t.co/QNoGwqts2K,2016-08-08 10:54:45,
I'm at 浦和駅 in さいたま市 埼玉県 https://t.co/xjB6H1S668,2016-08-08 12:29:54,
I'm at 浦和駅 in さいたま市 埼玉県 https://t.co/wA821bqvRS,2016-08-08 12:48:06,
I'm at 浦和駅 in さいたま市 埼玉県 https://t.co/0SqTQQruBK https://t.co/xmFBtjFHHY,2016-08-08 13:44:39,
I'm at 浦和駅 in さいたま市 埼玉県 https://t.co/ZlNYTjTPq2,2016-08-08 13:46:57,
浦和のディージャイで人生初カレー麺カオソーイ。うん、うまーだけどちょっと味濃いかなwさてこれから乳がん検診いてきま！#浦和 #タイ料理 #カオソーイ #辛い #乳がん検診 @ JR浦和駅 https://t.co/nKD1DGRO9D,2016-08-08 14:14:03,
I'm at 浦和駅 in さいたま市 埼玉県 https://t.co/e0DyuVRr5a,2016-08-08 14:48:27,
I'm at 浦和駅 in さいたま市 埼玉県 https://t.co/FqIcP1z3yc,2016-08-08 16:39:26,
I'm at 浦和駅 in さいたま市 埼玉県 https://t.co/0r9ZrCscjY,2016-08-08 16:49:02,
I'm at 浦和駅 in さいたま市 埼玉県 https://t.co/YboJZPaas0,2016-08-08 18:05:21,
熊谷に着くまでに更新途切れたら寝過ごしかぶっ倒れてます(どうしろと) (@ 浦和駅 in さいたま市 埼玉県) https://t.co/x01mhhS6ue,2016-08-08 21:41:31,
I'm at 浦和駅 in さいたま市 埼玉県 https://t.co/3oPkryKd7E,2016-08-09 08:06:11,
I'm at 浦和駅 in さいたま市 埼玉県 https://t.co/iHfpny4kDl,2016-08-09 11:55:27,
I'm at 浦和駅 in さいたま市 埼玉県 https://t.co/YIiISHIebM,2016-08-09 12:46:11,
I'm at 浦和駅 in さいたま市 埼玉県 https://t.co/fcLQ1qXw2w,2016-08-09 14:22:35,
I'm at 浦和駅 in さいたま市 埼玉県 https://t.co/cdIjmxpT0V,2016-08-09 14:42:51,
I'm at 浦和駅 in さいたま市 埼玉県 https://t.co/g7ShXvIkxe,2016-08-09 16:04:34,
早い時間帯の方が電車が混んでた。 (@ 浦和駅 in さいたま市 埼玉県) https://t.co/qS6Wt8zwXF,2016-08-09 18:34:58,
I'm at 浦和駅 in さいたま市 埼玉県 https://t.co/hh7QCFTRBm,2016-08-09 19:04:27,
?――? ? ? ?――? (@ 浦和駅 in さいたま市 埼玉県) https://t.co/FlqncGlFRg,2016-08-09 19:20:14,
I'm at 浦和駅 in さいたま市 埼玉県 https://t.co/XbIY5fAEro,2016-08-09 19:50:04,
I'm at 浦和駅 in さいたま市 埼玉県 https://t.co/58Al2xc8sy,2016-08-09 21:48:48,
I'm at 浦和駅 in さいたま市 埼玉県 https://t.co/HUgmZpaGKB,2016-08-10 07:05:55,
I'm at 浦和駅 3-4番線ホーム - @jreast_official in さいたま市 埼玉県 https://t.co/wSPYMhWwKA,2016-08-10 07:27:45,
うら〜わ (@ 浦和駅 in さいたま市 埼玉県) https://t.co/vawSl0VK3k,2016-08-10 07:29:58,
I'm at PRONTO アトレ浦和店 in さいたま市 埼玉県 https://t.co/tpR6LbeCnt,2016-08-10 07:42:52,
I'm at 浦和駅 in さいたま市 埼玉県 https://t.co/NnPRHcOadS,2016-08-10 07:54:36,
I'm at 浦和駅 in さいたま市 埼玉県 https://t.co/zIHJJLaFEK,2016-08-10 08:51:16,
8期情報見てたら乗り過ごした (@ 浦和駅 in さいたま市 埼玉県) https://t.co/DzZzb5d5G1,2016-08-10 13:05:38,
I'm at 浦和駅 in さいたま市 埼玉県 https://t.co/LQcr2Fz4A2,2016-08-10 15:21:58,
I'm at 浦和駅 in さいたま市 埼玉県 https://t.co/VSQzIJaTuo,2016-08-10 16:33:33,
I'm at 浦和駅 in さいたま市 埼玉県 https://t.co/Rm1NW33r0D,2016-08-10 17:50:53,
I'm at 浦和駅 in さいたま市 埼玉県 https://t.co/LErZ0hhRNL,2016-08-10 18:58:44,
I'm at 浦和駅 in さいたま市 埼玉県 https://t.co/1a6weAFA5v,2016-08-10 19:03:00,
I'm at 浦和駅 in さいたま市 埼玉県 https://t.co/kDfuGoxjer,2016-08-10 19:14:24,
?――? ? ? ?――? (@ 浦和駅 in さいたま市 埼玉県) https://t.co/8duFRfD0lA,2016-08-10 20:39:37,
I'm at 浦和駅 in さいたま市 埼玉県 https://t.co/sSMBs4zPHw,2016-08-10 21:03:40,
I'm at 浦和駅 in さいたま市 埼玉県 https://t.co/AAY39LZGlD,2016-08-10 22:57:05,
I'm at 浦和駅 in さいたま市 埼玉県 https://t.co/56WPLQudg9,2016-08-11 09:29:42,
ンアーッ (@ 浦和駅 in さいたま市 埼玉県) https://t.co/vXCp7OwW27,2016-08-11 10:02:14,
I'm at 浦和駅 in さいたま市 埼玉県 https://t.co/1DV1rEF95N,2016-08-11 10:03:10,
I'm at 浦和駅 in さいたま市 埼玉県 https://t.co/V5sEiuzCPh,2016-08-11 10:11:36,
出遅れましたが、11:01発小田原行きにて出発(^^) (@ 浦和駅 3-4番線ホーム - @jreast_official in さいたま市 埼玉県) https://t.co/kGa4v7rER9,2016-08-11 10:59:29,
I'm at Urawa Station in さいたま市 埼玉県 https://t.co/PE6vzBumxH,2016-08-11 12:22:15,
豊田行きと神戸行きと。 (@ 浦和駅 みどりの窓口 in さいたま市 埼玉県) https://t.co/pL7P1MAEkX,2016-08-11 13:04:27,
I'm at 浦和駅 3-4番線ホーム - @jreast_official in さいたま市 埼玉県 https://t.co/oQCiItUujn,2016-08-11 13:14:01,
I'm at 浦和駅 in さいたま市 埼玉県 https://t.co/QrX80V98Fi,2016-08-11 13:32:26,
飛鳥山公園へ (@ 浦和駅 in さいたま市 埼玉県) https://t.co/BN8c3MIkfu,2016-08-11 14:11:39,
出勤前に、お買い物 (@ 浦和駅 in さいたま市 埼玉県) https://t.co/2VLtGeshaU,2016-08-11 15:24:05,
I'm at 浦和駅 in さいたま市 埼玉県 https://t.co/qoANJZAxeo,2016-08-11 16:16:41,
I'm at 浦和駅 in さいたま市 埼玉県 https://t.co/6A1RyYM1Hq,2016-10-06 14:05:00,
I'm at 浦和駅 in さいたま市 埼玉県 https://t.co/lgFHsMzhbZ,2016-10-06 16:24:35,
I'm at 浦和駅 in さいたま市 埼玉県 https://t.co/XPabCZ9a9F,2016-10-06 17:03:29,
I'm at 浦和駅 in さいたま市 埼玉県 https://t.co/H39bBgfKd1,2016-10-06 18:26:27,
?――? ? ? ?――? (@ 浦和駅 in さいたま市 埼玉県) https://t.co/aumfo2ISYH,2016-10-06 18:30:53,
I'm at 浦和駅 in さいたま市 埼玉県 https://t.co/yeYN9G81FF,2016-10-06 18:43:09,
I'm at 浦和駅 in さいたま市 埼玉県 https://t.co/ARkuFePWLU,2016-10-07 10:22:35,
チャリで来た (@ 浦和駅 in さいたま市 埼玉県) https://t.co/WrpYMBj4gp,2016-10-07 10:57:38,
I'm at 浦和駅 in さいたま市 埼玉県 https://t.co/gizpEzVc6E,2016-10-07 15:05:16,
武田菱丸ゲットだぜ！ってこれ山梨のキャラじゃん。 @ JR浦和駅 https://t.co/aqN5HhLEYv,2016-10-07 15:37:30,
I'm at 浦和駅 in さいたま市 埼玉県 https://t.co/TNd914V5Fg,2016-10-07 15:43:43,
I'm at 浦和駅 5-6番線ホーム in さいたま市 埼玉県 https://t.co/23oIYztOaO,2016-10-07 16:44:13,
昨夜は混んでいたのだろうなぁ…… (@ 浦和駅 in さいたま市 埼玉県) https://t.co/k9r2fHzh52,2016-10-07 18:23:02,
I'm at 浦和駅 in さいたま市 埼玉県 https://t.co/xBQjJeqpjB,2016-10-07 19:08:06,
調ちゃん (@ アトレ浦和 in さいたま市 埼玉県) https://t.co/e49ln0j0Ec,2016-10-07 19:08:43,
?――? ? ? ?――? (@ 浦和駅 in さいたま市 埼玉県) https://t.co/88yraFrBCV,2016-10-07 21:44:52,
I'm at 浦和駅 in さいたま市 埼玉県 https://t.co/u6p6TfrZqb,2016-10-08 07:34:04,
I'm at 浦和駅 in さいたま市 埼玉県 https://t.co/FeWUfUsjHi,2016-10-08 07:42:55,
I'm at 浦和駅 in さいたま市 埼玉県 https://t.co/spBPhra5pG,2016-10-08 07:45:10,
I'm at 浦和駅 in さいたま市 埼玉県 https://t.co/N1uVHlxMSd,2016-10-08 09:05:41,
I'm at 浦和駅 in さいたま市 埼玉県 https://t.co/ha7VPXd4ms,2016-10-08 09:32:55,
I'm at 浦和駅 5-6番線ホーム in さいたま市 埼玉県 https://t.co/dT8BxbXv6S,2016-10-08 09:33:04,
通過 (@ 浦和駅 in さいたま市 埼玉県) https://t.co/slQ7B48Pie,2016-10-08 09:56:22,
着いた(´･_･`) (@ 浦和駅 in さいたま市 埼玉県) https://t.co/SJepEE9ncw,2016-10-08 10:04:43,
I'm at 浦和駅 in さいたま市 埼玉県 https://t.co/dvBnQh6adW,2016-10-08 10:51:40,
I'm at 浦和駅 in さいたま市 埼玉県 https://t.co/8lVJYa6cKM,2016-10-08 12:20:03,
I'm at 浦和駅 in さいたま市 埼玉県 https://t.co/R5lfwSPrgZ,2016-10-08 13:42:38,
I'm at 浦和駅 in さいたま市 埼玉県 https://t.co/pyQ0MKfxXD,2016-10-08 14:53:40,
I'm at 浦和駅 in さいたま市 埼玉県 https://t.co/77SqbDXrx7,2016-10-08 15:50:18,
なう。 (@ 浦和駅 in さいたま市 埼玉県) https://t.co/RCcbeBIwb7,2016-10-08 17:38:08,
I'm at 浦和駅 in さいたま市 埼玉県 https://t.co/W7vF7HzPgM,2016-10-08 18:06:34,
浦和のひらきちちゃん (@ 浦和駅 in さいたま市 埼玉県) https://t.co/7f86HFDfwA,2016-10-08 19:20:28,
I'm at 浦和駅 in さいたま市 埼玉県 https://t.co/wAayS4jWk8 https://t.co/gobvl3sUOB,2016-10-08 19:30:42,
I'm at 浦和駅 in さいたま市 埼玉県 https://t.co/FAz3O4uo3o,2016-10-08 19:34:50,
I'm at 浦和駅 in さいたま市 埼玉県 https://t.co/9zFa2VbkTu,2016-10-08 20:03:56,
I'm at 浦和駅 in さいたま市 埼玉県 https://t.co/19uN0Mtdrs,2016-10-08 21:23:12,
I'm at 浦和駅 in さいたま市 埼玉県 https://t.co/4dD1GeF2Ek,2016-10-08 22:59:08,
伊賀へ向けでっばつ @ Urawa Station https://t.co/SmOfJnHjBP,2016-10-09 04:46:32,
I'm at 浦和駅 in さいたま市 埼玉県 https://t.co/J5evdOMUlF,2016-10-09 08:51:00,
I'm at 浦和駅 5-6番線ホーム in さいたま市 埼玉県 https://t.co/TKCHKkYdiS,2016-10-09 09:06:21,
I'm at 浦和駅 in さいたま市 埼玉県 https://t.co/evIQnfvcf6,2016-10-09 09:29:22,
I'm at 浦和駅 in さいたま市 埼玉県 https://t.co/asvxNqWvJU,2016-10-09 10:10:36,
I'm at 浦和駅 in さいたま市 埼玉県 https://t.co/eCmpOTLkgo,2016-10-09 10:39:24,
I'm at 浦和駅 in さいたま市 埼玉県 https://t.co/qTngQ8hwTu,2016-10-09 10:46:50,
一応、やんでるのかなぁ (@ 浦和駅 in さいたま市 埼玉県) https://t.co/67a5zDRDoD,2016-10-09 10:50:12,
I'm at 浦和駅 in さいたま市 埼玉県 https://t.co/wOP1uYEoqi,2016-10-09 12:30:03,
渋谷にポケ狩りに (@ 浦和駅 in さいたま市 埼玉県) https://t.co/Cvjy1kV1Wm,2016-10-09 12:57:29,
I'm at アトレ浦和 in さいたま市 埼玉県 https://t.co/lgB5zQ7V8G,2016-10-09 18:59:44,
お疲れさまでした！ 決勝進出！ @ 浦和駅西口 https://t.co/hAuMjkaD3r,2016-10-09 19:55:39,
I'm at 浦和駅 in さいたま市 埼玉県 https://t.co/kSOq8Fan8u,2016-10-09 21:19:51,
I'm at 浦和駅 in さいたま市 埼玉県 https://t.co/xFENqwu6d7,2016-10-09 21:35:04,
I'm at 浦和駅 in さいたま市 埼玉県 https://t.co/WWjZH5eW4Z,2016-10-09 21:47:33,
伊賀から勝ち点3とって浦和に凱旋帰国しました浦和から出発して18時間 @ Urawa Station https://t.co/EmTbSSqZoq,2016-10-09 23:08:06,
I'm at 浦和駅 in さいたま市 埼玉県 https://t.co/ZdDOPyZ9iw,2016-10-10 07:38:39,
また来週！ (@ 浦和駅 in さいたま市 埼玉県) https://t.co/TLUjuWnkfD,2016-10-10 10:49:17,
I'm at 浦和駅 in さいたま市 埼玉県 https://t.co/Yr7KIlT588,2016-10-10 11:41:50,
I'm at 浦和駅 in さいたま市 埼玉県 https://t.co/4QMJ3LsTNk,2016-10-10 12:33:45,
I'm at 浦和駅 in さいたま市 埼玉県 https://t.co/g0lyfKjLBX,2016-10-10 15:30:45,
晩メシを調達 (@ アトレ浦和 in さいたま市 埼玉県) https://t.co/XZHSeh1f8E,2016-10-10 19:48:54,
I'm at 浦和駅 in さいたま市 埼玉県 https://t.co/wDS6nACl7t,2016-10-10 20:33:37,
I'm at 浦和駅 in さいたま市 埼玉県 https://t.co/YgT4VzrSPt,2016-10-10 22:06:14,
おはようございます。カーディガン出しました。 (@ 浦和駅 in さいたま市 埼玉県 w/ @kazu6179) https://t.co/RwKU81xCoO,2016-10-11 07:19:55,
マイネクストライフステーションイズウラワステーション！ (@ 浦和駅 in さいたま市 埼玉県) https://t.co/uAm2bVl7eh https://t.co/P4RD4Fe40E,2016-10-11 09:07:38,
今日もお袋さんのご機嫌うかがいに、、、でもその前にここで。すっかりホットコーヒーの季節に変わってます。,2016-10-11 09:50:03,
I'm at 浦和駅 in さいたま市 埼玉県 https://t.co/V8kUD5nVw3,2016-10-11 11:43:54,
We are Reds We are Reds We are We are We are Reds (@ 浦和駅 in さいたま市 埼玉県) https://t.co/k6uk9jWsLO,2016-10-11 12:38:07,
I'm at 浦和駅 in さいたま市 埼玉県 https://t.co/3AsjMDwJE5,2016-10-11 17:22:19,
I'm at 浦和駅 in さいたま市 埼玉県 https://t.co/NtqGRRR0Y2,2016-10-11 17:39:20,
会議終了 (@ 浦和駅 in さいたま市 埼玉県) https://t.co/83nGpt5v8A,2016-10-11 18:03:22,
I'm at 浦和駅 in さいたま市 埼玉県 https://t.co/kCRjxiOdsu,2016-10-11 19:33:10,
?――? ? ? ?――? (@ 浦和駅 in さいたま市 埼玉県) https://t.co/ew9M2Z8VB1,2016-10-11 23:35:43,
きたでえ (@ 浦和駅 in さいたま市 埼玉県) https://t.co/a3WMhj7RIY,2016-10-12 02:35:17,
いつの間にか、秋の空とひやっとする朝の空気になってます @ Urawa Station https://t.co/YnLStAgtuF,2016-10-12 06:12:56,
I'm at 浦和駅 in さいたま市 埼玉県 https://t.co/LkpMYYB3CP,2016-10-12 09:43:22,
I'm at 浦和駅 3-4番線ホーム - @jreast_official in さいたま市 埼玉県 https://t.co/koUqXZ8qqz,2016-10-12 10:43:50,
I'm at 浦和駅 in さいたま市 埼玉県 https://t.co/1w2TlENkx3,2016-10-12 11:34:19,
I'm at 浦和駅 in さいたま市 埼玉県 https://t.co/EUpvvPQQze,2016-10-12 14:23:24,
I'm at 浦和駅 in さいたま市 埼玉県 https://t.co/XMMchJAYIO,2016-10-12 16:45:55,
I'm at 浦和駅 in さいたま市 埼玉県 https://t.co/6631i3kzqO,2016-10-12 16:59:26,
I'm at 浦和駅 3-4番線ホーム - @jreast_official in さいたま市 埼玉県 https://t.co/rDac7s52WR,2016-10-12 16:59:39,
I'm at 浦和駅 in さいたま市 埼玉県 https://t.co/ptkX7olpG7,2016-10-12 17:34:08,
I'm at 浦和駅 in さいたま市 埼玉県 https://t.co/FeWkFnzv3C,2016-10-12 17:35:58,
?――? ? ? ?――? (@ 浦和駅 in さいたま市 埼玉県) https://t.co/9JbEKSONYa,2016-10-12 19:08:20,
帰ってきたよ！ (@ 浦和駅 in さいたま市 埼玉県) https://t.co/1jpjTaPvuU,2016-10-12 21:25:30,
??＼?( 'ω' )? //／／ (@ 浦和駅 in さいたま市 埼玉県) https://t.co/fX9HowcBV4,2016-10-12 22:22:29,
I'm at 浦和駅 in さいたま市 埼玉県 https://t.co/BLB6sKHU7b,2016-10-13 07:08:50,
おはようございます！ (@ 浦和駅 in さいたま市 埼玉県 w/ @kazu6179) https://t.co/psbuQwjeIk,2016-10-13 07:19:36,
今日から仕事復帰(´・ω・`) (@ 浦和駅 in さいたま市 埼玉県 w/ @kazu6179 @monyurun) https://t.co/Jzmdcy2HsN,2016-10-13 07:43:42,
I'm at 浦和駅 in さいたま市 埼玉県 https://t.co/N19t2wFxcz,2016-10-13 09:50:41,
多分 ????(?( ･??･? )?)???? (@ 浦和駅 3-4番線ホーム - @jreast_official in さいたま市 埼玉県) https://t.co/IqrA0ELJkt,2016-10-13 14:05:28,
浦和に転勤 (@ 浦和駅 in さいたま市 埼玉県) https://t.co/GX4rDVuII4,2016-10-13 15:02:57,
I'm at 浦和駅 in さいたま市 埼玉県 https://t.co/0bgnLs5582,2016-10-13 17:18:54,
I'm at 浦和駅 in さいたま市 埼玉県 https://t.co/ZuYUwU1j1U,2016-10-13 18:29:48,
寝過ごした (@ 浦和駅 in さいたま市 埼玉県) https://t.co/6xMKSOWUjl,2016-10-13 18:34:00,
あぁ… (@ 浦和駅 in さいたま市 埼玉県) https://t.co/empXu1QiOH,2016-10-13 19:03:31,
I'm at 浦和駅 in さいたま市 埼玉県 https://t.co/9A6Fe3oP95,2016-10-13 19:05:04,
I'm at 浦和駅 in さいたま市 埼玉県 w/ @paco_alex666 https://t.co/O7mDzi2Itr,2016-10-13 20:42:50,
?――? ? ? ?――? (@ 浦和駅 in さいたま市 埼玉県) https://t.co/tYJmMQSRDX,2016-10-13 20:53:42,
I'm at 浦和駅 in さいたま市 埼玉県 https://t.co/zYMTjFCfR6,2016-10-13 21:55:15,
I'm at 浦和駅 in さいたま市 埼玉県 https://t.co/p8KKNDY5ZY,2016-10-13 22:30:19,
ついた (@ 浦和駅 in さいたま市 埼玉県) https://t.co/NAMaEPFFAv,2016-10-14 04:47:12,
6:24発蒲田行きにて出発(^^) (@ 浦和駅 1-2番線ホーム - @jreast_official in さいたま市 埼玉県) https://t.co/SXrqR7vmGa,2016-10-14 06:22:17,
I'm at 浦和駅 in さいたま市 埼玉県 w/ @kazu6179 https://t.co/RSaqifAjDM,2016-10-14 07:40:56,
I'm at 浦和駅 in さいたま市 埼玉県 https://t.co/VkxJd0KEMS,2016-10-14 07:49:36,
I'm at ベックスコーヒーショップ 浦和店 in さいたま市 埼玉県 https://t.co/TtvOG6hBAj,2016-10-14 07:57:11,
歌え浦和を愛するなら(通過) (@ 浦和駅 in さいたま市 埼玉県) https://t.co/mQlQTpK4DB,2016-10-14 09:14:21,
次はついにっ！ (@ 浦和駅 in さいたま市 埼玉県) https://t.co/DDnyOheCuo,2016-10-14 10:25:39,
I'm at 浦和駅 in さいたま市 埼玉県 https://t.co/MGz2MA7nBC,2016-10-14 11:45:02,
I'm at 浦和駅 in さいたま市 埼玉県 https://t.co/n50QgTE8Ak,2016-10-14 13:12:56,
I'm at 浦和駅 in さいたま市 埼玉県 https://t.co/n9uniHQ4P9,2016-10-14 13:39:53,
I'm at 浦和駅 in さいたま市 埼玉県 https://t.co/x23suD96bf,2016-10-14 14:22:42,
I'm at 浦和駅 in さいたま市 埼玉県 https://t.co/RYWQjeg6lJ,2016-10-14 15:05:07,
I'm at アトレ浦和 in さいたま市 埼玉県 https://t.co/O5tj2IyP9v,2016-10-14 16:37:42,
I'm at 浦和駅 in さいたま市 埼玉県 https://t.co/pyTRmanlpM,2016-10-14 16:51:12,
?――? ? ? ?――? (@ 浦和駅 in さいたま市 埼玉県) https://t.co/cwIGBrktGZ,2016-10-14 16:53:04,
I'm at 浦和駅 in さいたま市 埼玉県 https://t.co/bHnZUVsdEu,2016-10-14 18:58:17,
I'm at 浦和駅 in さいたま市 埼玉県 https://t.co/ojx89U7PDk,2016-10-14 21:41:22,
出社前に前日抽選に行ったせいか、疲れて帰りの浦和駅でうっかり買ってしまった…KIHACHI さんのロールケーキ、モンブラン、ショートケーキ。う、うまぁ〜(^_^)#浦和駅… https://t.co/DdipvoKsqe,2016-10-14 21:57:56,
I'm at 浦和駅 in さいたま市 埼玉県 https://t.co/cNLoA1NpdR,2016-10-14 22:44:04,
I'm at 浦和駅 in さいたま市 埼玉県 https://t.co/Dr2x8LvV89,2016-10-14 22:58:51,
I'm at 浦和駅 in さいたま市 埼玉県 https://t.co/tDxV2SQTlx,2016-10-14 23:32:13,
I'm at 浦和駅 1-2番線ホーム in さいたま市 埼玉県 https://t.co/mI1VrjeCh3,2016-10-15 00:00:07,
I'm at 浦和駅 in さいたま市 埼玉県 https://t.co/q4uYNvBlm7,2016-10-15 07:06:09,
他力ではなく自ら勝って残留決めてくるかんな#レッズレディース @ JR浦和駅 https://t.co/onB0yk4Oq0,2016-10-15 07:49:36,
I'm at 浦和駅 in さいたま市 埼玉県 https://t.co/fZznQPGGhS,2016-10-15 09:04:02,
I'm at 浦和駅 in さいたま市 埼玉県 https://t.co/C1v7XbW5Lc,2016-10-15 09:05:16,
I'm at 浦和駅 in さいたま市 埼玉県 https://t.co/wRoTCDGrsP,2016-10-15 09:39:25,
I'm at 浦和駅 in さいたま市 埼玉県 https://t.co/awcro28UDN,2016-10-15 09:55:53,
I'm at 浦和駅 in さいたま市 埼玉県 https://t.co/yVaQ4aqbYD,2016-10-15 10:10:51,
I'm at 浦和駅 in さいたま市 埼玉県 https://t.co/Kk29XtJPBF,2016-10-15 10:41:44,
歌え浦和を愛するなら (@ 浦和駅 in さいたま市 埼玉県) https://t.co/SQmE9e5L8u,2016-10-15 11:14:57,
I'm at 浦和駅 in さいたま市 埼玉県 https://t.co/h1TcDDEeVu,2016-10-15 11:31:10,
I'm at 浦和駅 in さいたま市 埼玉県 https://t.co/3hIkdm1TGK,2016-10-15 11:42:44,
I'm at 浦和駅 in さいたま市 埼玉県 https://t.co/j1XXHNtXgQ,2016-10-15 12:25:06,
I'm at 浦和駅 in さいたま市 埼玉県 https://t.co/Ri34wxlzRY,2016-10-15 12:39:27,
みつるから逃げてきたw (@ 浦和駅 in さいたま市 埼玉県) https://t.co/Lqdo6Crm1n,2016-10-15 12:42:58,
I'm at 浦和駅 in さいたま市 埼玉県 https://t.co/CNpsflGMUz,2016-10-15 12:51:18,
I'm at いろり庵きらく 浦和店 in さいたま市 埼玉県 https://t.co/vHDAT4zR7u,2016-10-15 12:51:30,
I'm at 浦和駅 in さいたま市 埼玉県 https://t.co/MLLS5YO1nA,2016-10-15 13:04:15,
I'm at 浦和駅 in さいたま市 埼玉県 https://t.co/QEoW7JzP2V,2016-10-15 13:36:06,
寄り道 (@ 浦和駅 in さいたま市 埼玉県) https://t.co/kZ2R4cBtji,2016-10-15 13:36:52,
I'm at 浦和駅 in さいたま市 埼玉県 https://t.co/WJ7qpGZgG4,2016-10-15 13:51:50,
I'm at 浦和駅 in さいたま市 埼玉県 https://t.co/vWLgDoGeSX,2016-10-15 14:54:06,
I'm at 浦和駅 in さいたま市 埼玉県 https://t.co/mcyEeleRzY,2016-10-15 15:13:36,
I'm at 浦和駅 in さいたま市 埼玉県 https://t.co/gtEwVSjFrz,2016-10-15 15:17:15,
I'm at 浦和駅 in さいたま市 埼玉県 https://t.co/6zkfDUBsxY,2016-10-15 15:24:14,
I'm at 浦和駅 in さいたま市 埼玉県 https://t.co/pqxBXaln1u,2016-10-15 15:46:22,
乗り換え成功 (@ 浦和駅 in さいたま市 埼玉県) https://t.co/Vo1o0D2yau,2016-10-15 16:15:35,
I'm at 浦和駅 in さいたま市 埼玉県 https://t.co/sMIGIt67wj,2016-10-15 16:31:30,
I'm at 浦和駅 in さいたま市 埼玉県 https://t.co/DNfMsFMsqt,2016-10-15 16:54:19,
I'm at 浦和駅 in さいたま市 埼玉県 https://t.co/GR7ZylPhgl,2016-10-15 17:03:00,
I'm at 浦和駅 in さいたま市 埼玉県 https://t.co/GR7ZylPhgl,2016-10-15 17:03:00,
Just posted a photo @ 浦和駅西口 https://t.co/A3RC3Aw1qT,2016-10-15 17:04:48,
I'm at 浦和駅 in さいたま市 埼玉県 https://t.co/1yuO4PEBmD,2016-10-15 17:30:27,
I'm at 浦和駅 in さいたま市 埼玉県 https://t.co/00DSx6QxCI,2016-10-15 17:33:23,
I'm at 浦和駅 in さいたま市 埼玉県 https://t.co/VF3NohLK6K,2016-10-15 17:58:34,
?――? ? ? ?――? (@ 浦和駅 in さいたま市 埼玉県) https://t.co/Z0MR3q43L4,2016-10-15 18:01:12,
I'm at 浦和駅 in さいたま市 埼玉県 https://t.co/GPySc25dx3,2016-10-15 18:04:09,
I'm at 浦和駅 in さいたま市 埼玉県 https://t.co/oDR8VMGXZa,2016-10-15 18:04:58,
いぇーい?(^o^)／ @ Urawa Station https://t.co/6gz4x1CkUw,2016-10-15 18:09:05,
号外もろたー?(^o^)／ @ Urawa Station https://t.co/9YgIX5iOFJ,2016-10-15 18:12:44,
聖地 (@ 浦和駅 in さいたま市 埼玉県 w/ @rola39reds) https://t.co/t2cL0gFTFI,2016-10-15 18:13:47,
優勝??みなさん、かんぱーい???? (@ はなの舞 浦和東口店 in さいたま市浦和区 埼玉県) https://t.co/zH4JiYyi8t,2016-10-15 18:26:59,
ついた！さて、ボルテージかな？ (@ 浦和駅 in さいたま市 埼玉県 w/ @rola39reds @kawashimas) https://t.co/XUr3KHpIm8,2016-10-15 18:39:22,
I'm at 浦和駅 in さいたま市 埼玉県 https://t.co/y9fZJo0ONu,2016-10-15 18:39:26,
号外でーす(^.^) (@ 浦和駅 in さいたま市 埼玉県) https://t.co/6LYtcseica https://t.co/f9uGUpjFlf,2016-10-15 19:01:29,
号外配ってる (@ 浦和駅 in さいたま市 埼玉県) https://t.co/Vk3sG5YUxM,2016-10-15 19:15:38,
勝ち点3とって凱旋帰国しました本当にほっとしてます浦和レッズは1部でやる使命があるんです @ JR浦和駅 https://t.co/Xl5ASaGruf,2016-10-15 19:16:02,
帰りまーす！皆様、素敵な夜を！ (@ 浦和駅 in さいたま市 埼玉県) https://t.co/KuNvA3cwJF,2016-10-15 19:46:05,
I'm at 浦和駅 in さいたま市 埼玉県 https://t.co/hBti2Jwtpp,2016-10-15 20:00:26,
I'm at 浦和駅 in さいたま市 埼玉県 https://t.co/Ku22wArLhx,2016-10-15 20:14:48,
春日部市民ですが、試合後、浦和の街に号外をもらいに行ってきました。#urawareds #ybclevaincup #優勝 @ Urawa Station https://t.co/osVIgRm9zs,2016-10-15 20:15:01,
帰りまーす。 (@ 浦和駅 in さいたま市 埼玉県) https://t.co/cBQ9lQNMFJ,2016-10-15 21:09:30,
I'm at 浦和駅 in さいたま市 埼玉県 https://t.co/GT5R9ZKQQR,2016-10-15 21:34:48,
町は燃えているか (@ 浦和駅 in さいたま市 埼玉県) https://t.co/y0TUpN7K9H,2016-10-15 21:51:24,
I'm at 浦和駅 in さいたま市 埼玉県 https://t.co/kTcTjOwyPG,2016-10-15 22:29:05,
号外GET！#埼玉新聞 #朝日新聞 #号外 #浦和レッズ #ルヴァン杯 @ 浦和駅西口 https://t.co/96Pc6AQVyC,2016-10-15 23:23:38,
I'm at 浦和駅 in さいたま市 埼玉県 https://t.co/7wQ1YEhyB0,2016-10-16 06:18:59,
I'm at 浦和駅 in さいたま市 埼玉県 https://t.co/QLBuwKQi99,2016-10-16 09:38:15,
奈加師匠の技を堪能しに緊美研へ向かう (@ 浦和駅 in さいたま市 埼玉県) https://t.co/XZ00Mcejpb,2016-10-16 10:48:40,
I'm at 浦和駅 in さいたま市 埼玉県 https://t.co/Y3aEAvW7JL,2016-10-16 11:19:57,
I'm at 浦和駅 in さいたま市 埼玉県 https://t.co/OMPh0FRX1b,2016-10-16 11:33:21,
I'm at 浦和駅 in さいたま市 埼玉県 https://t.co/wqw8V6zKAH,2016-10-16 11:59:18,
I'm at 浦和駅 in さいたま市 埼玉県 https://t.co/Nn1DP3YsSC,2016-10-16 12:03:55,
通過〜 楽しい週末をありがとう。 (@ 浦和駅 in さいたま市 埼玉県) https://t.co/jhNzqkwT9w,2016-10-16 12:10:15,
I'm at 浦和駅 in さいたま市 埼玉県 https://t.co/75XT2rIpjX,2016-10-16 12:20:29,
I'm at 浦和駅 in さいたま市 埼玉県 https://t.co/hS0AExvBn1,2016-10-16 19:42:01,
@BOKUNO_MARINA うんwだからもう食べないことにした(笑),2016-10-16 20:06:56,
I'm at 浦和駅 in さいたま市 埼玉県 https://t.co/vY6ee26iAK,2016-10-16 21:28:13,
帰宅ー！ (@ 浦和駅 in さいたま市 埼玉県) https://t.co/3CblVnfwM8,2016-10-16 21:45:54,
暇 (@ 浦和駅 in さいたま市 埼玉県) https://t.co/57kY5Mk2T1,2016-10-17 03:47:34,
おはようございます！定期が切れていて且つ忘れていたので買い直しました。 (@ 浦和駅 in さいたま市 埼玉県 w/ @kazu6179) https://t.co/B81OB4xHef,2016-10-17 07:23:59,
I'm at 浦和駅 in さいたま市 埼玉県 w/ @kazu6179 @monyurun https://t.co/TUqlhdvDgH,2016-10-17 07:37:42,
とりあえず１冊GET? @ Urawa Station https://t.co/lFgFbJtztf,2016-10-17 08:17:34,
I'm at 浦和駅 in さいたま市 埼玉県 https://t.co/9djLTBqijG,2016-10-17 09:30:41,
行動開始(:3_ヽ)_ (@ 浦和駅 in さいたま市 埼玉県) https://t.co/aiiN2IGTfC,2016-10-17 09:33:55,
I'm at 浦和駅 in さいたま市 埼玉県 https://t.co/GRSa0MJnFy,2016-10-17 13:19:53,
I'm at 浦和駅 in さいたま市 埼玉県 https://t.co/g3EzRyLVu6,2016-10-17 13:24:43,
I'm at Urawa Station in さいたま市 埼玉県 https://t.co/vQa4JXXOI7,2016-10-17 15:39:04,
I'm at 浦和駅 in さいたま市 埼玉県 https://t.co/Fu33XExzod,2016-10-17 19:12:49,
I'm at 浦和駅 in さいたま市 埼玉県 https://t.co/RWOeBDyXs1,2016-10-17 20:53:33,
おはようございます！いい天気ですなあ (@ 浦和駅 in さいたま市 埼玉県 w/ @kenji710 @kazu6179) https://t.co/FoCiVsViqI,2016-10-18 07:25:54,
I'm at 浦和駅 in さいたま市 埼玉県 https://t.co/5e4U1GIZHV,2016-10-18 10:56:15,
I'm at 浦和駅 in さいたま市 埼玉県 https://t.co/OWcANUFq80,2016-10-18 11:12:35,
I'm at 浦和駅 in さいたま市 埼玉県 https://t.co/hDRyOJsHXF,2016-10-18 17:05:23,
I'm at 浦和駅 in さいたま市 埼玉県 https://t.co/9nJzzoaX11,2016-10-18 17:41:54,
I'm at PRONTO アトレ浦和店 in さいたま市 埼玉県 https://t.co/JEQkzN1cCV,2016-10-18 18:13:42,
I'm at 浦和駅 in さいたま市 埼玉県 https://t.co/okCxnBceIr,2016-10-18 19:32:45,
ただまー！ (@ 浦和駅 in さいたま市 埼玉県) https://t.co/UhyRxnxdFH,2016-10-18 20:31:50,
?――? ? ? ?――? (@ 浦和駅 in さいたま市 埼玉県) https://t.co/DOI3COAs5V,2016-10-18 21:27:21,
I'm at 浦和駅 in さいたま市 埼玉県 https://t.co/FcXh64wbaj,2016-10-19 00:18:23,
おはようございます。爽やかなお天気です (@ 浦和駅 in さいたま市 埼玉県 w/ @kazu6179) https://t.co/Q74QGVr1rW,2016-10-19 07:20:14,
I'm at 浦和駅 in さいたま市 埼玉県 https://t.co/unGW3uyorG,2016-10-19 10:01:48,
I'm at 浦和駅 in さいたま市 埼玉県 https://t.co/uNKWmcs10u,2016-10-19 12:00:38,
I'm at 浦和駅 in さいたま市 埼玉県 https://t.co/m58smVPeAm,2016-10-19 14:45:16,
I'm at 浦和駅 in さいたま市 埼玉県 https://t.co/SSrvHh47Tb,2016-10-19 16:46:21,
I'm at 浦和駅 in さいたま市 埼玉県 https://t.co/6xvmJt87Gv,2016-10-19 18:48:52,
I'm at 浦和駅 in さいたま市 埼玉県 https://t.co/VNSiMLaIlD,2016-10-19 19:08:37,
I'm at 浦和駅 in さいたま市 埼玉県 https://t.co/3FUzQOGwmC,2016-10-19 20:28:52,
おはようございます。やっと木曜日 (@ 浦和駅 in さいたま市 埼玉県 w/ @kazu6179) https://t.co/YpzZvkxpir,2016-10-20 07:28:26,
I'm at 浦和駅 in さいたま市 埼玉県 https://t.co/1Al2XVdjDO,2016-10-20 07:30:28,
I'm at 浦和駅 in さいたま市 埼玉県 w/ @kazu6179 @monyurun https://t.co/gK21k8xvrJ,2016-10-20 07:41:49,
I'm at 浦和駅 in さいたま市 埼玉県 https://t.co/3wba6CnfE0,2016-10-20 08:22:59,
I'm at 浦和駅 in さいたま市 埼玉県 https://t.co/xZ60DLYrOf,2016-10-20 11:15:47,
I'm at 浦和駅 in さいたま市 埼玉県 https://t.co/R3myxTKzUw,2016-10-20 16:06:09,
I'm at 浦和駅 in さいたま市 埼玉県 https://t.co/puCkdCvfTQ,2016-10-20 16:48:21,
I'm at 浦和駅 in さいたま市 埼玉県 https://t.co/wGi3RRCMeA,2016-10-20 17:20:51,
I'm at 浦和駅 in さいたま市 埼玉県 https://t.co/Lr0oDX6r7E,2016-10-20 17:24:51,
寄り道 (@ 浦和駅 in さいたま市 埼玉県) https://t.co/RpTull94vn,2016-10-20 18:54:38,
飲んだけど、まんま小枝でした。美味しい♪ @ Urawa Station https://t.co/IwVlVFNvht,2016-10-20 18:56:39,
調ちゃん (@ 浦和駅 in さいたま市 埼玉県) https://t.co/sNRIWytYpj,2016-10-20 19:08:21,
やっと浦和 @ Urawa Station https://t.co/DBXRbDh2S4,2016-10-21 01:23:15,
おはようございます。ああ、ようやく金曜日だ…。 (@ 浦和駅 in さいたま市 埼玉県 w/ @kazu6179) https://t.co/Jd216PuKf7,2016-10-21 07:25:17,
I'm at 浦和駅 in さいたま市 埼玉県 w/ @kazu6179 @monyurun @tazaki_desu https://t.co/bvAvzyudwK,2016-10-21 07:45:32,
I'm at 浦和駅 in さいたま市 埼玉県 https://t.co/O3DWhamy2v,2016-10-21 12:01:14,
I'm at 浦和駅 in さいたま市 埼玉県 https://t.co/sLRCwWqGMc,2016-10-21 13:08:45,
かわいい！紛らわしい！ @ Urawa Station https://t.co/fNI6g2fbHy,2016-10-21 16:06:53,
I'm at 浦和駅 in さいたま市 埼玉県 https://t.co/Fl8JtHQxRs,2016-10-21 18:02:14,
I'm at 浦和駅 in さいたま市 埼玉県 https://t.co/UkAAJYyXhv,2016-10-21 19:18:31,
浦和も居酒屋増えたなあ (@ 浦和駅 in さいたま市 埼玉県) https://t.co/ggTVsH6O8d,2016-10-21 21:04:02,
?――? ? ? ?――? (@ 浦和駅 in さいたま市 埼玉県) https://t.co/qbFgofUe0X,2016-10-21 21:53:10,
I'm at 浦和駅 in さいたま市 埼玉県 https://t.co/hYvCVOcLPm,2016-10-21 23:02:15,
I'm at 浦和駅 in さいたま市 埼玉県 https://t.co/P7s33UMHkU,2016-10-21 23:46:19,
出陣！ (@ 浦和駅 in さいたま市 埼玉県) https://t.co/MJheZJNkAN,2016-10-22 07:02:07,
I'm at 浦和駅 in さいたま市 埼玉県 https://t.co/snnOzPaeMm,2016-10-22 11:33:55,
I'm at 浦和駅 in さいたま市 埼玉県 https://t.co/9cKCIdIDLR,2016-10-22 12:15:19,
I'm at 浦和駅 3-4番線ホーム - @jreast_official in さいたま市 埼玉県 https://t.co/oujKVpOL7l,2016-10-22 12:15:35,
I'm at 浦和駅 1-2番線ホーム - @jreast_official in さいたま市 埼玉県 https://t.co/unpWu41Cwf,2016-10-22 12:16:04,
今シーズン初のロンパン#ATHLETA #nike @ Urawa Station https://t.co/d1jjr0fQhT,2016-10-22 12:30:09,
I'm at 浦和駅 in さいたま市 埼玉県 https://t.co/MeGHQxB39G,2016-10-22 12:39:22,
I'm at 浦和駅 in さいたま市 埼玉県 https://t.co/KDkevM68Jo,2016-10-22 13:01:01,
I'm at 浦和駅 in さいたま市 埼玉県 https://t.co/x2e8AFUqBw,2016-10-22 13:14:05,
I'm at 浦和駅 in さいたま市 埼玉県 https://t.co/SlFNExB5A6,2016-10-22 13:24:41,
定期忘れた…orz (@ 浦和駅 in さいたま市 埼玉県) https://t.co/pfxQ3UYJsd,2016-10-22 14:08:21,
I'm at 浦和駅 in さいたま市 埼玉県 https://t.co/aM3XgqeFdU,2016-10-22 14:12:29,
I'm at 浦和駅 1-2番線ホーム - @jreast_official in さいたま市 埼玉県 https://t.co/5WMUOH5mKc,2016-10-22 14:12:41,
I'm at 浦和駅 in さいたま市 埼玉県 https://t.co/Isu6GBchun,2016-10-22 14:44:38,
I'm at 浦和駅 in さいたま市 埼玉県 https://t.co/CdVcN7Rnan,2016-10-22 15:04:11,
I'm at 浦和駅 in さいたま市 埼玉県 https://t.co/MmfOmppAuu,2016-10-22 15:36:06,
I'm at 浦和駅 in さいたま市 埼玉県 https://t.co/Uw9x8hq2mY,2016-10-22 15:44:25,
(通過するだけ) (@ 浦和駅 in さいたま市 埼玉県) https://t.co/tlu7MemSBr,2016-10-22 16:20:36,
I'm at 浦和駅 in さいたま市 埼玉県 https://t.co/YfM2f9aK9k,2016-10-22 16:43:15,
大宮ではなく浦和でのりかえ（←ここ大事！） (@ 浦和駅 in さいたま市 埼玉県) https://t.co/n1WcGrLNMa,2016-10-22 17:23:21,
I'm at 浦和駅 1-2番線ホーム in さいたま市 埼玉県 https://t.co/MUPWbe7sn0,2016-10-22 18:45:30,
I'm at 浦和駅 in さいたま市 埼玉県 https://t.co/Hn7GA3pp37,2016-10-22 18:46:52,
I'm at 浦和駅 in さいたま市 埼玉県 https://t.co/mrjEFFyf1h,2016-10-22 20:40:26,
帰浦。あと２試合、目標を持って戦うことができる幸せ。今日は勝利の余韻に浸ろう。 (@ 浦和駅 in さいたま市 埼玉県) https://t.co/HmdIevMTvf,2016-10-22 20:40:49,
I'm at 浦和駅 in さいたま市 埼玉県 https://t.co/pXHYfDGhBc,2016-10-22 21:14:58,
I'm at 浦和駅 in さいたま市 埼玉県 https://t.co/FP0rIn9puH,2016-10-22 21:39:03,
I'm at 浦和駅 1-2番線ホーム in さいたま市 埼玉県 https://t.co/VzVSOITCxA,2016-10-22 21:39:15,
I'm at 浦和駅 in さいたま市 埼玉県 https://t.co/8foKe0HxDt,2016-10-23 06:31:11,
I'm at 浦和駅 in さいたま市 埼玉県 https://t.co/Ca1CdK6N8I,2016-10-23 08:18:38,
I'm at 浦和駅 1-2番線ホーム - @jreast_official in さいたま市 埼玉県 https://t.co/9JNO6T1yN9,2016-10-23 10:11:27,
I'm at 浦和駅 in さいたま市 埼玉県 https://t.co/i82WmMCYUa,2016-10-23 10:49:18,
I'm at 浦和駅 in さいたま市 埼玉県 https://t.co/yfpSJ47cN0,2016-10-23 11:23:51,
I'm at 浦和駅 in さいたま市 埼玉県 https://t.co/zI8SnB1tUC,2016-10-23 11:35:26,
真上を通過 @ JR浦和駅 https://t.co/h40Wp4kST6,2016-10-23 11:50:12,
通過 @ JR浦和駅 https://t.co/tZDkeIYOyS,2016-10-23 11:50:41,
浦和着いたんやけどマッチデー売り切れてるフラグ無い？ (@ 浦和駅 in さいたま市 埼玉県) https://t.co/tyKZOl2ucZ,2016-10-23 12:00:40,
なう。 (@ 浦和駅 in さいたま市 埼玉県) https://t.co/5oGAomHKeS,2016-10-23 12:02:35,
I'm at 浦和駅 in さいたま市 埼玉県 https://t.co/781XUGcI8F,2016-10-23 12:06:11,
結局こっち。 (@ 浦和駅 in さいたま市 埼玉県) https://t.co/AviMIi1D7X,2016-10-23 12:25:27,
I'm at 浦和駅 in さいたま市 埼玉県 https://t.co/KwLUtxdalO,2016-10-23 12:41:41,
I'm at 浦和駅 1-2番線ホーム - @jreast_official in さいたま市 埼玉県 https://t.co/wmqNsdl51z,2016-10-23 12:52:13,
I'm at 浦和駅 in さいたま市 埼玉県 https://t.co/petOprcQ4Z,2016-10-23 12:52:20,
I'm at 浦和駅 in さいたま市 埼玉県 https://t.co/5A6uvO6OG1,2016-10-23 13:38:53,
I'm at 浦和駅 in さいたま市 埼玉県 https://t.co/A4ild4SDFS,2016-10-23 15:54:04,
レッズバスに遭遇したので、良い事がある事を期待！o(^_-)O (@ 浦和駅 in さいたま市 埼玉県) https://t.co/JzFUnSlIlt,2016-10-23 16:00:12,
あっ！まとめた写真忘れた！^ - ^ (@ 浦和駅 in さいたま市 埼玉県) https://t.co/tkBu3Ev4v3 https://t.co/HzGkaqglpj,2016-10-23 16:01:10,
あっ！帰りも寄るつもりだったが忘れた。。＿|￣|○ (@ 浦和駅 in さいたま市 埼玉県) https://t.co/6C297OW8AF,2016-10-23 16:05:41,
えっと。。ここに寄るのです。 (@ 浦和駅 in さいたま市 埼玉県) https://t.co/bYF7hzjKLv https://t.co/9eJGkmYJHh,2016-10-23 16:06:25,
I'm at 成城石井 アトレ浦和店 in さいたま市 埼玉県 https://t.co/itfo4NQSUR,2016-10-23 16:30:25,
I'm at 浦和駅 in さいたま市 埼玉県 https://t.co/ynke8i6tIN,2016-10-23 18:58:41,
帰玉 (@ 浦和駅 in さいたま市 埼玉県) https://t.co/Z91OgbNBnc,2016-10-23 19:53:25,
I'm at 浦和駅 in さいたま市 埼玉県 https://t.co/vaMsIexipZ,2016-10-23 20:05:32,
I'm at 浦和駅 1-2番線ホーム in さいたま市 埼玉県 https://t.co/FH2HX7gXud,2016-10-23 21:00:08,
I'm at 浦和駅 in さいたま市 埼玉県 https://t.co/m9gnSdA0TK,2016-10-24 06:48:10,
おはようございます！結構寒いなあ (@ 浦和駅 in さいたま市 埼玉県 w/ @kazu6179) https://t.co/ldHl6AxQ47,2016-10-24 07:11:22,
I'm at 浦和駅 in さいたま市 埼玉県 https://t.co/uqj1inoiQZ,2016-10-24 13:39:42,
I'm at 浦和駅 in さいたま市 埼玉県 https://t.co/rbAYLRPzFH,2016-10-24 17:18:44,
I'm at 浦和駅 in さいたま市 埼玉県 https://t.co/RhUzcRsOtf,2016-10-24 22:40:41,
I'm at 浦和駅 in さいたま市 埼玉県 w/ @omaaaaameme https://t.co/2bO0hZ5pN2,2016-10-24 23:28:53,
?――? ? ? ?――? (@ 浦和駅 in さいたま市 埼玉県) https://t.co/T9U7zdf5gS,2016-10-25 01:03:06,
この時間なら、こういう選択。 (@ 浦和駅 in さいたま市 埼玉県) https://t.co/ACcaPylbyP https://t.co/rs02uzdXLB,2016-10-25 04:30:30,
おはようございます。遅延の影響か、ホームにすごい人が。 (@ 浦和駅 in さいたま市 埼玉県 w/ @kazu6179) https://t.co/bRtqTNkQnl,2016-10-25 07:19:29,
I'm at 浦和駅 in さいたま市 埼玉県 https://t.co/i3WfXuIBkw,2016-10-25 11:41:42,
I'm at 浦和駅 in さいたま市 埼玉県 https://t.co/EZbq2E7kIH,2016-10-25 15:00:06,
I'm at 浦和駅 in さいたま市 埼玉県 https://t.co/tM6iG5BQDW,2016-10-25 17:55:20,
I'm at 浦和駅 in さいたま市 埼玉県 https://t.co/cBZi6jl3po,2016-10-25 20:03:44,
I'm at 浦和駅 in さいたま市 埼玉県 https://t.co/LYVeXjY8uI,2016-10-25 20:53:15,
?――? ? ? ?――? (@ 浦和駅 in さいたま市 埼玉県) https://t.co/UCtOi1w7Uk,2016-10-25 22:04:03,
コーヒーを飲む暇があるなら、必死モードではない…と思う。 @ JR浦和駅 https://t.co/FWvVErXhmF,2016-10-25 22:13:33,
なぜか今朝はちょくちょく高円寺に飛ばされます。おはようございます。 (@ 浦和駅 in さいたま市 埼玉県 w/ @kazu6179) https://t.co/kyCfHBAfS1,2016-10-26 07:20:30,
I'm at 浦和駅 in さいたま市 埼玉県 https://t.co/PfRSPCYllH,2016-10-26 07:24:27,
I'm at 浦和駅 in さいたま市 埼玉県 w/ @kazu6179 @monyurun https://t.co/IK8DUSqbJP,2016-10-26 07:45:08,
I'm at 浦和駅 in さいたま市 埼玉県 w/ @monyurun https://t.co/C7Z5vlXOsR,2016-10-26 09:26:45,
さて仙台に帰るかの (@ 浦和駅 in さいたま市 埼玉県) https://t.co/HxMiNRw2XO,2016-10-26 11:33:14,
I'm at 浦和駅 in さいたま市 埼玉県 https://t.co/BCbOBhxkS0,2016-10-26 11:35:39,
2nd day in Saitama exactly a year ago. @ Urawa Station https://t.co/C9hJf8uto6,2016-10-26 12:46:07,
今いる場所の意味。あらためて考える。#やる気 #やる気スイッチ #スキマスイッチ #ボクノート #一番 #好きな #歌 @ Urawa Station https://t.co/TNHlPeeypK,2016-10-26 13:09:31,
浦和駅で福島産直市やるー！末廣も榮川も買える！ @ JR浦和駅 https://t.co/OjHaXx7IHs,2016-10-26 19:21:03,
I'm at 浦和駅 in さいたま市 埼玉県 https://t.co/eVew2VGRVG,2016-10-26 20:47:40,
久しぶりの始発…やっぱり混んでるε-(´・｀) @ Urawa Station https://t.co/NwiyH3TDPb,2016-10-27 04:38:34,
I'm at 浦和駅 in さいたま市 埼玉県 https://t.co/kEXj0FLSuJ,2016-10-27 07:11:03,
おはようございます。 (@ 浦和駅 5-6番線ホーム in さいたま市 埼玉県) https://t.co/pGzUldSTt0,2016-10-27 07:37:11,
I'm at 浦和駅 in さいたま市 埼玉県 w/ @kazu6179 https://t.co/qTy2tOUB0H,2016-10-27 07:43:23,
9:23発熱海行きにて出発(^^) (@ 浦和駅 3-4番線ホーム - @jreast_official in さいたま市 埼玉県) https://t.co/40q6XEmHGc,2016-10-27 09:23:44,
I'm at 浦和駅 in さいたま市 埼玉県 https://t.co/QgUI5ldEia,2016-10-27 11:29:25,
I'm at 浦和駅 in さいたま市 埼玉県 https://t.co/b8fVcivTxV,2016-10-27 13:48:03,
頭痛。 (@ 浦和駅 in さいたま市 埼玉県) https://t.co/Su8MXCG4kh,2016-10-27 15:47:07,
I'm at 浦和駅 in さいたま市 埼玉県 https://t.co/EyCzp5NNnj,2016-10-27 16:04:47,
久しぶりに浦和に来た。いろんなお店が入れ替わってる。 (@ Urawa Station in さいたま市 埼玉県) https://t.co/frOlPqBQji,2016-10-27 16:22:03,
I'm at 浦和駅 in さいたま市 埼玉県 https://t.co/lHt9vG2WAy,2016-10-27 17:14:16,
I'm at 浦和駅 in さいたま市 埼玉県 w/ @yazzy1973 https://t.co/UQlj00eNwd,2016-10-27 19:16:54,
?――? ? ? ?――? (@ 浦和駅 in さいたま市 埼玉県) https://t.co/hUI3oGX6Kw,2016-10-27 21:31:31,
おーはよーうございますー (@ 浦和駅 in さいたま市 埼玉県 w/ @kazu6179) https://t.co/2xUeI7Xkjz,2016-10-28 07:23:38,
I'm at 浦和駅 in さいたま市 埼玉県 https://t.co/WDu6UBFUhR,2016-10-28 07:28:09,
I'm at 浦和駅 in さいたま市 埼玉県 w/ @kazu6179 @monyurun https://t.co/r8IkkuqbSs,2016-10-28 07:45:16,
I'm at 浦和駅 in さいたま市 埼玉県 https://t.co/GzZU9rrxK5,2016-10-28 16:57:20,
ファーストサイン講師のためのブラッシュアップセミナーin埼玉でした?皆さま、お疲れさまでした！.#ファーストサイン #ファーストサイン講師 #ロイヤルセラピスト協会 #RTA認定講師… https://t.co/0syftX47CU,2016-10-28 18:05:15,
I'm at 浦和駅 in さいたま市 埼玉県 https://t.co/EB7inWvTzw https://t.co/vWCuA5lunG,2016-10-28 18:27:33,
雑っw#浦和駅#京浜東北線ホーム#1番線#手書きの乗り場 @ Urawa Station https://t.co/iJ3N0qP0O5,2016-10-28 20:15:09,
I'm at 浦和駅 in さいたま市 埼玉県 https://t.co/Q3UKfsVz5n,2016-10-28 20:20:17,
I'm at 浦和駅 in さいたま市 埼玉県 https://t.co/kWmyapeADD,2016-10-28 20:29:23,
I'm at 浦和駅 in さいたま市 埼玉県 https://t.co/xcrsDxNLri,2016-10-28 21:32:59,
久保田未夢さん (@ 浦和駅 in さいたま市 埼玉県) https://t.co/avojqu3Bz8,2016-10-28 21:39:41,
?――? ? ? ?――? (@ 浦和駅 in さいたま市 埼玉県) https://t.co/9tp3JF855v,2016-10-28 22:58:23,
Day 21: I'm late on this one and that is kind of upsetting. I had been thinking about what I… https://t.co/AdLv4cTi1Y,2016-10-29 08:43:56,
I'm at 浦和駅 in さいたま市 埼玉県 https://t.co/PY1L6khrlP,2016-10-29 09:00:32,
I'm at NEWDAYS 浦和改札内 - @newdays_jp in さいたま市 埼玉県 https://t.co/9uAM7mzDaN,2016-10-29 09:03:46,
I'm at 浦和駅 3-4番線ホーム - @jreast_official in さいたま市 埼玉県 https://t.co/6mvs9Wcw3V,2016-10-29 09:43:22,
I'm at 浦和駅 in さいたま市 埼玉県 https://t.co/4cFI94TvLO,2016-10-29 10:26:46,
I'm at 浦和駅 in さいたま市 埼玉県 https://t.co/pj8isKK55V,2016-10-29 10:37:09,
I'm at 浦和駅 in さいたま市 埼玉県 https://t.co/2hnKDygWbD,2016-10-29 10:41:48,
出張しうりょう。さぁ職場へorz (@ 浦和駅 in さいたま市 埼玉県) https://t.co/rxpofMT2bw,2016-10-29 11:52:21,
会津の酒、物色してウハウハになってる。 (@ 浦和駅 in さいたま市 埼玉県) https://t.co/0SkYgzjVHl,2016-10-29 12:03:04,
I'm at 浦和駅 in さいたま市 埼玉県 w/ @radiojyo https://t.co/nCEHmlmwxE,2016-10-29 12:20:43,
着弾 (@ 浦和駅 in さいたま市 埼玉県) https://t.co/1FP84ulSbE,2016-10-29 12:31:59,
I'm at 浦和駅 in さいたま市 埼玉県 w/ @shouei0813 https://t.co/vyhvDBQh0m,2016-10-29 12:50:30,
I'm at 浦和駅 in さいたま市 埼玉県 https://t.co/KYz1ZrYP0o,2016-10-29 12:52:37,
I'm at 浦和駅 in さいたま市 埼玉県 https://t.co/6BQjFMIUOX,2016-10-29 15:04:34,
I'm at 浦和駅 in さいたま市 埼玉県 https://t.co/UhyzjJZ6Dl,2016-10-29 17:25:42,
I'm at 浦和駅 in さいたま市 埼玉県 https://t.co/7NDYez8xXg,2016-10-29 17:49:53,
I'm at 浦和駅 in さいたま市 埼玉県 https://t.co/Ule9qDmRIu https://t.co/NgeFEXxZ1W,2016-10-29 17:55:24,
I'm at 浦和駅 in さいたま市 埼玉県 https://t.co/QvrGtdoXgh,2016-10-29 18:11:37,
寒い (@ 浦和駅 in さいたま市 埼玉県) https://t.co/nZpNGxZRvE,2016-10-29 18:34:40,
おれもついに号外をもらう日がきた笑武藤雄樹が1面ですよ笑 @ Urawa Station https://t.co/JTc2hqk4mU,2016-10-29 18:56:26,
I'm at 浦和駅 in さいたま市 埼玉県 w/ @kiparis564 https://t.co/2YoSL8BJM0,2016-10-29 19:05:21,
I'm at 浦和駅 in さいたま市 埼玉県 https://t.co/xZqNiE2eE8,2016-10-29 20:26:02,
レッズ優勝#浦和ざわつき気味 #うなこも祝福 #とりあえずおめ @ Urawa Station https://t.co/EO5nb4w017,2016-10-29 20:35:48,
I'm at 浦和駅 in さいたま市 埼玉県 https://t.co/cypswGaYFm,2016-10-30 08:03:57,
軽量化完了！ (@ 浦和駅 in さいたま市 埼玉県) https://t.co/vSSCUjKOgS,2016-10-30 09:04:59,
9:11発宇都宮行きにて出発(^^) (@ 浦和駅 3-4番線ホーム - @jreast_official in さいたま市 埼玉県) https://t.co/eT01OHrAAk,2016-10-30 09:07:05,
I'm at 浦和駅 in さいたま市 埼玉県 https://t.co/3RW4LSww5Z,2016-10-30 10:22:43,
I'm at 浦和駅 in さいたま市 埼玉県 https://t.co/T5WEee6JOY,2016-10-30 10:35:49,
しゅっぱーつ！はー (@ 浦和駅 in さいたま市 埼玉県) https://t.co/aDpl8O35Hq,2016-10-30 10:39:11,
I'm at 浦和駅 in さいたま市 埼玉県 https://t.co/KLQEhoYNiG,2016-10-30 10:45:42,
I'm at 浦和駅 in さいたま市 埼玉県 https://t.co/N6AmgaxSRR,2016-10-30 11:31:50,
I'm at 浦和駅 in さいたま市 埼玉県 https://t.co/ldqj7x4cR2,2016-10-30 11:52:56,
いただきます噂の大戸屋ランチ( ^ω^ ) @ JR浦和駅 https://t.co/JMDYtgrjgb,2016-10-30 13:46:01,
迂回 (@ 浦和駅 in さいたま市 埼玉県) https://t.co/H9ADgr35s6,2016-10-30 13:48:36,
うなこちゃんも優勝お祝い @ うなこちゃん https://t.co/fJ1MCZDnVl,2016-10-30 14:29:19,
I'm at アトレ浦和 in さいたま市 埼玉県 https://t.co/FlpJm6JsTi,2016-10-30 15:27:39,
I'm at 浦和駅 in さいたま市 埼玉県 https://t.co/mHZ9M1wGia,2016-10-30 15:49:18,
I'm at 浦和駅 in さいたま市 埼玉県 https://t.co/2NbIGZ8B0p,2016-10-30 16:10:44,
I'm at 浦和駅 in さいたま市 埼玉県 https://t.co/M4GHMiNs93,2016-10-30 16:59:08,
I'm at 浦和駅 in さいたま市 埼玉県 https://t.co/8oIu5AslCq,2016-10-30 17:05:32,
I'm at 浦和駅 in さいたま市 埼玉県 https://t.co/VgSKJrzxBc,2016-10-30 19:34:41,
I'm at 浦和駅 in さいたま市 埼玉県 https://t.co/oXyLoCuVqf,2016-10-30 20:37:49,
今晩はこの辺にしといたろか (@ 浦和駅 in さいたま市 埼玉県) https://t.co/TvhH3yxI0f,2016-10-30 22:12:26,
すっかり寒くなってきましたね。おはようございます。 (@ 浦和駅 in さいたま市 埼玉県 w/ @kazu6179) https://t.co/xMGDJIN9I3,2016-10-31 07:18:40,
I'm at 浦和駅 in さいたま市 埼玉県 https://t.co/nfKNiV9ySW,2016-10-31 13:00:13,
かいそく (@ 浦和駅 in さいたま市 埼玉県) https://t.co/9rZjzz8mcZ,2016-10-31 16:48:03,
I'm at 浦和駅 in さいたま市 埼玉県 https://t.co/fHl8OSEt29,2016-10-31 16:55:28,
I'm at 浦和駅 in さいたま市 埼玉県 https://t.co/0v7zeNpwpO,2016-10-31 17:51:03,
I'm at 浦和駅 in さいたま市 埼玉県 https://t.co/D8eOj8rzzE,2016-10-31 18:33:30,
I'm at 浦和駅 in さいたま市 埼玉県 https://t.co/8jmlH2COcE,2016-10-31 18:48:22,
I'm at 浦和駅 in さいたま市 埼玉県 https://t.co/LOcp00cAax,2016-10-31 18:48:26,
買い物して帰ろう (@ アトレ浦和 in さいたま市 埼玉県) https://t.co/29jPBFdD7T,2016-10-31 19:12:47,
うなこちゃんが持つ団扇の赤色が変わった！がハロウィン当日でも地元の街中は普段と変わらない風景,2016-10-31 23:50:43,
うなこちゃんが持つ団扇の赤色が変わった！がハロウィン当日でも地元の街中は普段と変わらない風景,2016-10-31 23:53:23,
